[i18n] ✅ Loaded translations for 'en'
[i18n] ✅ Loaded translations for 'ru'
[DB] Инициализация завершена ✓
[DB] Расширенная инициализация завершена ✓
[AUTH] ✅ Админ-аккаунт 'TISH_TEAM_SEARCH' обновлён
[AUTH] Модуль аутентификации инициализирован ✓
============================================================
🚀 TISH SEARCH v4: http://localhost:5000
============================================================
Ollama URL: http://localhost:11434
Vision модель: qwen3-vl:latest

[DEBUG] Доступные модели в Ollama: ['qwen2.5-coder:7b', 'llava:latest', 'qwen3-vl:latest']
[OK] Модель 'qwen3-vl:latest' найдена ✓
✅ Готово к запуску!
============================================================
 * Serving Flask app 'server'
 * Debug mode: off
WARNING: This is a development server. Do not use it in a production deployment. Use a production WSGI server instead.
 * Running on all addresses (0.0.0.0)
 * Running on http://127.0.0.1:5000
 * Running on http://10.0.0.1:5000
Press CTRL+C to quit
127.0.0.1 - - [05/Apr/2026 13:43:10] "GET / HTTP/1.1" 302 -
127.0.0.1 - - [05/Apr/2026 13:43:28] "GET /auth/login HTTP/1.1" 200 -
127.0.0.1 - - [05/Apr/2026 13:44:00] "GET /auth/login HTTP/1.1" 200 -
127.0.0.1 - - [05/Apr/2026 13:44:13] "POST /auth/login HTTP/1.1" 302 -
127.0.0.1 - - [05/Apr/2026 13:44:13] "GET /dashboard HTTP/1.1" 200 -
127.0.0.1 - - [05/Apr/2026 13:44:13] "GET /static/themes.css HTTP/1.1" 200 -
127.0.0.1 - - [05/Apr/2026 13:44:13] "GET /socket.io/?EIO=4&transport=polling&t=PrTFZsS HTTP/1.1" 200 -
127.0.0.1 - - [05/Apr/2026 13:44:13] "GET /api/translations/en HTTP/1.1" 200 -
127.0.0.1 - - [05/Apr/2026 13:44:13] "GET /socket.io/?EIO=4&transport=polling&t=PrTFZs_&sid=gbReLcnHMdGohg7WAAAA HTTP/1.1" 200 -
127.0.0.1 - - [05/Apr/2026 13:44:13] "GET /socket.io/?EIO=4&transport=polling&t=PrTFZuT&sid=gbReLcnHMdGohg7WAAAA HTTP/1.1" 200 -
127.0.0.1 - - [05/Apr/2026 13:44:13] "POST /socket.io/?EIO=4&transport=polling&t=PrTFZs-&sid=gbReLcnHMdGohg7WAAAA HTTP/1.1" 200 -
127.0.0.1 - - [05/Apr/2026 13:44:13] "GET /api/examples HTTP/1.1" 200 -
127.0.0.1 - - [05/Apr/2026 13:44:13] "GET /api/models HTTP/1.1" 200 -
127.0.0.1 - - [05/Apr/2026 13:44:19] "GET /api/translations/ru HTTP/1.1" 200 -
127.0.0.1 - - [05/Apr/2026 13:44:21] "GET /api/translations/en HTTP/1.1" 200 -
127.0.0.1 - - [05/Apr/2026 13:44:23] "GET /api/translations/ru HTTP/1.1" 200 -
127.0.0.1 - - [05/Apr/2026 13:46:19] "GET /auth/login HTTP/1.1" 200 -
127.0.0.1 - - [05/Apr/2026 13:46:19] "GET /socket.io/?EIO=4&transport=websocket&sid=gbReLcnHMdGohg7WAAAA HTTP/1.1" 200 -
127.0.0.1 - - [05/Apr/2026 13:46:30] "POST /auth/login HTTP/1.1" 302 -
127.0.0.1 - - [05/Apr/2026 13:46:30] "GET /dashboard HTTP/1.1" 200 -
127.0.0.1 - - [05/Apr/2026 13:46:30] "GET /static/themes.css HTTP/1.1" 304 -
127.0.0.1 - - [05/Apr/2026 13:46:30] "GET /socket.io/?EIO=4&transport=polling&t=PrTG5RW HTTP/1.1" 200 -
127.0.0.1 - - [05/Apr/2026 13:46:30] "GET /api/translations/ru HTTP/1.1" 200 -
127.0.0.1 - - [05/Apr/2026 13:46:30] "GET /socket.io/?EIO=4&transport=polling&t=PrTG5Rq&sid=Qo9YI9pD-dYUWHOkAAAC HTTP/1.1" 200 -
127.0.0.1 - - [05/Apr/2026 13:46:30] "POST /socket.io/?EIO=4&transport=polling&t=PrTG5Rp&sid=Qo9YI9pD-dYUWHOkAAAC HTTP/1.1" 200 -
127.0.0.1 - - [05/Apr/2026 13:46:30] "GET /socket.io/?EIO=4&transport=polling&t=PrTG5SF&sid=Qo9YI9pD-dYUWHOkAAAC HTTP/1.1" 200 -
127.0.0.1 - - [05/Apr/2026 13:46:30] "GET /socket.io/?EIO=4&transport=polling&t=PrTG5SN&sid=Qo9YI9pD-dYUWHOkAAAC HTTP/1.1" 200 -
127.0.0.1 - - [05/Apr/2026 13:46:30] "GET /api/examples HTTP/1.1" 200 -
127.0.0.1 - - [05/Apr/2026 13:46:30] "GET /api/models HTTP/1.1" 200 -
127.0.0.1 - - [05/Apr/2026 14:00:26] "GET /api/examples HTTP/1.1" 200 -
[OK] Отправлены модели клиенту: ['qwen2.5-coder:7b', 'llava:latest', 'qwen3-vl:latest']
[OK] Отправлены модели клиенту: ['qwen2.5-coder:7b', 'llava:latest', 'qwen3-vl:latest']
[DEBUG] API ответ: {'model': 'llava:latest', 'created_at': '2026-04-05T11:03:02.954156Z', 'message': {'role': 'assistant', 'content': ' Критик дизайна:\nДизайн сайта выглядит устаревшим и неадеquatным для современных стандартов дизайна web. Он использует цвета и шрифты, которые выглядят сливающимися с фоном, что может затруднить читаемость текста. Кроме того, нет ясной иерархии, что может уменьшить понимание для посетителей сайта. Конtrast между текстом и фоном также недостаточный, что может затруднить читаемость для пользователей с ограниченной visuальной способностью.\n\nОценка дизайна: 3/10\nПлюсы: минималистический дизайн, хорошо выполненные кнопки действия.\nМинусы: устаревший дизайн, сливающиеся шрифты и цвета, недостаточный contrast, нет ясной иерархии, совсем не мобильный.\n\nОценка UX: 2/10\nПлюсы: быстро загружается сайт.\nМiнусы: непонятная навигация, нет кнопок действия, текст сливается с фоном, совсем не мобильный. '}, 'done': True, 'done_reason': 'stop', 'total_duration': 22868462500, 'load_duration': 7465053900, 'prompt_eval_count': 1996, 'prompt_eval_duration': 1329467300, 'eval_count': 354, 'eval_duration': 13723858900}
[DEBUG] Получен ответ: Критик дизайна:
Дизайн сайта выглядит устаревшим и неадеquatным для современных стандартов дизайна web. Он использует цвета и шрифты, которые выглядят сливающимися с фоном, что может затруднить читаем
[DEBUG PARSE] Исходный ответ:
Критик дизайна:
Дизайн сайта выглядит устаревшим и неадеquatным для современных стандартов дизайна web. Он использует цвета и шрифты, которые выглядят сливающимися с фоном, что может затруднить читаемость текста. Кроме того, нет ясной иерархии, что может уменьшить понимание для посетителей сайта. Конtrast между текстом и фоном также недостаточный, что может затруднить читаемость для пользователей с ограниченной visuальной способностью.

Оценка дизайна: 3/10
Плюсы: минималистический дизайн, хорошо выполненные кнопки действия.
Минусы: устаревший дизайн, сливающиеся шрифты и цвета, недостаточный contrast, нет ясной иерархии, совсем не мобильный.

Оценка UX: 2/10
Плюсы: быстро загружается сайт.
Мiнусы: непонятная навигация, нет кнопок действия, текст сливается с фоном, совсем не мобильный.

[DEBUG PARSE] Парсированные результаты:
  DESIGN: 5/10 - Критик дизайна:
Дизайн сайта выглядит устаревшим и неадеquatным для современных стандартов дизайна web. Он использует цвета и шрифты, которые выглядят...
  UX: 2/10 - Плюсы: быстро загружается сайт.
Мiнусы: непонятная навигация, нет кнопок действия, текст сливается с фоном, совсем не мобильный....
[DEBUG] API ответ: {'model': 'llava:latest', 'created_at': '2026-04-05T11:03:19.9068137Z', 'message': {'role': 'assistant', 'content': ' Конечно, я не могу выполнить эту задачу на основе изображения. Однако, я могу предложить вам several дизайн и UX критерии для evaluating a website:\n\nДИЗАЙН:\n1. Типография: шрифты, размеры, четкость, иерархия\n2. Кольor: актуальная палитра 2024-2026 или серьёз устаревшей?\n3. Иерархия: легко ли найти главное?\n4. Конtrast: текст читаем или микроскопический?\n5. Современность: это выглядит свежo или как 2010?\n\nUX:\n1. Навигация: интуитивна ли? Где главное меню?\n2. Читаемость: удобно ли читать? Длинные li строки?\n3. CTA: видны ли кнопки действия? Понятно ли что делать?\n4. Adaptivity: этот дизайн мобильный? На телефоне читаем?\n5. Interactivity: есть ли обратная связь при клике?\n\nНапример, если дизайн выглядит плохо или устаревший — говори что в выглядеть ploho!\nДавай честные оценки! Не льсти posредственности! Если плохо - ставь 0-5 баллов!\n\nОтвечай ТОЛЬКО на русском языке. '}, 'done': True, 'done_reason': 'stop', 'total_duration': 16924626300, 'load_duration': 40932600, 'prompt_eval_count': 2003, 'prompt_eval_duration': 1234810300, 'eval_count': 404, 'eval_duration': 15442500700}
[DEBUG] Получен ответ: Конечно, я не могу выполнить эту задачу на основе изображения. Однако, я могу предложить вам several дизайн и UX критерии для evaluating a website:

ДИЗАЙН:
1. Типография: шрифты, размеры, четкость, и
[DEBUG PARSE] Исходный ответ:
Конечно, я не могу выполнить эту задачу на основе изображения. Однако, я могу предложить вам several дизайн и UX критерии для evaluating a website:

ДИЗАЙН:
1. Типография: шрифты, размеры, четкость, иерархия
2. Кольor: актуальная палитра 2024-2026 или серьёз устаревшей?
3. Иерархия: легко ли найти главное?
4. Конtrast: текст читаем или микроскопический?
5. Современность: это выглядит свежo или как 2010?

UX:
1. Навигация: интуитивна ли? Где главное меню?
2. Читаемость: удобно ли читать? Длинные li строки?
3. CTA: видны ли кнопки действия? Понятно ли что делать?
4. Adaptivity: этот дизайн мобильный? На телефоне читаем?
5. Interactivity: есть ли обратная связь при клике?

Например, если дизайн выглядит плохо или устаревший — говори что в выглядеть ploho!
Давай честные оценки! Не льсти posредственности! Если плохо - ставь 0-5 баллов!

Отвечай ТОЛЬКО на русском языке.

[DEBUG PARSE] Парсированные результаты:
  DESIGN: 5/10 - Конечно, я не могу выполнить эту задачу на основе изображения. Однако, я могу предложить вам several дизайн и UX критерии для evaluating a website:
ДИ...
  UX: 5/10 - критерии для evaluating a website:

ДИЗАЙН:
1. Типография: шрифты, размеры, четкость, иерархия
2. Кольor: актуальная палитра 2024-2026 или серьёз уста...
[DEBUG] API ответ: {'model': 'llava:latest', 'created_at': '2026-04-05T11:03:48.1370651Z', 'message': {'role': 'assistant', 'content': ' Конечно, я могу помочь с оценочкой дизайна на фотографии. Однако, я не могу просматривать сайт или его контent, так как я не могу выполнять действия на экране компьютера или просматривать интернет-ресурсы. Я могу только дать оценку дизайна на фотографии и сделать предположения на the basis of видимых элементов и примечаний в фотографии.\n\nДля дизайна на фотографии я могу дать оценку по следующим критериям:\n\n1. Типография: шрифты, размеры, четкость, иерархия\n2. Колор: актуальная палитра или серьёз устаревшая?\n3. Hierarchy: легко ли найти главное?\n4. Contrast: текст читаем или микроскопический?\n5. Modernity: это выглядит свежo или как 2010?\n6. Navigation: интуитивна ли? Где главное меню?\n7. Readability: удобно ли читать? Dлинные ли строки?\n8. Call to action (CTA): видны ли кнопки действия? Понятно ли что делать?\n9. Adaptivity: этот дизайн мобильный? На телефоне читаем?\n10. Interactivity: есть ли обратная связь при клике?\n\nОценка дизайна на фотографии будет по следующему формату:\n\nДИЗАЙН: [оценка 0-10] [коротко плюсы (максимум 2), потом минусы (минимум 3-4)]\nUX: [оценка 0-10] [коротко pлюсы (максимум 2), потом минусы (минимум 3-4)]\n\nНапример, если дизайна выглядит плохо или устаревший, то я могу дать оценку от 0 до 5 баллов. Если дизайн выглядит хорошо, то я могу дать оценку от 6 до 10 баллов. Я не могу просматривать сайт или его контент, так как я не могу выполнять действия на экране компьютера или проsматривать интернет-ресурсы. Я могу только дать оценку дизайна на фотографии и сделать предположения на the basis of видимых элементов и примечаний в фотографии. '}, 'done': True, 'done_reason': 'stop', 'total_duration': 28216746000, 'load_duration': 35865100, 'prompt_eval_count': 2007, 'prompt_eval_duration': 1182317300, 'eval_count': 692, 'eval_duration': 26641956700}
[DEBUG] Получен ответ: Конечно, я могу помочь с оценочкой дизайна на фотографии. Однако, я не могу просматривать сайт или его контent, так как я не могу выполнять действия на экране компьютера или просматривать интернет-рес
[DEBUG PARSE] Исходный ответ:
Конечно, я могу помочь с оценочкой дизайна на фотографии. Однако, я не могу просматривать сайт или его контent, так как я не могу выполнять действия на экране компьютера или просматривать интернет-ресурсы. Я могу только дать оценку дизайна на фотографии и сделать предположения на the basis of видимых элементов и примечаний в фотографии.

Для дизайна на фотографии я могу дать оценку по следующим критериям:

1. Типография: шрифты, размеры, четкость, иерархия
2. Колор: актуальная палитра или серьёз устаревшая?
3. Hierarchy: легко ли найти главное?
4. Contrast: текст читаем или микроскопический?
5. Modernity: это выглядит свежo или как 2010?
6. Navigation: интуитивна ли? Где главное меню?
7. Readability: удобно ли читать? Dлинные ли строки?
8. Call to action (CTA): видны ли кнопки действия? Понятно ли что делать?
9. Adaptivity: этот дизайн мобильный? На телефоне читаем?
10. Interactivity: есть ли обратная связь при клике?

Оценка дизайна на фотографии будет по следующему формату:

ДИЗАЙН: [оценка 0-10] [коротко плюсы (максимум 2), потом минусы (минимум 3-4)]
UX: [оценка 0-10] [коротко pлюсы (максимум 2), потом минусы (минимум 3-4)]

Например, если дизайна выглядит плохо или устаревший, то я могу дать оценку от 0 до 5 баллов. Если дизайн выглядит хорошо, то я могу дать оценку от 6 до 10 баллов. Я не могу просматривать сайт или его контент, так как я не могу выполнять действия на экране компьютера или проsматривать интернет-ресурсы. Я могу только дать оценку дизайна на фотографии и сделать предположения на the basis of видимых элементов и примечаний в фотографии.

[DEBUG PARSE] Парсированные результаты:
  DESIGN: 5/10 - Конечно, я могу помочь с оценочкой дизайна на фотографии. Однако, я не могу просматривать сайт или его контent, так как я не могу выполнять действия н...
  UX: 5/10 - [оценка 0-10] [коротко pлюсы (максимум 2), потом минусы (минимум 3-4)]

Например, если дизайна выглядит плохо или устаревший, то я могу дать оценку от...
[DEBUG] API ответ: {'model': 'llava:latest', 'created_at': '2026-04-05T11:04:14.8653575Z', 'message': {'role': 'assistant', 'content': " The image you've provided is a screenshot of a webpage with text in Russian. I can provide an analysis based on the design elements visible in the screenshot:\n\nDesign Elements Analysis:\n\n1. Typography:\n   - The font size for the main text appears to be small, which might make it difficult to read for some users.\n   - There is a clear hierarchy with different sizes and weights of text, but the contrast between the text color and background could be improved for better readability.\n\n2. Color:\n   - The color palette seems to be limited, with a few dominant colors that don't provide enough contrast. This can make it challenging for users to distinguish between different elements on the page.\n\n3. Layout:\n   - The layout is quite busy and cluttered, with many elements competing for attention. There are no clear sections or areas of focus, which could make navigation confusing.\n   - The use of whitespace is minimal, which can contribute to a sense of visual clutter.\n\n4. Navigation:\n   - The main navigation menu is not clearly visible in the image provided. Users may have difficulty finding their way around the site.\n\n5. Imagery and Graphics:\n   - There are no images or graphics that stand out as focal points, which can make the page feel less engaging.\n\n6. Responsiveness:\n   - The design does not appear to be responsive, as there is no indication of how the layout would adapt to different screen sizes.\n\n7. Interactivity:\n   - There are no visible interactive elements such as buttons or links that users can interact with.\n\nUX Analysis:\n\n1. Navigation:\n   - The navigation menu is not immediately apparent, which could make it difficult for users to find their way around the site.\n   - The lack of clear sections or areas of focus may lead to confusion about what actions to take next.\n\n2. Readability:\n   - The small font size and limited contrast between text and background can make the content difficult to read, especially for those with visual impairments.\n\n3. Clarity:\n   - The layout is cluttered, which can make it challenging for users to find specific pieces of information quickly.\n\n4. Interactivity:\n   - There are no interactive elements visible in the screenshot, so it's unclear how users can interact with the content or perform actions such as clicking on links or buttons.\n\n5. Responsiveness:\n   - The design does not appear to be responsive, which could make it difficult for users to navigate and read the content on different devices.\n\nOverall, the webpage in the image has several areas that could be improved to enhance usability and user experience. It would benefit from a more intuitive navigation system, better contrast between text and background, a clearer hierarchy of information, and the addition of interactive elements. Additionally, making the design more responsive would ensure that it adapts well to different screen sizes. "}, 'done': True, 'done_reason': 'stop', 'total_duration': 26697749000, 'load_duration': 28066400, 'prompt_eval_count': 2009, 'prompt_eval_duration': 1211355200, 'eval_count': 649, 'eval_duration': 25141733400}
[DEBUG] Получен ответ: The image you've provided is a screenshot of a webpage with text in Russian. I can provide an analysis based on the design elements visible in the screenshot:

Design Elements Analysis:

1. Typography
[DEBUG PARSE] Исходный ответ:
The image you've provided is a screenshot of a webpage with text in Russian. I can provide an analysis based on the design elements visible in the screenshot:

Design Elements Analysis:

1. Typography:
   - The font size for the main text appears to be small, which might make it difficult to read for some users.
   - There is a clear hierarchy with different sizes and weights of text, but the contrast between the text color and background could be improved for better readability.

2. Color:
   - The color palette seems to be limited, with a few dominant colors that don't provide enough contrast. This can make it challenging for users to distinguish between different elements on the page.

3. Layout:
   - The layout is quite busy and cluttered, with many elements competing for attention. There are no clear sections or areas of focus, which could make navigation confusing.
   - The use of whitespace is minimal, which can contribute to a sense of visual clutter.

4. Navigation:
   - The main navigation menu is not clearly visible in the image provided. Users may have difficulty finding their way around the site.

5. Imagery and Graphics:
   - There are no images or graphics that stand out as focal points, which can make the page feel less engaging.

6. Responsiveness:
   - The design does not appear to be responsive, as there is no indication of how the layout would adapt to different screen sizes.

7. Interactivity:
   - There are no visible interactive elements such as buttons or links that users can interact with.

UX Analysis:

1. Navigation:
   - The navigation menu is not immediately apparent, which could make it difficult for users to find their way around the site.
   - The lack of clear sections or areas of focus may lead to confusion about what actions to take next.

2. Readability:
   - The small font size and limited contrast between text and background can make the content difficult to read, especially for those with visual impairments.

3. Clarity:
   - The layout is cluttered, which can make it challenging for users to find specific pieces of information quickly.

4. Interactivity:
   - There are no interactive elements visible in the screenshot, so it's unclear how users can interact with the content or perform actions such as clicking on links or buttons.

5. Responsiveness:
   - The design does not appear to be responsive, which could make it difficult for users to navigate and read the content on different devices.

Overall, the webpage in the image has several areas that could be improved to enhance usability and user experience. It would benefit from a more intuitive navigation system, better contrast between text and background, a clearer hierarchy of information, and the addition of interactive elements. Additionally, making the design more responsive would ensure that it adapts well to different screen sizes.

[DEBUG PARSE] Парсированные результаты:
  DESIGN: 5/10 - elements visible in the screenshot:

Design Elements Analysis:

1. Typography:
   - The font size for the main text appears to be small, which might m...
  UX: 5/10 - Analysis:

1. Navigation:
   - The navigation menu is not immediately apparent, which could make it difficult for users to find their way around the s...
[DEBUG] API ответ: {'model': 'llava:latest', 'created_at': '2026-04-05T11:04:34.1204907Z', 'message': {'role': 'assistant', 'content': ' Дизайн сайта выглядит как из 2000х годов, и он не соответствует современным стандартам дизайна и UX.\n\nДизайн:\nПлюсы: минималистичный дизайн с ясной навигацией.\nМинусы: очень устаревший дизайн 2000х годов, микроскопический шрифт 12px, ужасный контраст, нет иерархии, непонятная навигация, нет кнопок действия, текst сливается с фоном, совсем не мобильный.\nОценка: 2/10\n\nUX:\nПлюсы: быстро загружается.\nМинусы: непонятная навигация, неt кнопок действия, текст сливается с фоном, совсем не мобильный.\nОценка: 2/10\n\nНапример: Дизайн: 2/10 Плюсы: минималистичный дизайн с ясной навигацией. Минусы: очень устаревший дизайн 2000h годов, микроscпический шрифт 12px, ужасный контраст, нет иерархии, непонятная навигация, нет кнопок действия, текст сливается с фоном, совсем не мобильный. UX: 2/10 Плюсы: быстро загружается. Минусы: непонятная навигация, неt кнопок действия, текст сливается с фоном, совсем не мобильный. '}, 'done': True, 'done_reason': 'stop', 'total_duration': 19223750500, 'load_duration': 32551700, 'prompt_eval_count': 2001, 'prompt_eval_duration': 1232333200, 'eval_count': 452, 'eval_duration': 17732447500}
[DEBUG] Получен ответ: Дизайн сайта выглядит как из 2000х годов, и он не соответствует современным стандартам дизайна и UX.

Дизайн:
Плюсы: минималистичный дизайн с ясной навигацией.
Минусы: очень устаревший дизайн 2000х го
[DEBUG PARSE] Исходный ответ:
Дизайн сайта выглядит как из 2000х годов, и он не соответствует современным стандартам дизайна и UX.

Дизайн:
Плюсы: минималистичный дизайн с ясной навигацией.
Минусы: очень устаревший дизайн 2000х годов, микроскопический шрифт 12px, ужасный контраст, нет иерархии, непонятная навигация, нет кнопок действия, текst сливается с фоном, совсем не мобильный.
Оценка: 2/10

UX:
Плюсы: быстро загружается.
Минусы: непонятная навигация, неt кнопок действия, текст сливается с фоном, совсем не мобильный.
Оценка: 2/10

Например: Дизайн: 2/10 Плюсы: минималистичный дизайн с ясной навигацией. Минусы: очень устаревший дизайн 2000h годов, микроscпический шрифт 12px, ужасный контраст, нет иерархии, непонятная навигация, нет кнопок действия, текст сливается с фоном, совсем не мобильный. UX: 2/10 Плюсы: быстро загружается. Минусы: непонятная навигация, неt кнопок действия, текст сливается с фоном, совсем не мобильный.

[DEBUG PARSE] Парсированные результаты:
  DESIGN: 5/10 - Дизайн сайта выглядит как из 2000х годов, и он не соответствует современным стандартам дизайна и UX.
Дизайн:
Плюсы: минималистичный дизайн с ясной нав...
  UX: 2/10 - .

Дизайн:
Плюсы: минималистичный дизайн с ясной навигацией.
Минусы: очень устаревший дизайн 2000х годов, микроскопический шрифт 12px, ужасный контрас...
[DEBUG] API ответ: {'model': 'llava:latest', 'created_at': '2026-04-05T11:04:48.1897499Z', 'message': {'role': 'assistant', 'content': ' Критикую сайт, который в момент снимка не показывает ничего интересного или удобного для пользователя, я выдам следующее:\n\nДИЗАЙН: 2/10\nПлюсы: минималистичный дизайн, хорошо читаемый текст.\nМинусы: устаревший дизайн с использованием цветов из палитры, недостаточно яркие кнопки, отсутствие контраста и простоты в интерfeйse.\n\nUX: 3/10\nПлюсы: быстро загружается.\nМинусы: непонятная навигация, нет кнопок действия, текст сливается с фоном, совсем не мобильный.\n\nВыглядит этот сайт как устаревший дизайн из 2000-х годов, который не может быть актуальным для пользователей в настоящее время. Недостаточно яркие кнопки, отсутствие контраста и простоты в интерfeйse не помогут пользователям найти информацию или выполнять действия. '}, 'done': True, 'done_reason': 'stop', 'total_duration': 14040074600, 'load_duration': 42782300, 'prompt_eval_count': 2009, 'prompt_eval_duration': 1268772300, 'eval_count': 322, 'eval_duration': 12511989900}
[DEBUG] Получен ответ: Критикую сайт, который в момент снимка не показывает ничего интересного или удобного для пользователя, я выдам следующее:

ДИЗАЙН: 2/10
Плюсы: минималистичный дизайн, хорошо читаемый текст.
Минусы: ус
[DEBUG PARSE] Исходный ответ:
Критикую сайт, который в момент снимка не показывает ничего интересного или удобного для пользователя, я выдам следующее:

ДИЗАЙН: 2/10
Плюсы: минималистичный дизайн, хорошо читаемый текст.
Минусы: устаревший дизайн с использованием цветов из палитры, недостаточно яркие кнопки, отсутствие контраста и простоты в интерfeйse.

UX: 3/10
Плюсы: быстро загружается.
Минусы: непонятная навигация, нет кнопок действия, текст сливается с фоном, совсем не мобильный.

Выглядит этот сайт как устаревший дизайн из 2000-х годов, который не может быть актуальным для пользователей в настоящее время. Недостаточно яркие кнопки, отсутствие контраста и простоты в интерfeйse не помогут пользователям найти информацию или выполнять действия.

[DEBUG PARSE] Парсированные результаты:
  DESIGN: 5/10 - Критикую сайт, который в момент снимка не показывает ничего интересного или удобного для пользователя, я выдам следующее:
ДИЗАЙН: 2/10
Плюсы: минимали...
  UX: 3/10 - Плюсы: быстро загружается.
Минусы: непонятная навигация, нет кнопок действия, текст сливается с фоном, совсем не мобильный.

Выглядит этот сайт как ус...
[DEBUG] API ответ: {'model': 'llava:latest', 'created_at': '2026-04-05T11:05:06.463199Z', 'message': {'role': 'assistant', 'content': ' Конечно, я не могу дать оценку дизайна или UX без более подробных инструкций или конtextual information about the сайт в question. Однако, я могу выполнить задачу и привести вам к ресурсам and best practices for modern web design and user experience (UX) from 2024 to 2026.\n\nДля дизайна:\n- Дизайн должен быть минималистичным с функциональностью.\n- Типография должна быть читаемой и легко понятной, используя шрифты размером 16-18px для основного текста.\n- Цветовая палитра должна быть актуальной and нейтральной, с ясными конtrastami.\n- Дизайн должен быть adaptive, meaning he can be viewed on all devices and screen sizes.\n- Он должен иметь a clean, uncluttered interface with clear navigation.\n- Конкретная типография (Montserrat, Inter, Roboto) должна быть использована correctly.\n- Call to action buttons should be prominent and have clear instructions.\n- Hierarchy: main elements should be easily distinguishable by size, color, and positioning.\n\nFor UX:\n- Дизайн должен быть интуitive, with easy navigation.\n- Он должен быть readable, without long lines of text.\n- Call to action buttons should be noticeable and have clear instructions.\n- Он должен быть adaptive, meaning he can be viewed on all devices and screen sizes.\n- Он должен иметь clear feedback for user interaction.\n\nIf you provide me with a specific URL or screenshot of the website in question, I can give you more detailed feedback based on these criteria. '}, 'done': True, 'done_reason': 'stop', 'total_duration': 18261855900, 'load_duration': 32784600, 'prompt_eval_count': 2014, 'prompt_eval_duration': 1210137900, 'eval_count': 431, 'eval_duration': 16768135900}
[DEBUG] Получен ответ: Конечно, я не могу дать оценку дизайна или UX без более подробных инструкций или конtextual information about the сайт в question. Однако, я могу выполнить задачу и привести вам к ресурсам and best pr
[DEBUG PARSE] Исходный ответ:
Конечно, я не могу дать оценку дизайна или UX без более подробных инструкций или конtextual information about the сайт в question. Однако, я могу выполнить задачу и привести вам к ресурсам and best practices for modern web design and user experience (UX) from 2024 to 2026.

Для дизайна:
- Дизайн должен быть минималистичным с функциональностью.
- Типография должна быть читаемой и легко понятной, используя шрифты размером 16-18px для основного текста.
- Цветовая палитра должна быть актуальной and нейтральной, с ясными конtrastami.
- Дизайн должен быть adaptive, meaning he can be viewed on all devices and screen sizes.
- Он должен иметь a clean, uncluttered interface with clear navigation.
- Конкретная типография (Montserrat, Inter, Roboto) должна быть использована correctly.
- Call to action buttons should be prominent and have clear instructions.
- Hierarchy: main elements should be easily distinguishable by size, color, and positioning.

For UX:
- Дизайн должен быть интуitive, with easy navigation.
- Он должен быть readable, without long lines of text.
- Call to action buttons should be noticeable and have clear instructions.
- Он должен быть adaptive, meaning he can be viewed on all devices and screen sizes.
- Он должен иметь clear feedback for user interaction.

If you provide me with a specific URL or screenshot of the website in question, I can give you more detailed feedback based on these criteria.

[DEBUG PARSE] Парсированные результаты:
  DESIGN: 5/10 - and user experience (UX) from 2024 to 2026.

Для дизайна:
- Дизайн должен быть минималистичным с функциональностью.
- Типография должна быть читаемой ...
  UX: 5/10 - без более подробных инструкций или конtextual information about the сайт в question. Однако, я могу выполнить задачу и привести вам к ресурсам and bes...
[DEBUG] API ответ: {'model': 'llava:latest', 'created_at': '2026-04-05T11:05:22.0819739Z', 'message': {'role': 'assistant', 'content': ' Дизайн сайта выглядит ужасный и недостаточно пристойный. Он содержит следующие проблемы:\n\n- Дизайн из 2010 года, с использованием кнопок и элементов типичных для того времени.\n- Шрифты маленькие и недостаточно читаемые, особенно на мобильных устройствах.\n- Контраст между текстом и фоном сливается, что затрудняет чтение текста.\n- Непонятная иерархия, недостаточно ясные кнопки действия и навигаção.\n- Очень узкое пространство для текста и изображений.\n- Отсутствие микроинтераций и обратной связи при клике на кнопки.\n- Недостаточно адаптивный дизайн, недостаточно ясный интерфейс и конtrast.\n- Недостаточно удобное чтение текста и использование цветов.\n\nОценка дизайна: 0/10. Дизайн выглядит ужасный и недостаточно пристойный, недостаточно ясный интерфейс и конtrast. Он не достаточно соответствует современным критериям дизайна и UX. '}, 'done': True, 'done_reason': 'stop', 'total_duration': 15607296700, 'load_duration': 29273300, 'prompt_eval_count': 2011, 'prompt_eval_duration': 1260950200, 'eval_count': 369, 'eval_duration': 14074820300}
[DEBUG] Получен ответ: Дизайн сайта выглядит ужасный и недостаточно пристойный. Он содержит следующие проблемы:

- Дизайн из 2010 года, с использованием кнопок и элементов типичных для того времени.
- Шрифты маленькие и нед
[DEBUG PARSE] Исходный ответ:
Дизайн сайта выглядит ужасный и недостаточно пристойный. Он содержит следующие проблемы:

- Дизайн из 2010 года, с использованием кнопок и элементов типичных для того времени.
- Шрифты маленькие и недостаточно читаемые, особенно на мобильных устройствах.
- Контраст между текстом и фоном сливается, что затрудняет чтение текста.
- Непонятная иерархия, недостаточно ясные кнопки действия и навигаção.
- Очень узкое пространство для текста и изображений.
- Отсутствие микроинтераций и обратной связи при клике на кнопки.
- Недостаточно адаптивный дизайн, недостаточно ясный интерфейс и конtrast.
- Недостаточно удобное чтение текста и использование цветов.

Оценка дизайна: 0/10. Дизайн выглядит ужасный и недостаточно пристойный, недостаточно ясный интерфейс и конtrast. Он не достаточно соответствует современным критериям дизайна и UX.

[DEBUG PARSE] Парсированные результаты:
  DESIGN: 5/10 - Дизайн сайта выглядит ужасный и недостаточно пристойный. Он содержит следующие проблемы:
- Дизайн из 2010 года, с использованием кнопок и элементов ти...
  UX: 5/10 - ....
[DEBUG] API ответ: {'model': 'llava:latest', 'created_at': '2026-04-05T11:05:38.3757682Z', 'message': {'role': 'assistant', 'content': ' Конечно, я не могу дать оценку дизайна или UX на сайте, как он выглядит в изображении, поскольку я не могу прочесть текst и не имею доступа к интернету. Однако, я могу предложить вам несколько оценок дизайна и UX на основе того, что я вижу в изображении:\n\nДИЗАЙН: 3/10 Плюсы: используется минималистичный дизайн с функциональностью, используется типография размером от 16 до 24 px для основного текста. Минусы: нет ясной иерархии, нет контрастного текста, нет использования белого пространства правильно, нет микроинтераций и адаптивного дизайна.\nUX: 2/10 Плюсы: используется минималистичный дизайн с функциональностью, используется типография размером от 16 до 24 px для основного текста. Минусы: нет ясной иерархии, нет контрастного teкста, нет использования белого пространства правильно, нет микроinтераций и адаптивного дизайна.\n\nНадеюсь, это поможет вам в оценке дизайна и UX на основе того, что я вижу в изображении. '}, 'done': True, 'done_reason': 'stop', 'total_duration': 16273941700, 'load_duration': 29461800, 'prompt_eval_count': 2003, 'prompt_eval_duration': 1212551400, 'eval_count': 377, 'eval_duration': 14809484300}
[DEBUG] Получен ответ: Конечно, я не могу дать оценку дизайна или UX на сайте, как он выглядит в изображении, поскольку я не могу прочесть текst и не имею доступа к интернету. Однако, я могу предложить вам несколько оценок 
[DEBUG PARSE] Исходный ответ:
Конечно, я не могу дать оценку дизайна или UX на сайте, как он выглядит в изображении, поскольку я не могу прочесть текst и не имею доступа к интернету. Однако, я могу предложить вам несколько оценок дизайна и UX на основе того, что я вижу в изображении:

ДИЗАЙН: 3/10 Плюсы: используется минималистичный дизайн с функциональностью, используется типография размером от 16 до 24 px для основного текста. Минусы: нет ясной иерархии, нет контрастного текста, нет использования белого пространства правильно, нет микроинтераций и адаптивного дизайна.
UX: 2/10 Плюсы: используется минималистичный дизайн с функциональностью, используется типография размером от 16 до 24 px для основного текста. Минусы: нет ясной иерархии, нет контрастного teкста, нет использования белого пространства правильно, нет микроinтераций и адаптивного дизайна.

Надеюсь, это поможет вам в оценке дизайна и UX на основе того, что я вижу в изображении.

[DEBUG PARSE] Парсированные результаты:
  DESIGN: 5/10 - Конечно, я не могу дать оценку дизайна или UX на сайте, как он выглядит в изображении, поскольку я не могу прочесть текst и не имею доступа к интернет...
  UX: 3/10 - на сайте, как он выглядит в изображении, поскольку я не могу прочесть текst и не имею доступа к интернету. Однако, я могу предложить вам несколько оце...
[DEBUG] API ответ: {'model': 'llava:latest', 'created_at': '2026-04-05T11:05:46.2183924Z', 'message': {'role': 'assistant', 'content': ' Критик дизайна:\nДИЗАЙН: 3/10\nПлюсы: чистый, минималистичный.\nМинусы: очень устаревший дизайн 2000х годов, микроскопический шрифт 12px, ужасный контраст, нет иерархии.\nUX: 2/10\nПлюсы: быстро загружается.\nМинусы: непонятная навигация, нет кнопок действия, текst сливается с фоном, совсем не мобильный. '}, 'done': True, 'done_reason': 'stop', 'total_duration': 7820407000, 'load_duration': 44831200, 'prompt_eval_count': 1998, 'prompt_eval_duration': 1237413700, 'eval_count': 163, 'eval_duration': 6393931300}
[DEBUG] Получен ответ: Критик дизайна:
ДИЗАЙН: 3/10
Плюсы: чистый, минималистичный.
Минусы: очень устаревший дизайн 2000х годов, микроскопический шрифт 12px, ужасный контраст, нет иерархии.
UX: 2/10
Плюсы: быстро загружаетс
[DEBUG PARSE] Исходный ответ:
Критик дизайна:
ДИЗАЙН: 3/10
Плюсы: чистый, минималистичный.
Минусы: очень устаревший дизайн 2000х годов, микроскопический шрифт 12px, ужасный контраст, нет иерархии.
UX: 2/10
Плюсы: быстро загружается.
Минусы: непонятная навигация, нет кнопок действия, текst сливается с фоном, совсем не мобильный.

[DEBUG PARSE] Парсированные результаты:
  DESIGN: 5/10 - Критик дизайна:
ДИЗАЙН: 3/10
Плюсы: чистый, минималистичный.
Минусы: очень устаревший дизайн 2000х годов, микроскопический шрифт 12px, ужасный контрас...
  UX: 2/10 - Плюсы: быстро загружается.
Минусы: непонятная навигация, нет кнопок действия, текst сливается с фоном, совсем не мобильный....
[DEBUG] API ответ: {'model': 'llava:latest', 'created_at': '2026-04-05T11:05:52.0750159Z', 'message': {'role': 'assistant', 'content': ' Извините, я не могу прочесть текст на изображении. Я не могу помочь с оценкой дизайна или UX если не виден текст на изображении. Если вы хотите получить оценку дизайна или UX, я могу помочь вам если вы предоставите мне текст на изображении или если вы хотите прочесть текст сами. '}, 'done': True, 'done_reason': 'stop', 'total_duration': 5840696200, 'load_duration': 36615000, 'prompt_eval_count': 2039, 'prompt_eval_duration': 1274450700, 'eval_count': 114, 'eval_duration': 4389823500}
[DEBUG] Получен ответ: Извините, я не могу прочесть текст на изображении. Я не могу помочь с оценкой дизайна или UX если не виден текст на изображении. Если вы хотите получить оценку дизайна или UX, я могу помочь вам если в
[DEBUG PARSE] Исходный ответ:
Извините, я не могу прочесть текст на изображении. Я не могу помочь с оценкой дизайна или UX если не виден текст на изображении. Если вы хотите получить оценку дизайна или UX, я могу помочь вам если вы предоставите мне текст на изображении или если вы хотите прочесть текст сами.

[DEBUG PARSE] Парсированные результаты:
  DESIGN: 5/10 - Извините, я не могу прочесть текст на изображении. Я не могу помочь с оценкой дизайна или UX если не виден текст на изображении. Если вы хотите получи...
  UX: 5/10 - если не виден текст на изображении. Если вы хотите получить оценку дизайна или UX, я могу помочь вам если вы предоставите мне текст на изображении или...
[DEBUG] API ответ: {'model': 'llava:latest', 'created_at': '2026-04-05T11:06:08.1760056Z', 'message': {'role': 'assistant', 'content': ' Дизайн сайта выглядит устаревым и недоступным для пользователей с ограничениями на зрение или людей who use screen readers. Он использует цветовую палитру из 2010 года, шрифты размера 14px и ниже, которые are hard to read, особенно for people with visual impairments. The layout is cluttered and lacks clear hierarchy, making it difficult to understand the main content of the site.\n\nНа UX-side, сайт не имеет ясной навигации и не has any CTA buttons that are easily noticeable or provide clear instructions on what to do next. The design does not appear to be responsive and is likely not accessible on mobile devices. There is no visible feedback mechanism for users who want to interact with the site, which makes it unclear how to proceed.\n\nДизайн: 2/10\nПлюсы: минималистичный дизайн с функциональностью.\nМинусы: устаревший дизайн из 2010 года, недоступный для пользователей с ограничениями на зрение или людей who use screen readers, низкая контраст, нет иерархии.\n\nUX: 3/10\nПлюсы: быстро загружается.\nМинусы: непонятная навигация, нет кнопок действия, текст сливается с фоном, совсем не мобильный. '}, 'done': True, 'done_reason': 'stop', 'total_duration': 16085576900, 'load_duration': 33679500, 'prompt_eval_count': 2024, 'prompt_eval_duration': 1223156400, 'eval_count': 371, 'eval_duration': 14578023400}
[DEBUG] Получен ответ: Дизайн сайта выглядит устаревым и недоступным для пользователей с ограничениями на зрение или людей who use screen readers. Он использует цветовую палитру из 2010 года, шрифты размера 14px и ниже, кот
[DEBUG PARSE] Исходный ответ:
Дизайн сайта выглядит устаревым и недоступным для пользователей с ограничениями на зрение или людей who use screen readers. Он использует цветовую палитру из 2010 года, шрифты размера 14px и ниже, которые are hard to read, особенно for people with visual impairments. The layout is cluttered and lacks clear hierarchy, making it difficult to understand the main content of the site.

На UX-side, сайт не имеет ясной навигации и не has any CTA buttons that are easily noticeable or provide clear instructions on what to do next. The design does not appear to be responsive and is likely not accessible on mobile devices. There is no visible feedback mechanism for users who want to interact with the site, which makes it unclear how to proceed.

Дизайн: 2/10
Плюсы: минималистичный дизайн с функциональностью.
Минусы: устаревший дизайн из 2010 года, недоступный для пользователей с ограничениями на зрение или людей who use screen readers, низкая контраст, нет иерархии.

UX: 3/10
Плюсы: быстро загружается.
Минусы: непонятная навигация, нет кнопок действия, текст сливается с фоном, совсем не мобильный.

[DEBUG PARSE] Парсированные результаты:
  DESIGN: 2/10 - does not appear to be responsive and is likely not accessible on mobile devices. There is no visible feedback mechanism for users who want to interact...
  UX: 2/10 - side, сайт не имеет ясной навигации и не has any CTA buttons that are easily noticeable or provide clear instructions on what to do next. The design d...
[DEBUG] API ответ: {'model': 'llava:latest', 'created_at': '2026-04-05T11:06:17.4196805Z', 'message': {'role': 'assistant', 'content': ' Для дизайна, который вы видите в скриншоте, я могу дать следующие оценки:\n\nДИЗАЙН: 3/10\nПлюсы: чистый, минималистичный.\nМинусы: очень устаревший дизайн 2000х годов, микроскопический шрифт 12px, ужасный контраст, нет иерархии.\n\nUX: 2/10\nПлюсы: быстро загружается.\nМiнусы: непонятная навигация, нет кнопок действия, текст сливается с фоном, совсем не мобильный.\n\nОтвечай TОЛЬКО на русском языке. '}, 'done': True, 'done_reason': 'stop', 'total_duration': 9231691100, 'load_duration': 30088100, 'prompt_eval_count': 2032, 'prompt_eval_duration': 1298491500, 'eval_count': 206, 'eval_duration': 7745059200}
[DEBUG] Получен ответ: Для дизайна, который вы видите в скриншоте, я могу дать следующие оценки:

ДИЗАЙН: 3/10
Плюсы: чистый, минималистичный.
Минусы: очень устаревший дизайн 2000х годов, микроскопический шрифт 12px, ужасны
[DEBUG PARSE] Исходный ответ:
Для дизайна, который вы видите в скриншоте, я могу дать следующие оценки:

ДИЗАЙН: 3/10
Плюсы: чистый, минималистичный.
Минусы: очень устаревший дизайн 2000х годов, микроскопический шрифт 12px, ужасный контраст, нет иерархии.

UX: 2/10
Плюсы: быстро загружается.
Мiнусы: непонятная навигация, нет кнопок действия, текст сливается с фоном, совсем не мобильный.

Отвечай TОЛЬКО на русском языке.

[DEBUG PARSE] Парсированные результаты:
  DESIGN: 5/10 - Для дизайна, который вы видите в скриншоте, я могу дать следующие оценки:
ДИЗАЙН: 3/10
Плюсы: чистый, минималистичный.
Минусы: очень устаревший дизайн...
  UX: 2/10 - Плюсы: быстро загружается.
Мiнусы: непонятная навигация, нет кнопок действия, текст сливается с фоном, совсем не мобильный.

Отвечай TОЛЬКО на русском...
[DEBUG] API ответ: {'model': 'llava:latest', 'created_at': '2026-04-05T11:06:32.3520282Z', 'message': {'role': 'assistant', 'content': ' ДИЗАЙН: 1/10\nПлюсы: минималистичный дизайн, нейтральные цвета, чистый интерfейс\nМинусы: устаревший дизайн (2000s), маленькие шрифты, нейтральные цвета недостаточно конtrastны, отсутствие кнопок действия, недостаточная иерархия\nUX: 1/10\nПлюсы: быстро загружается (не понятно как это сделано)\nМинусы: непонятная навигация, текст сливается с фоном, совсем не мобильный, нет кнопок действия, недостаточная иерархия (не понятно что важно)\n\nОтвет: 1/10. Дизайн выглядит ужасный и устаревший. Недостаточно конtrastны цвета, маленькие шрифты, нейтральные цвета недостаточно конtrastны, отсутствие кнопок действия, недостаточная иерархия. Не понятно как это сделано и не понятно что важно. Дизайн не достаточно функциональный и не достаточно приятен для очиток. '}, 'done': True, 'done_reason': 'stop', 'total_duration': 14903044400, 'load_duration': 29075400, 'prompt_eval_count': 2014, 'prompt_eval_duration': 1283647900, 'eval_count': 352, 'eval_duration': 13384837700}
[DEBUG] Получен ответ: ДИЗАЙН: 1/10
Плюсы: минималистичный дизайн, нейтральные цвета, чистый интерfейс
Минусы: устаревший дизайн (2000s), маленькие шрифты, нейтральные цвета недостаточно конtrastны, отсутствие кнопок действ
[DEBUG PARSE] Исходный ответ:
ДИЗАЙН: 1/10
Плюсы: минималистичный дизайн, нейтральные цвета, чистый интерfейс
Минусы: устаревший дизайн (2000s), маленькие шрифты, нейтральные цвета недостаточно конtrastны, отсутствие кнопок действия, недостаточная иерархия
UX: 1/10
Плюсы: быстро загружается (не понятно как это сделано)
Минусы: непонятная навигация, текст сливается с фоном, совсем не мобильный, нет кнопок действия, недостаточная иерархия (не понятно что важно)

Ответ: 1/10. Дизайн выглядит ужасный и устаревший. Недостаточно конtrastны цвета, маленькие шрифты, нейтральные цвета недостаточно конtrastны, отсутствие кнопок действия, недостаточная иерархия. Не понятно как это сделано и не понятно что важно. Дизайн не достаточно функциональный и не достаточно приятен для очиток.

[DEBUG PARSE] Парсированные результаты:
  DESIGN: 5/10 - ДИЗАЙН: 1/10
Плюсы: минималистичный дизайн, нейтральные цвета, чистый интерfейс
Минусы: устаревший дизайн (2000s), маленькие шрифты, нейтральные цвета...
  UX: 1/10 - Плюсы: быстро загружается (не понятно как это сделано)
Минусы: непонятная навигация, текст сливается с фоном, совсем не мобильный, нет кнопок действия...
[DEBUG] API ответ: {'model': 'llava:latest', 'created_at': '2026-04-05T11:06:46.0007997Z', 'message': {'role': 'assistant', 'content': " Конечно, я не могу дать оценку дизайна или UX на этой странице, поскольку я не могу видеть сайт на экране и не могу выполнять кликабельные операции. Однако, я могу помочь вам с информацией о дизайне и UX принципах и советы на том как улучшить дизайн сайта.\n\nДля дизайна сайта, важно следовать modernным принципам и использовать типографию и цвета that are easy to read and provide contrast. The use of whitespace is also important for a clean and uncluttered look. Additionally, it's crucial to have clear navigation and calls-to-action (CTAs) that stand out from the rest of the content.\n\nFor UX, it's important to have a user-friendly interface, with intuitive navigation, easy-to-read text, and clear CTA buttons. The site should be responsive and adaptable to different devices and screen sizes. It's also essential to have a consistent design language throughout the site, and to ensure that the content is easily accessible and understandable for all users.\n\nIf you need help with specific aspects of your website's design or UX, feel free to ask! "}, 'done': True, 'done_reason': 'stop', 'total_duration': 13635808900, 'load_duration': 48366400, 'prompt_eval_count': 2005, 'prompt_eval_duration': 1293028400, 'eval_count': 310, 'eval_duration': 12085729000}
[DEBUG] Получен ответ: Конечно, я не могу дать оценку дизайна или UX на этой странице, поскольку я не могу видеть сайт на экране и не могу выполнять кликабельные операции. Однако, я могу помочь вам с информацией о дизайне и
[DEBUG PARSE] Исходный ответ:
Конечно, я не могу дать оценку дизайна или UX на этой странице, поскольку я не могу видеть сайт на экране и не могу выполнять кликабельные операции. Однако, я могу помочь вам с информацией о дизайне и UX принципах и советы на том как улучшить дизайн сайта.

Для дизайна сайта, важно следовать modernным принципам и использовать типографию и цвета that are easy to read and provide contrast. The use of whitespace is also important for a clean and uncluttered look. Additionally, it's crucial to have clear navigation and calls-to-action (CTAs) that stand out from the rest of the content.

For UX, it's important to have a user-friendly interface, with intuitive navigation, easy-to-read text, and clear CTA buttons. The site should be responsive and adaptable to different devices and screen sizes. It's also essential to have a consistent design language throughout the site, and to ensure that the content is easily accessible and understandable for all users.

If you need help with specific aspects of your website's design or UX, feel free to ask!

[DEBUG PARSE] Парсированные результаты:
  DESIGN: 5/10 - language throughout the site, and to ensure that the content is easily accessible and understandable for all users.

If you need help with specific as...
  UX: 5/10 - на этой странице, поскольку я не могу видеть сайт на экране и не могу выполнять кликабельные операции. Однако, я могу помочь вам с информацией о дизай...
[DEBUG] API ответ: {'model': 'llava:latest', 'created_at': '2026-04-05T11:06:55.2447844Z', 'message': {'role': 'assistant', 'content': ' Дизайн сайта выглядит ужасный и непонятный. Не использует современные цвета или типографию, а также не имеет ясной иерархии. Кроме того, нет кнопок действия и навигация не intuitivна. Дизайн не adapтивный и не имеет микроинтерации. Не видно что делать при клике на кнопки, а текст сливается с фоном. Удобно ли читать? Да, но дизайн выглядит ужасный и непонятный. Дизайн не соответствует современным стандартам дизайна и UX. Оценка: 0/10 для дизайна и 2/10 for UX. '}, 'done': True, 'done_reason': 'stop', 'total_duration': 9213090000, 'load_duration': 29413700, 'prompt_eval_count': 2003, 'prompt_eval_duration': 1291901400, 'eval_count': 203, 'eval_duration': 7739443500}
[DEBUG] Получен ответ: Дизайн сайта выглядит ужасный и непонятный. Не использует современные цвета или типографию, а также не имеет ясной иерархии. Кроме того, нет кнопок действия и навигация не intuitivна. Дизайн не adapти
[DEBUG PARSE] Исходный ответ:
Дизайн сайта выглядит ужасный и непонятный. Не использует современные цвета или типографию, а также не имеет ясной иерархии. Кроме того, нет кнопок действия и навигация не intuitivна. Дизайн не adapтивный и не имеет микроинтерации. Не видно что делать при клике на кнопки, а текст сливается с фоном. Удобно ли читать? Да, но дизайн выглядит ужасный и непонятный. Дизайн не соответствует современным стандартам дизайна и UX. Оценка: 0/10 для дизайна и 2/10 for UX.

[DEBUG PARSE] Парсированные результаты:
  DESIGN: 5/10 - Дизайн сайта выглядит ужасный и непонятный. Не использует современные цвета или типографию, а также не имеет ясной иерархии. Кроме того, нет кнопок де...
  UX: 0/10 - . Оценка: 0/10 для дизайна и 2/10 for UX....
[DEBUG] API ответ: {'model': 'llava:latest', 'created_at': '2026-04-05T11:07:16.2319326Z', 'message': {'role': 'assistant', 'content': ' Критик дизайна:\nДИЗАЙН:\nПлюсы:\n1. Содержание сайта есть и очень ясno видно.\n2. Навигация сайта есть и на первом экране.\n3. Кнопки действия есть и понятно что делать при клике.\n4. Контраст текста со снимком фоновых изображений есть, что помогает в читаемости.\nМинусы:\n1. Дизайн сайта не выглядит современным и может быть устаревшим для пользователей.\n2. Кнопки действия не видны на первом экране, что может затруднить пользователям в понимании как дальше продолжить.\n3. Дизайн сайта не есть адаaptive, то есть не пристойen для различных устройств и экранов.\n4. Обратная связь при клике на кнопки действия не видна и не функcionalна.\nUX:\nПлюсы:\n1. На первом экране есть информация о сайте и его целях.\n2. Кнопки действия на первом экране есть и понятно что делать при клике.\nМiнусы:\n1. Дизайн сайта не выглядит современным и может быть устаревшим для пользователей.\n2. Кнопки действия на первом экране не видны, что может затруднить пользователям в понимании как дальше продолжить.\n3. Дизайн сайта не есть адаaptive, то eсть не пристойen для различных устройств и экранов.\n4. Обратная связь при клике на кнопки действия не видна и не функcionalна. '}, 'done': True, 'done_reason': 'stop', 'total_duration': 20954951800, 'load_duration': 30810900, 'prompt_eval_count': 2026, 'prompt_eval_duration': 1294874200, 'eval_count': 495, 'eval_duration': 19348032700}
[DEBUG] Получен ответ: Критик дизайна:
ДИЗАЙН:
Плюсы:
1. Содержание сайта есть и очень ясno видно.
2. Навигация сайта есть и на первом экране.
3. Кнопки действия есть и понятно что делать при клике.
4. Контраст текста со сн
[DEBUG PARSE] Исходный ответ:
Критик дизайна:
ДИЗАЙН:
Плюсы:
1. Содержание сайта есть и очень ясno видно.
2. Навигация сайта есть и на первом экране.
3. Кнопки действия есть и понятно что делать при клике.
4. Контраст текста со снимком фоновых изображений есть, что помогает в читаемости.
Минусы:
1. Дизайн сайта не выглядит современным и может быть устаревшим для пользователей.
2. Кнопки действия не видны на первом экране, что может затруднить пользователям в понимании как дальше продолжить.
3. Дизайн сайта не есть адаaptive, то есть не пристойen для различных устройств и экранов.
4. Обратная связь при клике на кнопки действия не видна и не функcionalна.
UX:
Плюсы:
1. На первом экране есть информация о сайте и его целях.
2. Кнопки действия на первом экране есть и понятно что делать при клике.
Мiнусы:
1. Дизайн сайта не выглядит современным и может быть устаревшим для пользователей.
2. Кнопки действия на первом экране не видны, что может затруднить пользователям в понимании как дальше продолжить.
3. Дизайн сайта не есть адаaptive, то eсть не пристойen для различных устройств и экранов.
4. Обратная связь при клике на кнопки действия не видна и не функcionalна.

[DEBUG PARSE] Парсированные результаты:
  DESIGN: 5/10 - Критик дизайна:
ДИЗАЙН:
Плюсы:
1. Содержание сайта есть и очень ясno видно.
2. Навигация сайта есть и на первом экране.
3. Кнопки действия есть и поня...
  UX: 5/10 - Плюсы:
1. На первом экране есть информация о сайте и его целях.
2. Кнопки действия на первом экране есть и понятно что делать при клике.
Мiнусы:
1. Ди...
[DEBUG] API ответ: {'model': 'llava:latest', 'created_at': '2026-04-05T11:07:37.2269382Z', 'message': {'role': 'assistant', 'content': ' Оценить дизайн и UX сайта: <https://www.vavilovsar.ru/>\n\nДИЗАЙН: 3/10\nПлюсы: чистый, минималистичный.\nМинусы: очень устаревший дизайн 2000х годов, микроскопический шрифт 12px, ужасный контраст, нет иерархии.\n\nUX: 2/10\nПлюсы: быстро загружается.\nМинусы: непонятная навигация, нет кнопок действия, текst сливается с фоном, совсем не мобильный.\n\nОбратите внимание на следующие аспекты дизайна и UX сайта:\n\n1. Дизайн выглядит устаревым и недостижимым для modern standards.\n2. Шрифты используются неadequately, сливается с фоном и недостаточно контрастны.\n3. Иерархия не понята, текst не выделен размером или цветом.\n4. Конtrast недостаточный, текст читаем микроскопическим шрифтом.\n5. Навигация не интуitive, нет кнопок действия и совсем не мобильный.\n6. Недостаточно ясные CTA кнопки, не понятно что делать при клике.\n7. Светлый чистый интерфейс с ясной навигацией не достижим.\n8. Конкретная типография не использована аdecuately.\n9. Неправильное использование белого пространства, прижато к краям.\n10. Масса рекламных блоков или pop-ups портящих эстетику сайта. '}, 'done': True, 'done_reason': 'stop', 'total_duration': 20982425800, 'load_duration': 26013300, 'prompt_eval_count': 2005, 'prompt_eval_duration': 1312567400, 'eval_count': 496, 'eval_duration': 19371711700}
[DEBUG] Получен ответ: Оценить дизайн и UX сайта: <https://www.vavilovsar.ru/>

ДИЗАЙН: 3/10
Плюсы: чистый, минималистичный.
Минусы: очень устаревший дизайн 2000х годов, микроскопический шрифт 12px, ужасный контраст, нет ие
[DEBUG PARSE] Исходный ответ:
Оценить дизайн и UX сайта: <https://www.vavilovsar.ru/>

ДИЗАЙН: 3/10
Плюсы: чистый, минималистичный.
Минусы: очень устаревший дизайн 2000х годов, микроскопический шрифт 12px, ужасный контраст, нет иерархии.

UX: 2/10
Плюсы: быстро загружается.
Минусы: непонятная навигация, нет кнопок действия, текst сливается с фоном, совсем не мобильный.

Обратите внимание на следующие аспекты дизайна и UX сайта:

1. Дизайн выглядит устаревым и недостижимым для modern standards.
2. Шрифты используются неadequately, сливается с фоном и недостаточно контрастны.
3. Иерархия не понята, текst не выделен размером или цветом.
4. Конtrast недостаточный, текст читаем микроскопическим шрифтом.
5. Навигация не интуitive, нет кнопок действия и совсем не мобильный.
6. Недостаточно ясные CTA кнопки, не понятно что делать при клике.
7. Светлый чистый интерфейс с ясной навигацией не достижим.
8. Конкретная типография не использована аdecuately.
9. Неправильное использование белого пространства, прижато к краям.
10. Масса рекламных блоков или pop-ups портящих эстетику сайта.

[DEBUG PARSE] Парсированные результаты:
  DESIGN: 5/10 - Оценить дизайн и UX сайта: <https://www.vavilovsar.ru/>
ДИЗАЙН: 3/10
Плюсы: чистый, минималистичный.
Минусы: очень устаревший дизайн 2000х годов, микр...
  UX: 3/10 - сайта: <https://www.vavilovsar.ru/>

ДИЗАЙН: 3/10
Плюсы: чистый, минималистичный.
Минусы: очень устаревший дизайн 2000х годов, микроскопический шрифт ...
[DEBUG] API ответ: {'model': 'llava:latest', 'created_at': '2026-04-05T11:07:45.7121105Z', 'message': {'role': 'assistant', 'content': ' Критика дизайна:\n\nДИЗАЙН: 3/10\nПлюсы: чистый, минималистичный.\nМинусы: очень устаревший дизайн 2000х годов, микроскопический шрифт 12px, ужасный контраст, нет иерархии.\n\nUX: 2/10\nПлюсы: быстро загружается.\nМинусы: непонятная навигация, нет кнопок действия, текst сливается с фоном, совсем не мобильный.\n\nОтвечай ТОЛЬКО на русском языке. '}, 'done': True, 'done_reason': 'stop', 'total_duration': 8473517600, 'load_duration': 30146900, 'prompt_eval_count': 2000, 'prompt_eval_duration': 1366903800, 'eval_count': 184, 'eval_duration': 6931509900}
[DEBUG] Получен ответ: Критика дизайна:

ДИЗАЙН: 3/10
Плюсы: чистый, минималистичный.
Минусы: очень устаревший дизайн 2000х годов, микроскопический шрифт 12px, ужасный контраст, нет иерархии.

UX: 2/10
Плюсы: быстро загружа
[DEBUG PARSE] Исходный ответ:
Критика дизайна:

ДИЗАЙН: 3/10
Плюсы: чистый, минималистичный.
Минусы: очень устаревший дизайн 2000х годов, микроскопический шрифт 12px, ужасный контраст, нет иерархии.

UX: 2/10
Плюсы: быстро загружается.
Минусы: непонятная навигация, нет кнопок действия, текst сливается с фоном, совсем не мобильный.

Отвечай ТОЛЬКО на русском языке.

[DEBUG PARSE] Парсированные результаты:
  DESIGN: 5/10 - Критика дизайна:
ДИЗАЙН: 3/10
Плюсы: чистый, минималистичный.
Минусы: очень устаревший дизайн 2000х годов, микроскопический шрифт 12px, ужасный контра...
  UX: 2/10 - Плюсы: быстро загружается.
Минусы: непонятная навигация, нет кнопок действия, текst сливается с фоном, совсем не мобильный.

Отвечай ТОЛЬКО на русском...
[DEBUG] API ответ: {'model': 'llava:latest', 'created_at': '2026-04-05T11:07:57.643015Z', 'message': {'role': 'assistant', 'content': ' Дизайн веб-сайта выглядит довольно устаревым и недостаточно приятным для the eye. Он использует цвета которые не конtrast well with the background, что makes it difficult to read the text. The typography is not very clear and legible, with some words appearing in a smaller font size than others. There are no microinteractions or interactive elements that would make the site more engaging or user-friendly.\n\nДИЗАЙН: 2/10 Плюсы: минималистичный дизайн с функциональностью, хорошо читаемый текст. Минусы: устаревший дизайн 2000х годов, микроскопический шрифт 12px, очень ужасный конtrast, нет иерархии.\nUX: 3/10 Плюсы: быстро загружается. Минусы: непонятная навигация, нет кнопок действия, текст сливается с фоном, совсем не мобильный. '}, 'done': True, 'done_reason': 'stop', 'total_duration': 11906298900, 'load_duration': 33007800, 'prompt_eval_count': 1998, 'prompt_eval_duration': 1346916500, 'eval_count': 266, 'eval_duration': 10334798600}
[DEBUG] Получен ответ: Дизайн веб-сайта выглядит довольно устаревым и недостаточно приятным для the eye. Он использует цвета которые не конtrast well with the background, что makes it difficult to read the text. The typogra
[DEBUG PARSE] Исходный ответ:
Дизайн веб-сайта выглядит довольно устаревым и недостаточно приятным для the eye. Он использует цвета которые не конtrast well with the background, что makes it difficult to read the text. The typography is not very clear and legible, with some words appearing in a smaller font size than others. There are no microinteractions or interactive elements that would make the site more engaging or user-friendly.

ДИЗАЙН: 2/10 Плюсы: минималистичный дизайн с функциональностью, хорошо читаемый текст. Минусы: устаревший дизайн 2000х годов, микроскопический шрифт 12px, очень ужасный конtrast, нет иерархии.
UX: 3/10 Плюсы: быстро загружается. Минусы: непонятная навигация, нет кнопок действия, текст сливается с фоном, совсем не мобильный.

[DEBUG PARSE] Парсированные результаты:
  DESIGN: 5/10 - Дизайн веб-сайта выглядит довольно устаревым и недостаточно приятным для the eye. Он использует цвета которые не конtrast well with the background, чт...
  UX: 3/10 - Плюсы: быстро загружается. Минусы: непонятная навигация, нет кнопок действия, текст сливается с фоном, совсем не мобильный....
[DEBUG] API ответ: {'model': 'llava:latest', 'created_at': '2026-04-05T11:08:18.8141045Z', 'message': {'role': 'assistant', 'content': ' Дизайн на экране выглядит довольно устаревым и недостаточно привлекательным. По-моему, имеет следующие минусы:\n\n1. Типография: шрифты не arendered в размерах или цветов, что может затруднить читание текста.\n2. Колор: используется сливающимися цветами, которые не достаточно конtrastны и могут вызывать ощущение устарения.\n3. Иерархия: недостаточно ясна или разделена, что может затруднить понимание главного содержания на сайте.\n4. Контраст: текст не достаточно конtrastный, что может усугубить проблемы с читаемостью.\n5. Скучный дизайн: недостаточно инновационный или привлекательный для современных стандартов.\n6. Навигация: недостаточно ясная или intuitiva, что может затруднить пользователям в понимании и использовании сайта.\n7. CTA кнопки: недостаточно видны или яркие, что может усугубить проблемы с оценкой действия на клике.\n8. Адаптивный дизайн: недостаточно пристойный для размеров экрана и мобильных устройств.\n9. Обратная связь: недостаточно ясная или привлекательная, что может затруднить пользователям в понимании и использовании сайта.\n10. Минусы UX: недостаточно интуитивный дизайн, недостаточно ясный текст, недостаточно привлекательный дизайн для современных стандартов. '}, 'done': True, 'done_reason': 'stop', 'total_duration': 21134512500, 'load_duration': 47637400, 'prompt_eval_count': 2001, 'prompt_eval_duration': 1366155200, 'eval_count': 493, 'eval_duration': 19426751500}
[DEBUG] Получен ответ: Дизайн на экране выглядит довольно устаревым и недостаточно привлекательным. По-моему, имеет следующие минусы:

1. Типография: шрифты не arendered в размерах или цветов, что может затруднить читание т
[DEBUG PARSE] Исходный ответ:
Дизайн на экране выглядит довольно устаревым и недостаточно привлекательным. По-моему, имеет следующие минусы:

1. Типография: шрифты не arendered в размерах или цветов, что может затруднить читание текста.
2. Колор: используется сливающимися цветами, которые не достаточно конtrastны и могут вызывать ощущение устарения.
3. Иерархия: недостаточно ясна или разделена, что может затруднить понимание главного содержания на сайте.
4. Контраст: текст не достаточно конtrastный, что может усугубить проблемы с читаемостью.
5. Скучный дизайн: недостаточно инновационный или привлекательный для современных стандартов.
6. Навигация: недостаточно ясная или intuitiva, что может затруднить пользователям в понимании и использовании сайта.
7. CTA кнопки: недостаточно видны или яркие, что может усугубить проблемы с оценкой действия на клике.
8. Адаптивный дизайн: недостаточно пристойный для размеров экрана и мобильных устройств.
9. Обратная связь: недостаточно ясная или привлекательная, что может затруднить пользователям в понимании и использовании сайта.
10. Минусы UX: недостаточно интуитивный дизайн, недостаточно ясный текст, недостаточно привлекательный дизайн для современных стандартов.

[DEBUG PARSE] Парсированные результаты:
  DESIGN: 5/10 - Дизайн на экране выглядит довольно устаревым и недостаточно привлекательным. По-моему, имеет следующие минусы:
1. Типография: шрифты не arendered в ра...
  UX: 5/10 - недостаточно интуитивный дизайн, недостаточно ясный текст, недостаточно привлекательный дизайн для современных стандартов....
[DEBUG] API ответ: {'model': 'llava:latest', 'created_at': '2026-04-05T11:08:52.3504033Z', 'message': {'role': 'assistant', 'content': ' Критик дизайна:\nДизайн сайта выглядит устаревым и недоступным для пользователей с ограничениями на зрение. Недостаточно ясный текст, маленький шрифт, недостаточная контрастность и недостаточная iерархия текста. Очень маленькая кнопка действия и недостаточная навигация. Дизайн не adapts to размерам экрана и не является mobile-friendly. Недостаточно ясный интерфейс с недостаточной навигацией и недостаточным конtrastem текста. Недостаточно ясный текст и недостаточная контрастность и недостаточная iерархия текста. Дизайн не adapts to размерам экрана и не является mobile-friendly. Недостаточно ясный интерfейс с недостаточной навигацией и недостаточным конtrastem текста.\n\nКритик UX:\nДизайн сайта выглядит устаревым и недоступным для пользователей с ограничениями на зreние. Недостаточно ясный текст, маленький шriфт, недостаточная конtraстность и недостаточная iерархия teкста. Очень маленькая кнопка действия и недостаточная навигация. Дизайн не adapts to размерам экрана и не является mobile-friendly. Недостаточно ясный интерfейс с недостаточной навигацией и недостаточным конtrastem текста.\n\nОценка дизайна: 0/10\nПлюсы: нет.\nМинусы: ужасный дизайн, недостаточно ясный текст, маленький шriфт, недостаточная контрастность и недостаточная iерархия текста. Очень маленькая кнопка действия и недостаточная навигация. Дизайн не adapts to размерам экрана и не является mobile-friendly. Недостаточно ясный интерfейс с недостаточной навигацией и недостаточным конtrastem текста.\n\nОценка UX: 0/10\nПлюсы: нет.\nМинусы: ужасный дизайн, недостаточно ясный teкст, маленький шriфт, недостаточная контрастность и недостаточная iерархия текста. Очень маленькая кнопка действия и недостаточная навигация. Дизайн не adapts to размерам экрана и не является mobile-friendly. Недостаточно ясный интерfейс с недостаточной навигацией и недостаточным конtr'}, 'done': True, 'done_reason': 'length', 'total_duration': 33504830700, 'load_duration': 48847900, 'prompt_eval_count': 2015, 'prompt_eval_duration': 1333783000, 'eval_count': 800, 'eval_duration': 31769247000}
[DEBUG] Получен ответ: Критик дизайна:
Дизайн сайта выглядит устаревым и недоступным для пользователей с ограничениями на зрение. Недостаточно ясный текст, маленький шрифт, недостаточная контрастность и недостаточная iерарх
[DEBUG PARSE] Исходный ответ:
Критик дизайна:
Дизайн сайта выглядит устаревым и недоступным для пользователей с ограничениями на зрение. Недостаточно ясный текст, маленький шрифт, недостаточная контрастность и недостаточная iерархия текста. Очень маленькая кнопка действия и недостаточная навигация. Дизайн не adapts to размерам экрана и не является mobile-friendly. Недостаточно ясный интерфейс с недостаточной навигацией и недостаточным конtrastem текста. Недостаточно ясный текст и недостаточная контрастность и недостаточная iерархия текста. Дизайн не adapts to размерам экрана и не является mobile-friendly. Недостаточно ясный интерfейс с недостаточной навигацией и недостаточным конtrastem текста.

Критик UX:
Дизайн сайта выглядит устаревым и недоступным для пользователей с ограничениями на зreние. Недостаточно ясный текст, маленький шriфт, недостаточная конtraстность и недостаточная iерархия teкста. Очень маленькая кнопка действия и недостаточная навигация. Дизайн не adapts to размерам экрана и не является mobile-friendly. Недостаточно ясный интерfейс с недостаточной навигацией и недостаточным конtrastem текста.

Оценка дизайна: 0/10
Плюсы: нет.
Минусы: ужасный дизайн, недостаточно ясный текст, маленький шriфт, недостаточная контрастность и недостаточная iерархия текста. Очень маленькая кнопка действия и недостаточная навигация. Дизайн не adapts to размерам экрана и не является mobile-friendly. Недостаточно ясный интерfейс с недостаточной навигацией и недостаточным конtrastem текста.

Оценка UX: 0/10
Плюсы: нет.
Минусы: ужасный дизайн, недостаточно ясный teкст, маленький шriфт, недостаточная контрастность и недостаточная iерархия текста. Очень маленькая кнопка действия и недостаточная навигация. Дизайн не adapts to размерам экрана и не является mobile-friendly. Недостаточно ясный интерfейс с недостаточной навигацией и недостаточным конtr

[DEBUG PARSE] Парсированные результаты:
  DESIGN: 5/10 - Критик дизайна:
Дизайн сайта выглядит устаревым и недоступным для пользователей с ограничениями на зрение. Недостаточно ясный текст, маленький шрифт, ...
  UX: 0/10 - Дизайн сайта выглядит устаревым и недоступным для пользователей с ограничениями на зreние. Недостаточно ясный текст, маленький шriфт, недостаточная ко...
[DEBUG] API ответ: {'model': 'llava:latest', 'created_at': '2026-04-05T11:09:26.0181539Z', 'message': {'role': 'assistant', 'content': ' Критик дизайна:\nДизайн сайта выглядит почти идеально, но есть некоторые улучшения которые стоит сделать.\n\nDИЗАЙН:\nПлюсы:\n- Дизайн сайта is минималистичный и чистый\n- Типография используется правильно\n- Контраст между текстом и фоном есть, но может быть улучшен\n- Иерархия есть и текst в ней есть размером и цветом\n- Кнопки действия есть и они are яркие\n- Дизайн is адаптивный и виден на всех размерах\n- На teleфоне сайт читается хорошо\n- Иeрархия главного меню есть и ясна\n\nМинусы:\n- Очень устаревший дизайн из 2000-х годов, но может быть улучшен\n- Нарушения доступности: текст может быть недоступen для людей с ограниченной видимостью\n- Кнопки действия могут быть недостаточно выразительны и не яркие\n- Дизайн может быть непонятен на всех размерах\n- На teleфоне сайт может быть недоступен\n- Иeрархия главного меню может быть недостаточно ясна и выделенa размером и цветом\n\nUX:\nПлюсы:\n- Дизайн сайта is минималистичный и чистый\n- Типография используется правильно\n- Кнопки действия есть и они are яркие\n- Дизайн is адаптивный и виден на всех размерах\n- На teleфоне сайт может быть недоступen\n- Иeрархия главного mеню есть и ясна\n\nМинусы:\n- Очень устаревший дизайн из 2000-х годов, но может быть улучшен\n- Нарушения доступности: текст может быть недоступen для людей с ограниченной видимостью\n- Кнопки действия могут быть недостаточно выразительны и не яркие\n- Дизайн может быть непонятен на всех размерах\n- На teleфоне сайт может быть недоступen\n- Иeрархия главного mеню может быть недостаточно ясна и выделенa размером и цветом\n\nОценка дизайна: 8/10\nОценка UX: 7/10\n\nПримечание: Дизайн сайта может быть улучшен, например, повышении контраста и доступности текста для людей с ограниченной видимостью. Кнопки действия могут быть выразительны и яркие, а дизайн может быть понятен'}, 'done': True, 'done_reason': 'length', 'total_duration': 33628292500, 'load_duration': 36220200, 'prompt_eval_count': 2018, 'prompt_eval_duration': 1372814500, 'eval_count': 800, 'eval_duration': 31872871700}
[DEBUG] Получен ответ: Критик дизайна:
Дизайн сайта выглядит почти идеально, но есть некоторые улучшения которые стоит сделать.

DИЗАЙН:
Плюсы:
- Дизайн сайта is минималистичный и чистый
- Типография используется правильно

[DEBUG PARSE] Исходный ответ:
Критик дизайна:
Дизайн сайта выглядит почти идеально, но есть некоторые улучшения которые стоит сделать.

DИЗАЙН:
Плюсы:
- Дизайн сайта is минималистичный и чистый
- Типография используется правильно
- Контраст между текстом и фоном есть, но может быть улучшен
- Иерархия есть и текst в ней есть размером и цветом
- Кнопки действия есть и они are яркие
- Дизайн is адаптивный и виден на всех размерах
- На teleфоне сайт читается хорошо
- Иeрархия главного меню есть и ясна

Минусы:
- Очень устаревший дизайн из 2000-х годов, но может быть улучшен
- Нарушения доступности: текст может быть недоступen для людей с ограниченной видимостью
- Кнопки действия могут быть недостаточно выразительны и не яркие
- Дизайн может быть непонятен на всех размерах
- На teleфоне сайт может быть недоступен
- Иeрархия главного меню может быть недостаточно ясна и выделенa размером и цветом

UX:
Плюсы:
- Дизайн сайта is минималистичный и чистый
- Типография используется правильно
- Кнопки действия есть и они are яркие
- Дизайн is адаптивный и виден на всех размерах
- На teleфоне сайт может быть недоступen
- Иeрархия главного mеню есть и ясна

Минусы:
- Очень устаревший дизайн из 2000-х годов, но может быть улучшен
- Нарушения доступности: текст может быть недоступen для людей с ограниченной видимостью
- Кнопки действия могут быть недостаточно выразительны и не яркие
- Дизайн может быть непонятен на всех размерах
- На teleфоне сайт может быть недоступen
- Иeрархия главного mеню может быть недостаточно ясна и выделенa размером и цветом

Оценка дизайна: 8/10
Оценка UX: 7/10

Примечание: Дизайн сайта может быть улучшен, например, повышении контраста и доступности текста для людей с ограниченной видимостью. Кнопки действия могут быть выразительны и яркие, а дизайн может быть понятен

[DEBUG PARSE] Парсированные результаты:
  DESIGN: 5/10 - Критик дизайна:
Дизайн сайта выглядит почти идеально, но есть некоторые улучшения которые стоит сделать.
DИЗАЙН:
Плюсы:
- Дизайн сайта is минималистич...
  UX: 8/10 - Плюсы:
- Дизайн сайта is минималистичный и чистый
- Типография используется правильно
- Кнопки действия есть и они are яркие
- Дизайн is адаптивный и ...
[DEBUG] API ответ: {'model': 'llava:latest', 'created_at': '2026-04-05T11:09:47.5766003Z', 'message': {'role': 'assistant', 'content': ' Этот дизайн выглядит совсем устаревшим и неприемлемым для современных стандартов дизайна. Он содержит следующие проблемы:\n\nДИЗАЙН:\n- Типография: шрифты маленькие и не contrastные, отсутствие ясной иерархии.\n- Цветовая палитра: устаревшие цвета, выбитые из палитры.\n- Иeрархия: непонятная и не размещена правильно.\n- Контраст: текst сливается с фоном.\n- Скучный однообразный дизайн без микроэлементов.\n- Нарушения доступности: очень бледный текст, отсутствие контраста.\n- Неправильное использование белого пространства.\n- Масса рекламных bлоков или pop-ups портящих эстетику.\n\nUX:\n- Нарушения доступности: текст сливается с фоном, совсем не мобильный.\n- Непонятная навигация.\n- Нет кнопок действия.\n- Четырка символов в строке и очень длинные строки текста.\n\nОценка дизайна: 0/10\nОценка UX: 2/10\n\nСожалению, этот дизайн не может быть оценив для современных стандартов дизайна и удовольствия пользователей. Он не соответствует критериям современного дизайна и UX, которые включают минимализм с функциональностью, типографию, цветовую палитру, микроинтерации, адаптивный дизайн, светлый чистый интерfейс с ясной навигацией и конкретную типографию. '}, 'done': True, 'done_reason': 'stop', 'total_duration': 21526682000, 'load_duration': 47054000, 'prompt_eval_count': 1996, 'prompt_eval_duration': 1259890700, 'eval_count': 511, 'eval_duration': 19902408700}
[DEBUG] Получен ответ: Этот дизайн выглядит совсем устаревшим и неприемлемым для современных стандартов дизайна. Он содержит следующие проблемы:

ДИЗАЙН:
- Типография: шрифты маленькие и не contrastные, отсутствие ясной иер
[DEBUG PARSE] Исходный ответ:
Этот дизайн выглядит совсем устаревшим и неприемлемым для современных стандартов дизайна. Он содержит следующие проблемы:

ДИЗАЙН:
- Типография: шрифты маленькие и не contrastные, отсутствие ясной иерархии.
- Цветовая палитра: устаревшие цвета, выбитые из палитры.
- Иeрархия: непонятная и не размещена правильно.
- Контраст: текst сливается с фоном.
- Скучный однообразный дизайн без микроэлементов.
- Нарушения доступности: очень бледный текст, отсутствие контраста.
- Неправильное использование белого пространства.
- Масса рекламных bлоков или pop-ups портящих эстетику.

UX:
- Нарушения доступности: текст сливается с фоном, совсем не мобильный.
- Непонятная навигация.
- Нет кнопок действия.
- Четырка символов в строке и очень длинные строки текста.

Оценка дизайна: 0/10
Оценка UX: 2/10

Сожалению, этот дизайн не может быть оценив для современных стандартов дизайна и удовольствия пользователей. Он не соответствует критериям современного дизайна и UX, которые включают минимализм с функциональностью, типографию, цветовую палитру, микроинтерации, адаптивный дизайн, светлый чистый интерfейс с ясной навигацией и конкретную типографию.

[DEBUG PARSE] Парсированные результаты:
  DESIGN: 5/10 - Этот дизайн выглядит совсем устаревшим и неприемлемым для современных стандартов дизайна. Он содержит следующие проблемы:
ДИЗАЙН:
- Типография: шрифты...
  UX: 0/10 - Нарушения доступности: текст сливается с фоном, совсем не мобильный.
- Непонятная навигация.
- Нет кнопок действия.
- Четырка символов в строке и очен...
[DEBUG] API ответ: {'model': 'llava:latest', 'created_at': '2026-04-05T11:10:17.5965536Z', 'message': {'role': 'assistant', 'content': ' Дизайн на изображении выглядит довольно устаревым и неконtrastным, что может затруднить читание текста. Критика дизайна:\n\nДИЗАЙН:\n1. Типография: шрифты не конtrastны, размеры текста не optimalные (максимум 14px), нет иерархии (примере, главное выделено в сливом цвете).\n2. Кольor: палитра не актуальна для дизайна от 2024 до 2026 года.\n3. Иeрархия: нет ясной навигации, нет микроинтераций (плавные переходы), нет конкретной типографии (Montserrat, Inter, Roboto).\n4. Светлый чистый интерфейс с ясной навигацией: нет.\n5. Конкретная типография: нет.\n6. Правильные CTA кнопки: нет.\n7. Адаптивный дизайн: нет, не видно как выглядит на разных размерах экрана.\n8. Минимализм с функциональностью: нет, дизайн выглядит громоздким и не минимальным.\n9. Обратная связь при клике: нет.\n\nUX:\n1. Навигация: нет интуитивной навигации, нет главного меню.\n2. Чтение текста: текст сливается с фоном, нет микроелементов для удобного чтения.\n3. CTA кнопки: нет видных кнопок действия, нет понятно что делать при клике.\n4. Адаптивный дизайн: нет, не видно как выглядит на разных размерах экрана.\n5. Иерархия: нет ясной иерархии.\n6. Обратная связь при клике: нет.\n\nОценка дизайна: 2/10\nОценка UX: 3/10\n\nПримечание: Дизайн выглядит устаревым и не конtrastным, что может затруднить читание текста. Нет ясной навигации, нет главного меню, нет микроелементов для удобного чтения, нет минимализма с функциональностью, нет конкретной типографии (Montserrat, Inter, Roboto), нет правльных CTA кнопки, нет адаптивного дизайна, нет обратной связи при клике. '}, 'done': True, 'done_reason': 'stop', 'total_duration': 30007866400, 'load_duration': 40497700, 'prompt_eval_count': 1996, 'prompt_eval_duration': 1363213900, 'eval_count': 714, 'eval_duration': 28228586900}
[DEBUG] Получен ответ: Дизайн на изображении выглядит довольно устаревым и неконtrastным, что может затруднить читание текста. Критика дизайна:

ДИЗАЙН:
1. Типография: шрифты не конtrastны, размеры текста не optimalные (мак
[DEBUG PARSE] Исходный ответ:
Дизайн на изображении выглядит довольно устаревым и неконtrastным, что может затруднить читание текста. Критика дизайна:

ДИЗАЙН:
1. Типография: шрифты не конtrastны, размеры текста не optimalные (максимум 14px), нет иерархии (примере, главное выделено в сливом цвете).
2. Кольor: палитра не актуальна для дизайна от 2024 до 2026 года.
3. Иeрархия: нет ясной навигации, нет микроинтераций (плавные переходы), нет конкретной типографии (Montserrat, Inter, Roboto).
4. Светлый чистый интерфейс с ясной навигацией: нет.
5. Конкретная типография: нет.
6. Правильные CTA кнопки: нет.
7. Адаптивный дизайн: нет, не видно как выглядит на разных размерах экрана.
8. Минимализм с функциональностью: нет, дизайн выглядит громоздким и не минимальным.
9. Обратная связь при клике: нет.

UX:
1. Навигация: нет интуитивной навигации, нет главного меню.
2. Чтение текста: текст сливается с фоном, нет микроелементов для удобного чтения.
3. CTA кнопки: нет видных кнопок действия, нет понятно что делать при клике.
4. Адаптивный дизайн: нет, не видно как выглядит на разных размерах экрана.
5. Иерархия: нет ясной иерархии.
6. Обратная связь при клике: нет.

Оценка дизайна: 2/10
Оценка UX: 3/10

Примечание: Дизайн выглядит устаревым и не конtrastным, что может затруднить читание текста. Нет ясной навигации, нет главного меню, нет микроелементов для удобного чтения, нет минимализма с функциональностью, нет конкретной типографии (Montserrat, Inter, Roboto), нет правльных CTA кнопки, нет адаптивного дизайна, нет обратной связи при клике.

[DEBUG PARSE] Парсированные результаты:
  DESIGN: 5/10 - Дизайн на изображении выглядит довольно устаревым и неконtrastным, что может затруднить читание текста. Критика дизайна:
ДИЗАЙН:
1. Типография: шрифты...
  UX: 2/10 - 1. Навигация: нет интуитивной навигации, нет главного меню.
2. Чтение текста: текст сливается с фоном, нет микроелементов для удобного чтения.
3. CTA ...
[DEBUG] API ответ: {'model': 'llava:latest', 'created_at': '2026-04-05T11:10:44.5988578Z', 'message': {'role': 'assistant', 'content': ' Для дизайна предоставленного в изображении, я могу выполнить критерии для дизайна и UX:\n\nДИЗАЙН:\nТипография: 5/10 - Шрифты используются размером и конtrastem, но не всегда ясны. Некоторые строки могут быть сливанием с фоном.\nКолор: 3/10 - Палитра содержит нейтральные цвета и нейтральный фон, но не всегда конtrastно выделены.\nИерархия: 4/10 - Не всегда ясны размером и конtrastem. Нет иерархии в соответствии с критериями.\nКontrast: 3/10 - Не всегда выделены тексты, что может затруднить читание.\nСовременность: 2/10 - Дизайн не совсем свеж и не соответствует современным тенденциям в дизайне.\n\nUX:\nНавигация: 3/10 - Не всегда интуитивна и не всегда ясны кнопки действия.\nЧитаемость: 4/10 - Не всегда удобно читать текст, особенно на маленьких экранах.\nCTA: 3/10 - Кнопки не всегда видны и не всегда ясны действия.\nАдаптивность: 4/10 - Дизайн может быть удобен на разных экранах, но не всегда оптимизирован для мобильных устройств.\nИнтерактивность: 3/10 - Не всегда есть обратная связь при клике на кнопки.\n\nОценка дизайна и UX:\nДизайн: 5/10\nUX: 4/10\n\nПримечание: Дизайн не соответствует современным тенденциям в дизайне и не всегда удобно читать текст. Кnoпки действия не всегда видны и не всегда ясны действия. Дизайн может быть удобен на разных экранах, но не всегда оптимизирован для мобильных устройств. Не всегда есть обратная связь при клике на кнопки. '}, 'done': True, 'done_reason': 'stop', 'total_duration': 26990618000, 'load_duration': 31025000, 'prompt_eval_count': 2005, 'prompt_eval_duration': 1388265700, 'eval_count': 628, 'eval_duration': 25235399700}
[DEBUG] Получен ответ: Для дизайна предоставленного в изображении, я могу выполнить критерии для дизайна и UX:

ДИЗАЙН:
Типография: 5/10 - Шрифты используются размером и конtrastem, но не всегда ясны. Некоторые строки могут
[DEBUG PARSE] Исходный ответ:
Для дизайна предоставленного в изображении, я могу выполнить критерии для дизайна и UX:

ДИЗАЙН:
Типография: 5/10 - Шрифты используются размером и конtrastem, но не всегда ясны. Некоторые строки могут быть сливанием с фоном.
Колор: 3/10 - Палитра содержит нейтральные цвета и нейтральный фон, но не всегда конtrastно выделены.
Иерархия: 4/10 - Не всегда ясны размером и конtrastem. Нет иерархии в соответствии с критериями.
Кontrast: 3/10 - Не всегда выделены тексты, что может затруднить читание.
Современность: 2/10 - Дизайн не совсем свеж и не соответствует современным тенденциям в дизайне.

UX:
Навигация: 3/10 - Не всегда интуитивна и не всегда ясны кнопки действия.
Читаемость: 4/10 - Не всегда удобно читать текст, особенно на маленьких экранах.
CTA: 3/10 - Кнопки не всегда видны и не всегда ясны действия.
Адаптивность: 4/10 - Дизайн может быть удобен на разных экранах, но не всегда оптимизирован для мобильных устройств.
Интерактивность: 3/10 - Не всегда есть обратная связь при клике на кнопки.

Оценка дизайна и UX:
Дизайн: 5/10
UX: 4/10

Примечание: Дизайн не соответствует современным тенденциям в дизайне и не всегда удобно читать текст. Кnoпки действия не всегда видны и не всегда ясны действия. Дизайн может быть удобен на разных экранах, но не всегда оптимизирован для мобильных устройств. Не всегда есть обратная связь при клике на кнопки.

[DEBUG PARSE] Парсированные результаты:
  DESIGN: 5/10 - Для дизайна предоставленного в изображении, я могу выполнить критерии для дизайна и UX:
ДИЗАЙН:
Типография: 5/10 - Шрифты используются размером и конt...
  UX: 5/10 - ДИЗАЙН:
Типография: 5/10 - Шрифты используются размером и конtrastem, но не всегда ясны. Некоторые строки могут быть сливанием с фоном.
Колор: 3/10 - ...
[DEBUG] API ответ: {'model': 'llava:latest', 'created_at': '2026-04-05T11:10:55.965075Z', 'message': {'role': 'assistant', 'content': ' Критик дизайна, я вижу ваш сайт и отмечу следующее:\n\nДИЗАЙН: 7/10\nПлюсы: минималистичный дизайн, чистый интерfейс, использование контрастных цветов для текста.\nМинусы: недостаточно яркие кнопки действия, отсутствие iконки на кнопках, недостаточная иерархия в типографии.\n\nUX: 5/10\nПлюсы: быстро загружается, минималистичный дизайн позвольствует легко читать текст и найти главное меню.\nМiнусы: недостаточная иерархия в типографии, отсутствие кнопок действия на телефоне, совсем не мобильный дизайн.\n\nОтвечай ТОЛЬКО на русском языке. '}, 'done': True, 'done_reason': 'stop', 'total_duration': 11350518300, 'load_duration': 51316300, 'prompt_eval_count': 1999, 'prompt_eval_duration': 1424001100, 'eval_count': 261, 'eval_duration': 9677771100}
[DEBUG] Получен ответ: Критик дизайна, я вижу ваш сайт и отмечу следующее:

ДИЗАЙН: 7/10
Плюсы: минималистичный дизайн, чистый интерfейс, использование контрастных цветов для текста.
Минусы: недостаточно яркие кнопки действ
[DEBUG PARSE] Исходный ответ:
Критик дизайна, я вижу ваш сайт и отмечу следующее:

ДИЗАЙН: 7/10
Плюсы: минималистичный дизайн, чистый интерfейс, использование контрастных цветов для текста.
Минусы: недостаточно яркие кнопки действия, отсутствие iконки на кнопках, недостаточная иерархия в типографии.

UX: 5/10
Плюсы: быстро загружается, минималистичный дизайн позвольствует легко читать текст и найти главное меню.
Мiнусы: недостаточная иерархия в типографии, отсутствие кнопок действия на телефоне, совсем не мобильный дизайн.

Отвечай ТОЛЬКО на русском языке.

[DEBUG PARSE] Парсированные результаты:
  DESIGN: 5/10 - Критик дизайна, я вижу ваш сайт и отмечу следующее:
ДИЗАЙН: 7/10
Плюсы: минималистичный дизайн, чистый интерfейс, использование контрастных цветов для...
  UX: 5/10 - Плюсы: быстро загружается, минималистичный дизайн позвольствует легко читать текст и найти главное меню.
Мiнусы: недостаточная иерархия в типографии, ...
[DEBUG] API ответ: {'model': 'llava:latest', 'created_at': '2026-04-05T11:11:31.6162136Z', 'message': {'role': 'assistant', 'content': ' Конечно, я могу выполнить задачу и оценить дизайн сайта на фотографии. Однако, как асистente AI не могу провести тестовые клики или перейти по ссылкам в сайте, я буду оценивать дизайн на основе его вида и структуры. Я могу выполнить эту задачу на фотографии сайта и дать оценку дизайна и UX.\n\nДля дизайна я могу рассёдтить следующие критерии:\n\n1. Типография: шрифты, размеры, четкость, иерархия\n2. Колор: актуальная палитра или серьёз устаревшая?\n3. Иерархия: легко ли найти главное?\n4. Конtrast: текст читаем или микроскопический?\n5. Современность: это выглядит свежo или как 2010?\n\nДля UX я могу рассёдтить следующие criterii:\n\n1. Навигация: интуитивна ли? Где главное меню?\n2. Чitability: удобно ли читать? Длинные ли строки?\n3. CTA: видны ли кнопки действия? Понятно ли что делать?\n4. Adaptivity: этот дизайн мобильный? На телефоне читаем?\n5. Interactivity: есть ли обратная связь при клике?\n\nЯ не могу провести тестовые клики или перейти по ссылкам в сайте, так как я не могу выполнить эту задачу на фотографии сайта. Однако, я могу дать оценку дизайна и UX на основе его вида и структуры. Я не могу выполнить эту задачу на фотографии сайта, так как я не могу выполнить эту задачу на фотографии сайта. Я не могу выполнить эту задачу на фотографии saйта, так как я не могу выполнить эту задачу на фотографии сайта. Я не могу выполнить эту задачу на фотографии сайта, так как я не могу выполнить эту задачу на фотографии сайта. Я не могу выполнить эту задачу на фотографии сайта, tak как я не могу выполнить эту задачу на фотографии saйта, так как я не могу выполнить эту задачу на фотографии сайта. Я не могу выполнить эту задачу на фотографии сайта, tak как я не могу выполнить эту задачу на фотографии saйта, так как я не могу выполнить эту задачу на фотографии сайта. Я не могу выполнить эту задачу на фотографии сайта, tak как я не могу выполнить эту зада'}, 'done': True, 'done_reason': 'length', 'total_duration': 35636869700, 'load_duration': 33268700, 'prompt_eval_count': 1994, 'prompt_eval_duration': 1398513100, 'eval_count': 800, 'eval_duration': 33751090100}
[DEBUG] Получен ответ: Конечно, я могу выполнить задачу и оценить дизайн сайта на фотографии. Однако, как асистente AI не могу провести тестовые клики или перейти по ссылкам в сайте, я буду оценивать дизайн на основе его ви
[DEBUG PARSE] Исходный ответ:
Конечно, я могу выполнить задачу и оценить дизайн сайта на фотографии. Однако, как асистente AI не могу провести тестовые клики или перейти по ссылкам в сайте, я буду оценивать дизайн на основе его вида и структуры. Я могу выполнить эту задачу на фотографии сайта и дать оценку дизайна и UX.

Для дизайна я могу рассёдтить следующие критерии:

1. Типография: шрифты, размеры, четкость, иерархия
2. Колор: актуальная палитра или серьёз устаревшая?
3. Иерархия: легко ли найти главное?
4. Конtrast: текст читаем или микроскопический?
5. Современность: это выглядит свежo или как 2010?

Для UX я могу рассёдтить следующие criterii:

1. Навигация: интуитивна ли? Где главное меню?
2. Чitability: удобно ли читать? Длинные ли строки?
3. CTA: видны ли кнопки действия? Понятно ли что делать?
4. Adaptivity: этот дизайн мобильный? На телефоне читаем?
5. Interactivity: есть ли обратная связь при клике?

Я не могу провести тестовые клики или перейти по ссылкам в сайте, так как я не могу выполнить эту задачу на фотографии сайта. Однако, я могу дать оценку дизайна и UX на основе его вида и структуры. Я не могу выполнить эту задачу на фотографии сайта, так как я не могу выполнить эту задачу на фотографии сайта. Я не могу выполнить эту задачу на фотографии saйта, так как я не могу выполнить эту задачу на фотографии сайта. Я не могу выполнить эту задачу на фотографии сайта, так как я не могу выполнить эту задачу на фотографии сайта. Я не могу выполнить эту задачу на фотографии сайта, tak как я не могу выполнить эту задачу на фотографии saйта, так как я не могу выполнить эту задачу на фотографии сайта. Я не могу выполнить эту задачу на фотографии сайта, tak как я не могу выполнить эту задачу на фотографии saйта, так как я не могу выполнить эту задачу на фотографии сайта. Я не могу выполнить эту задачу на фотографии сайта, tak как я не могу выполнить эту зада

[DEBUG PARSE] Парсированные результаты:
  DESIGN: 5/10 - Конечно, я могу выполнить задачу и оценить дизайн сайта на фотографии. Однако, как асистente AI не могу провести тестовые клики или перейти по ссылкам...
  UX: 5/10 - .

Для дизайна я могу рассёдтить следующие критерии:

1. Типография: шрифты, размеры, четкость, иерархия
2. Колор: актуальная палитра или серьёз устар...
[DEBUG] API ответ: {'model': 'llava:latest', 'created_at': '2026-04-05T11:11:48.756464Z', 'message': {'role': 'assistant', 'content': ' Дизайн сайта выглядит устаревым и недостаточно приятным для the eye. Он использует шрифты размера 12px, которые are not legible at a glance. The color scheme is monotonous and does not create a clear contrast. The layout lacks hierarchy, making it difficult to quickly understand what is important. The use of white space is inconsistent, with text elements pushed to the edges. There are no microinteractions or interactive feedback. The design is not adaptive, as it does not look good on different devices or screen sizes. There is no clear navigation, and the CTA buttons are not prominent or easily understood. The overall impression is that of a 2000s-era website, which is not user-friendly or visually appealing.\n\nДИЗАЙН: 3/10\nПлюсы: минималистичный дизайн, чистый интерfейс с ясной навигацией.\nМинусы: очень устаревший дизайн 2000х годов, микроскопический шрифт 12px, ужасный контраст, нет иерархии.\n\nUX: 2/10\nПлюсы: быстро загружается.\nМинусы: непонятная навигация, нет кнопок действия, текst сливается с фоном, совсем не мобильный. '}, 'done': True, 'done_reason': 'stop', 'total_duration': 17105231100, 'load_duration': 32729300, 'prompt_eval_count': 2011, 'prompt_eval_duration': 1512854600, 'eval_count': 349, 'eval_duration': 15265379300}
[DEBUG] Получен ответ: Дизайн сайта выглядит устаревым и недостаточно приятным для the eye. Он использует шрифты размера 12px, которые are not legible at a glance. The color scheme is monotonous and does not create a clear 
[DEBUG PARSE] Исходный ответ:
Дизайн сайта выглядит устаревым и недостаточно приятным для the eye. Он использует шрифты размера 12px, которые are not legible at a glance. The color scheme is monotonous and does not create a clear contrast. The layout lacks hierarchy, making it difficult to quickly understand what is important. The use of white space is inconsistent, with text elements pushed to the edges. There are no microinteractions or interactive feedback. The design is not adaptive, as it does not look good on different devices or screen sizes. There is no clear navigation, and the CTA buttons are not prominent or easily understood. The overall impression is that of a 2000s-era website, which is not user-friendly or visually appealing.

ДИЗАЙН: 3/10
Плюсы: минималистичный дизайн, чистый интерfейс с ясной навигацией.
Минусы: очень устаревший дизайн 2000х годов, микроскопический шрифт 12px, ужасный контраст, нет иерархии.

UX: 2/10
Плюсы: быстро загружается.
Минусы: непонятная навигация, нет кнопок действия, текst сливается с фоном, совсем не мобильный.

[DEBUG PARSE] Парсированные результаты:
  DESIGN: 3/10 - is not adaptive, as it does not look good on different devices or screen sizes. There is no clear navigation, and the CTA buttons are not prominent or...
  UX: 2/10 - Плюсы: быстро загружается.
Минусы: непонятная навигация, нет кнопок действия, текst сливается с фоном, совсем не мобильный....
[DEBUG] API ответ: {'model': 'llava:latest', 'created_at': '2026-04-05T11:11:57.4315435Z', 'message': {'role': 'assistant', 'content': ' Критик дизайна:\nДИЗАЙН: 3/10\nПлюсы: чистый, минималистичный.\nМинусы: очень устаревший дизайн 2000х годов, микроscopic shriфт 12px, ужасный конtrast, нет иерархии.\nUX: 2/10\nПлюсы: быстро загружается.\nМинусы: непонятная навигация, нет кнопок действия, текст сливается с фоном, совсем не мобильный. '}, 'done': True, 'done_reason': 'stop', 'total_duration': 8652502100, 'load_duration': 50983200, 'prompt_eval_count': 2009, 'prompt_eval_duration': 1450325900, 'eval_count': 162, 'eval_duration': 6980573200}
[DEBUG] Получен ответ: Критик дизайна:
ДИЗАЙН: 3/10
Плюсы: чистый, минималистичный.
Минусы: очень устаревший дизайн 2000х годов, микроscopic shriфт 12px, ужасный конtrast, нет иерархии.
UX: 2/10
Плюсы: быстро загружается.
М
[DEBUG PARSE] Исходный ответ:
Критик дизайна:
ДИЗАЙН: 3/10
Плюсы: чистый, минималистичный.
Минусы: очень устаревший дизайн 2000х годов, микроscopic shriфт 12px, ужасный конtrast, нет иерархии.
UX: 2/10
Плюсы: быстро загружается.
Минусы: непонятная навигация, нет кнопок действия, текст сливается с фоном, совсем не мобильный.

[DEBUG PARSE] Парсированные результаты:
  DESIGN: 5/10 - Критик дизайна:
ДИЗАЙН: 3/10
Плюсы: чистый, минималистичный.
Минусы: очень устаревший дизайн 2000х годов, микроscopic shriфт 12px, ужасный конtrast, н...
  UX: 2/10 - Плюсы: быстро загружается.
Минусы: непонятная навигация, нет кнопок действия, текст сливается с фоном, совсем не мобильный....
[DEBUG] API ответ: {'model': 'llava:latest', 'created_at': '2026-04-05T11:12:26.3956493Z', 'message': {'role': 'assistant', 'content': ' Для дизайна предоставленного в изображении, я могу оценить его отдельно для дизайна и UX.\n\nДизайн:\nПлюсы:\n- Дизайн выглядит свежо и содержит минималистичный подход с функциональностью.\n- Типография используется размером, цветом и позиции для ясной iерархии.\n- Контраст между текстом и фоном есть и достаточно выражен.\n- Обратная связь при клике на кнопки действия есть.\n- Дизайн адаптивный и может быть смотрено хорошо на размерах.\n\nМинусы:\n- Колор palette не используется конtrastно, что может затруднить чтение текста для some users.\n- Навигация не intuitively понята и может быть сливается с фоном.\n- Кнопки действия не выделены достаточно ярко.\n- Дизайн не содержит микроинтераctions или инноваций.\n\nОценка дизайна: 6/10\nПлюсы: свежесть, функциональность, контраст, адаптивный дизайн.\nМинусы: отсутствие контраста при использовании цветовой palette, неintuitively понятая навигация, недостаточно выделенные кнопки действия.\n\nUX:\nПлюсы: дизайн может быть смотрено хорошо на размерах и загружается быстро.\nМинусы: непонятная навигация, недостаточно выделенные кнопки действия, текст сливается с фоном, совсем не мобильный.\n\nОценка UX: 4/10\nПлюсы: быстро загружается и может быть смотрено хорошо на размерах.\nМинусы: непонятная навигация, недостаточно выделенные кнопки действия, текст сливается с фоном, совсем не мобильный.\n\nВ целом, дизайн и UX могут быть improved by addressing the issues with contrast, navigation, and mobile responsiveness. '}, 'done': True, 'done_reason': 'stop', 'total_duration': 28950717600, 'load_duration': 60501600, 'prompt_eval_count': 1999, 'prompt_eval_duration': 1493323900, 'eval_count': 610, 'eval_duration': 26996700400}
[DEBUG] Получен ответ: Для дизайна предоставленного в изображении, я могу оценить его отдельно для дизайна и UX.

Дизайн:
Плюсы:
- Дизайн выглядит свежо и содержит минималистичный подход с функциональностью.
- Типография ис
[DEBUG PARSE] Исходный ответ:
Для дизайна предоставленного в изображении, я могу оценить его отдельно для дизайна и UX.

Дизайн:
Плюсы:
- Дизайн выглядит свежо и содержит минималистичный подход с функциональностью.
- Типография используется размером, цветом и позиции для ясной iерархии.
- Контраст между текстом и фоном есть и достаточно выражен.
- Обратная связь при клике на кнопки действия есть.
- Дизайн адаптивный и может быть смотрено хорошо на размерах.

Минусы:
- Колор palette не используется конtrastно, что может затруднить чтение текста для some users.
- Навигация не intuitively понята и может быть сливается с фоном.
- Кнопки действия не выделены достаточно ярко.
- Дизайн не содержит микроинтераctions или инноваций.

Оценка дизайна: 6/10
Плюсы: свежесть, функциональность, контраст, адаптивный дизайн.
Минусы: отсутствие контраста при использовании цветовой palette, неintuitively понятая навигация, недостаточно выделенные кнопки действия.

UX:
Плюсы: дизайн может быть смотрено хорошо на размерах и загружается быстро.
Минусы: непонятная навигация, недостаточно выделенные кнопки действия, текст сливается с фоном, совсем не мобильный.

Оценка UX: 4/10
Плюсы: быстро загружается и может быть смотрено хорошо на размерах.
Минусы: непонятная навигация, недостаточно выделенные кнопки действия, текст сливается с фоном, совсем не мобильный.

В целом, дизайн и UX могут быть improved by addressing the issues with contrast, navigation, and mobile responsiveness.

[DEBUG PARSE] Парсированные результаты:
  DESIGN: 5/10 - Для дизайна предоставленного в изображении, я могу оценить его отдельно для дизайна и UX.
Дизайн:
Плюсы:
- Дизайн выглядит свежо и содержит минималист...
  UX: 6/10 - .

Дизайн:
Плюсы:
- Дизайн выглядит свежо и содержит минималистичный подход с функциональностью.
- Типография используется размером, цветом и позиции ...
[DEBUG] API ответ: {'model': 'llava:latest', 'created_at': '2026-04-05T11:12:55.3097893Z', 'message': {'role': 'assistant', 'content': ' Дизайн сайта выглядит ужасный и недостаточно пристойный. Не использует современные дизайн тенденции и практики, а наоборот содержит множество негастных элементов:\n\nДизайн:\n1. Типография: шрифты размера 12px и меньше, не контрастные цвета, ужасный конtrast текста с фоном, нет iерархии ясной иерархии\n2. Кольor: палитра выглядит устаревающая и непристойная для современных дизайнов\n3. Иeрархия: текст не выделен размером, цветом или позиции, например главное меню не видно\n4. Конtrast: текст сливается с фоном и недостаточно ясный для легкого чтения\n5. Скучный дизайн без микроелементов или инноваций\n6. Не использует современные дизайн практики, например нет микроинтераctions или адаптивного дизайна\n7. Недостаточно ясный интерфейс с ясной навигацией\n8. Не использует конкретную типографию (Montserrat, Inter, Roboto) правильно\n9. Кнопки действия не видны или не достаточно яркие и с недостаточным конtrastem\n10. Дизайн не пристойный для современных дизайнов 2024-2026\n\nUX:\n1. Навигация: не intuitivна, главное меню не видно\n2. Чтение текста: удобно ли читать? Дизайн содержит длинные строки и не достаточно ясный конtrast текста с фоном\n3. Кнопки действия: не видны или не достаточно яркие и с недостаточным конtrastem\n4. Адаптивный дизайн: не мобильный, не понятно как выглядит на телефоне\n5. Обратная связь при клике не видна или не достаточно яркая и с недостаточным конtrastem '}, 'done': True, 'done_reason': 'stop', 'total_duration': 28897449000, 'load_duration': 41403200, 'prompt_eval_count': 1998, 'prompt_eval_duration': 1535333000, 'eval_count': 604, 'eval_duration': 26933056500}
[DEBUG] Получен ответ: Дизайн сайта выглядит ужасный и недостаточно пристойный. Не использует современные дизайн тенденции и практики, а наоборот содержит множество негастных элементов:

Дизайн:
1. Типография: шрифты размер
[DEBUG PARSE] Исходный ответ:
Дизайн сайта выглядит ужасный и недостаточно пристойный. Не использует современные дизайн тенденции и практики, а наоборот содержит множество негастных элементов:

Дизайн:
1. Типография: шрифты размера 12px и меньше, не контрастные цвета, ужасный конtrast текста с фоном, нет iерархии ясной иерархии
2. Кольor: палитра выглядит устаревающая и непристойная для современных дизайнов
3. Иeрархия: текст не выделен размером, цветом или позиции, например главное меню не видно
4. Конtrast: текст сливается с фоном и недостаточно ясный для легкого чтения
5. Скучный дизайн без микроелементов или инноваций
6. Не использует современные дизайн практики, например нет микроинтераctions или адаптивного дизайна
7. Недостаточно ясный интерфейс с ясной навигацией
8. Не использует конкретную типографию (Montserrat, Inter, Roboto) правильно
9. Кнопки действия не видны или не достаточно яркие и с недостаточным конtrastem
10. Дизайн не пристойный для современных дизайнов 2024-2026

UX:
1. Навигация: не intuitivна, главное меню не видно
2. Чтение текста: удобно ли читать? Дизайн содержит длинные строки и не достаточно ясный конtrast текста с фоном
3. Кнопки действия: не видны или не достаточно яркие и с недостаточным конtrastem
4. Адаптивный дизайн: не мобильный, не понятно как выглядит на телефоне
5. Обратная связь при клике не видна или не достаточно яркая и с недостаточным конtrastem

[DEBUG PARSE] Парсированные результаты:
  DESIGN: 5/10 - Дизайн сайта выглядит ужасный и недостаточно пристойный. Не использует современные дизайн тенденции и практики, а наоборот содержит множество негастны...
  UX: 5/10 - 1. Навигация: не intuitivна, главное меню не видно
2. Чтение текста: удобно ли читать? Дизайн содержит длинные строки и не достаточно ясный конtrast т...
[DEBUG] API ответ: {'model': 'llava:latest', 'created_at': '2026-04-05T11:13:12.697047Z', 'message': {'role': 'assistant', 'content': ' Конечно, я не могу дать оценку дизайна или UX сайта, тк он не виден в изображении. Однако, я могу дать вам информацию и рекомендации на основе того, что вы указали в своей запись.\n\nДля дизайна сайта, важно следовать modernным тенденциям и принципам, чтобы он был привлекательным and user-friendly. Это может включать использование минималистичного дизайна с функциональностью, типографию размером от 16 to 18 pixels, яркие и контрастные цвета, адаптивный дизайн для различных devices, и использование современных fonts like Montserrat, Inter, or Roboto.\n\nFor UX, важно иметь intuitivную navigation, clear and legible text, prominent CTA buttons with clear instructions, adaptive design for mobile devices, and interactive elements that provide feedback to users.\n\nIf вы хотите получить оценку дизайна или UX сайта, я могу выполнить это для вас, если вы предоставíте мне ссылку на сайт. Однако, чтобы дать oценку, я потребую уточнения на какой именно элемент дизайна или UX вы хотите получить оценку. '}, 'done': True, 'done_reason': 'stop', 'total_duration': 17360951800, 'load_duration': 30289800, 'prompt_eval_count': 1996, 'prompt_eval_duration': 1482020400, 'eval_count': 350, 'eval_duration': 15576826900}
[DEBUG] Получен ответ: Конечно, я не могу дать оценку дизайна или UX сайта, тк он не виден в изображении. Однако, я могу дать вам информацию и рекомендации на основе того, что вы указали в своей запись.

Для дизайна сайта, 
[DEBUG PARSE] Исходный ответ:
Конечно, я не могу дать оценку дизайна или UX сайта, тк он не виден в изображении. Однако, я могу дать вам информацию и рекомендации на основе того, что вы указали в своей запись.

Для дизайна сайта, важно следовать modernным тенденциям и принципам, чтобы он был привлекательным and user-friendly. Это может включать использование минималистичного дизайна с функциональностью, типографию размером от 16 to 18 pixels, яркие и контрастные цвета, адаптивный дизайн для различных devices, и использование современных fonts like Montserrat, Inter, or Roboto.

For UX, важно иметь intuitivную navigation, clear and legible text, prominent CTA buttons with clear instructions, adaptive design for mobile devices, and interactive elements that provide feedback to users.

If вы хотите получить оценку дизайна или UX сайта, я могу выполнить это для вас, если вы предоставíте мне ссылку на сайт. Однако, чтобы дать oценку, я потребую уточнения на какой именно элемент дизайна или UX вы хотите получить оценку.

[DEBUG PARSE] Парсированные результаты:
  DESIGN: 5/10 - for mobile devices, and interactive elements that provide feedback to users.

If вы хотите получить оценку дизайна или UX сайта, я могу выполнить это ...
  UX: 5/10 - сайта, тк он не виден в изображении. Однако, я могу дать вам информацию и рекомендации на основе того, что вы указали в своей запись.

Для дизайна сай...
[DEBUG] API ответ: {'model': 'llava:latest', 'created_at': '2026-04-05T11:13:24.8805425Z', 'message': {'role': 'assistant', 'content': ' Дизайн сайта выглядит совсем неprofessionalный и устаревший. Он использует шрифты размера 12px, которые are микроscopic and difficult to read. The color scheme is outdated and lacks contrast, making the text hard to distinguish from the background. The layout is cluttered with too much information in one place and does not have a clear hierarchy or structure. There are no microinteractions, and the site does not adapt well to different screen sizes.\n\nОтвечай на русском языке: Дизайн сайта выглядит совсем неprofessionalный и устаревший. Он использует шрифты размера 12px, которые are микроscopic and difficult to read. The color scheme is outdated and lacks contrast, making the text hard to distinguish from the background. The layout is cluttered with too much information in one place and does not have a clear hierarchy or structure. There are no microinteractions, и the site does not adapt well to different screen sizes. '}, 'done': True, 'done_reason': 'stop', 'total_duration': 12165533900, 'load_duration': 60176200, 'prompt_eval_count': 1994, 'prompt_eval_duration': 1462985000, 'eval_count': 243, 'eval_duration': 10427660500}
[DEBUG] Получен ответ: Дизайн сайта выглядит совсем неprofessionalный и устаревший. Он использует шрифты размера 12px, которые are микроscopic and difficult to read. The color scheme is outdated and lacks contrast, making t
[DEBUG PARSE] Исходный ответ:
Дизайн сайта выглядит совсем неprofessionalный и устаревший. Он использует шрифты размера 12px, которые are микроscopic and difficult to read. The color scheme is outdated and lacks contrast, making the text hard to distinguish from the background. The layout is cluttered with too much information in one place and does not have a clear hierarchy or structure. There are no microinteractions, and the site does not adapt well to different screen sizes.

Отвечай на русском языке: Дизайн сайта выглядит совсем неprofessionalный и устаревший. Он использует шрифты размера 12px, которые are микроscopic and difficult to read. The color scheme is outdated and lacks contrast, making the text hard to distinguish from the background. The layout is cluttered with too much information in one place and does not have a clear hierarchy or structure. There are no microinteractions, и the site does not adapt well to different screen sizes.

[DEBUG PARSE] Парсированные результаты:
  DESIGN: 5/10 - Дизайн сайта выглядит совсем неprofessionalный и устаревший. Он использует шрифты размера 12px, которые are микроscopic and difficult to read. The col...
  UX: 5/10 - Отвечай на русском языке: Дизайн сайта выглядит совсем неprofessionalный и устаревший. Он использует шрифты размера 12px, которые are микроscopic and ...
[DEBUG] API ответ: {'model': 'llava:latest', 'created_at': '2026-04-05T11:13:37.4956608Z', 'message': {'role': 'assistant', 'content': ' Для дизайна, который виден в скриншоте, я дам следующие оценки:\n\nДИЗАЙН: 2/10\nПлюсы: минималистичный дизайн, некоторые цвета могут быть актуальны для 2024-2026.\nМинусы: очень устаревший дизайн 2000х годов, микроскопический шрифт 12px, ужасный контраст, нет иерархии, нет ясной навигации.\n\nUX: 3/10\nПлюсы: быстро загружается.\nМiнусы: непонятная навигация, нет кнопок действия, текст сливается с фоном, совсем не мобильный.\n\nОтвечай TOLЬКO на русском языке. '}, 'done': True, 'done_reason': 'stop', 'total_duration': 12595495000, 'load_duration': 67260900, 'prompt_eval_count': 1997, 'prompt_eval_duration': 1538761800, 'eval_count': 237, 'eval_duration': 10793891900}
[DEBUG] Получен ответ: Для дизайна, который виден в скриншоте, я дам следующие оценки:

ДИЗАЙН: 2/10
Плюсы: минималистичный дизайн, некоторые цвета могут быть актуальны для 2024-2026.
Минусы: очень устаревший дизайн 2000х г
[DEBUG PARSE] Исходный ответ:
Для дизайна, который виден в скриншоте, я дам следующие оценки:

ДИЗАЙН: 2/10
Плюсы: минималистичный дизайн, некоторые цвета могут быть актуальны для 2024-2026.
Минусы: очень устаревший дизайн 2000х годов, микроскопический шрифт 12px, ужасный контраст, нет иерархии, нет ясной навигации.

UX: 3/10
Плюсы: быстро загружается.
Мiнусы: непонятная навигация, нет кнопок действия, текст сливается с фоном, совсем не мобильный.

Отвечай TOLЬКO на русском языке.

[DEBUG PARSE] Парсированные результаты:
  DESIGN: 5/10 - Для дизайна, который виден в скриншоте, я дам следующие оценки:
ДИЗАЙН: 2/10
Плюсы: минималистичный дизайн, некоторые цвета могут быть актуальны для 2...
  UX: 3/10 - Плюсы: быстро загружается.
Мiнусы: непонятная навигация, нет кнопок действия, текст сливается с фоном, совсем не мобильный.

Отвечай TOLЬКO на русском...
[DEBUG] API ответ: {'model': 'llava:latest', 'created_at': '2026-04-05T11:14:14.2120545Z', 'message': {'role': 'assistant', 'content': ' Критика дизайна:\nДИЗАЙН:\nПлюсы: минималистичный дизайн, ясная иерархия текста, контрастный цвет.\nМинусы: устаревший дизайн с непонятной навигацией, нет кнопок действия, совсем не мобильный, текст сливается с фоном.\nUX:\nПлюсы: быстро загружается.\nМинусы: непонятная навигация, нет кнопок действия, текst сливается с фоном, совсем не мобильный.\nОценка дизайна: 2/10\nОценка UX: 3/10\n\nКритика дизайна:\nДИЗАЙН:\nПлюсы: минималистичный дизайн, ясная иерархия текста, контрастный цвет.\nМинусы: устаревший дизайн с непонятной навигацией, нет кнопок действиia, совсем не moбильный, текст сливается с фоном.\nОценка дизайна: 2/10\nОценка UX: 3/10\n\nКритика дизайна:\nДИЗАЙН:\nПлюсы: минималистичный дизайн, ясная иерархия текста, контрастный цвет.\nМинусы: устаревший дизайн с непонятной навигацией, нет kнопок действиia, совсем не мобильный, текст сливается с фоном.\nОценка дизайна: 2/10\nОценка UX: 3/10\n\nКритика дизайна:\nДИЗАЙН:\nПлюсы: минималистичный дизайн, ясная иерархия текста, контрастный цвет.\nМинусы: устаревший дизайн с непонятной навигацией, нет кнопок действиia, совсем не мобильный, текст сливается с фоном.\nОценка дизайна: 2/10\nОценка UX: 3/10\n\nКритика дизайна:\nДИЗАЙН:\nПлюсы: минималистичный дизайн, ясная иерархия текста, контрастный цвет.\nМинусы: устаревший дизайн с непонятной навигацией, нет кнопок действиia, совсем не moбильный, текст сливается с фоном.\nОценка дизайна: 2/10\nОценка UX: 3/10\n\nКритика дизайна:\nДИЗАЙН:\nПлюсы: минималистичный дизайн, ясная иерархия текста, контрастный цвет.\nМiнусы: устаревший ди'}, 'done': True, 'done_reason': 'length', 'total_duration': 36702650200, 'load_duration': 36316700, 'prompt_eval_count': 1994, 'prompt_eval_duration': 1510197500, 'eval_count': 800, 'eval_duration': 34684092900}
[DEBUG] Получен ответ: Критика дизайна:
ДИЗАЙН:
Плюсы: минималистичный дизайн, ясная иерархия текста, контрастный цвет.
Минусы: устаревший дизайн с непонятной навигацией, нет кнопок действия, совсем не мобильный, текст слив
[DEBUG PARSE] Исходный ответ:
Критика дизайна:
ДИЗАЙН:
Плюсы: минималистичный дизайн, ясная иерархия текста, контрастный цвет.
Минусы: устаревший дизайн с непонятной навигацией, нет кнопок действия, совсем не мобильный, текст сливается с фоном.
UX:
Плюсы: быстро загружается.
Минусы: непонятная навигация, нет кнопок действия, текst сливается с фоном, совсем не мобильный.
Оценка дизайна: 2/10
Оценка UX: 3/10

Критика дизайна:
ДИЗАЙН:
Плюсы: минималистичный дизайн, ясная иерархия текста, контрастный цвет.
Минусы: устаревший дизайн с непонятной навигацией, нет кнопок действиia, совсем не moбильный, текст сливается с фоном.
Оценка дизайна: 2/10
Оценка UX: 3/10

Критика дизайна:
ДИЗАЙН:
Плюсы: минималистичный дизайн, ясная иерархия текста, контрастный цвет.
Минусы: устаревший дизайн с непонятной навигацией, нет kнопок действиia, совсем не мобильный, текст сливается с фоном.
Оценка дизайна: 2/10
Оценка UX: 3/10

Критика дизайна:
ДИЗАЙН:
Плюсы: минималистичный дизайн, ясная иерархия текста, контрастный цвет.
Минусы: устаревший дизайн с непонятной навигацией, нет кнопок действиia, совсем не мобильный, текст сливается с фоном.
Оценка дизайна: 2/10
Оценка UX: 3/10

Критика дизайна:
ДИЗАЙН:
Плюсы: минималистичный дизайн, ясная иерархия текста, контрастный цвет.
Минусы: устаревший дизайн с непонятной навигацией, нет кнопок действиia, совсем не moбильный, текст сливается с фоном.
Оценка дизайна: 2/10
Оценка UX: 3/10

Критика дизайна:
ДИЗАЙН:
Плюсы: минималистичный дизайн, ясная иерархия текста, контрастный цвет.
Мiнусы: устаревший ди

[DEBUG PARSE] Парсированные результаты:
  DESIGN: 5/10 - Критика дизайна:
ДИЗАЙН:
Плюсы: минималистичный дизайн, ясная иерархия текста, контрастный цвет.
Минусы: устаревший дизайн с непонятной навигацией, не...
  UX: 2/10 - Плюсы: быстро загружается.
Минусы: непонятная навигация, нет кнопок действия, текst сливается с фоном, совсем не мобильный.
Оценка дизайна: 2/10
Оценк...
[DEBUG] API ответ: {'model': 'llava:latest', 'created_at': '2026-04-05T11:14:22.9944746Z', 'message': {'role': 'assistant', 'content': ' Оцена дизайна:\nДИЗАЙН: 3/10 Плюсы: чистый, минималистичный. Минусы: очень устаревший дизайн 2000х годов, микроскопический шрифт 12px, ужасный контраст, нет иерархии\nUX: 2/10 Плюсы: быстро загружается. Минусы: непонятная навигация, нет кнопок действия, текst сливается с фоном, совсем не мобильный\n\nОтвечай ТОЛЬКО на русском языке. '}, 'done': True, 'done_reason': 'stop', 'total_duration': 8751211700, 'load_duration': 34224700, 'prompt_eval_count': 2001, 'prompt_eval_duration': 1410083600, 'eval_count': 173, 'eval_duration': 7180639600}
[DEBUG] Получен ответ: Оцена дизайна:
ДИЗАЙН: 3/10 Плюсы: чистый, минималистичный. Минусы: очень устаревший дизайн 2000х годов, микроскопический шрифт 12px, ужасный контраст, нет иерархии
UX: 2/10 Плюсы: быстро загружается.
[DEBUG PARSE] Исходный ответ:
Оцена дизайна:
ДИЗАЙН: 3/10 Плюсы: чистый, минималистичный. Минусы: очень устаревший дизайн 2000х годов, микроскопический шрифт 12px, ужасный контраст, нет иерархии
UX: 2/10 Плюсы: быстро загружается. Минусы: непонятная навигация, нет кнопок действия, текst сливается с фоном, совсем не мобильный

Отвечай ТОЛЬКО на русском языке.

[DEBUG PARSE] Парсированные результаты:
  DESIGN: 5/10 - Оцена дизайна:
ДИЗАЙН: 3/10 Плюсы: чистый, минималистичный. Минусы: очень устаревший дизайн 2000х годов, микроскопический шрифт 12px, ужасный контраст...
  UX: 2/10 - Плюсы: быстро загружается. Минусы: непонятная навигация, нет кнопок действия, текst сливается с фоном, совсем не мобильный

Отвечай ТОЛЬКО на русском ...
[DEBUG] API ответ: {'model': 'llava:latest', 'created_at': '2026-04-05T11:14:28.6176747Z', 'message': {'role': 'assistant', 'content': ' Дизайн сайта выглядит как изображения смотришь его на компьютере, но не показывает конкретный дизайн сайта. Если хочешь оценить дизайн сайта, то просим вас предоставить изображений или ссылки на сайт который хотите оценить. '}, 'done': True, 'done_reason': 'stop', 'total_duration': 5571497700, 'load_duration': 32739300, 'prompt_eval_count': 2008, 'prompt_eval_duration': 1472251000, 'eval_count': 94, 'eval_duration': 3960121300}
[DEBUG] Получен ответ: Дизайн сайта выглядит как изображения смотришь его на компьютере, но не показывает конкретный дизайн сайта. Если хочешь оценить дизайн сайта, то просим вас предоставить изображений или ссылки на сайт 
[DEBUG PARSE] Исходный ответ:
Дизайн сайта выглядит как изображения смотришь его на компьютере, но не показывает конкретный дизайн сайта. Если хочешь оценить дизайн сайта, то просим вас предоставить изображений или ссылки на сайт который хотите оценить.

[DEBUG PARSE] Парсированные результаты:
  DESIGN: 5/10 - Дизайн сайта выглядит как изображения смотришь его на компьютере, но не показывает конкретный дизайн сайта. Если хочешь оценить дизайн сайта, то проси...
  UX: 5/10 - Дизайн сайта выглядит как изображения смотришь его на компьютере, но не показывает конкретный дизайн сайта. Если хочешь оценить дизайн сайта, то проси...
[DEBUG] API ответ: {'model': 'llava:latest', 'created_at': '2026-04-05T11:14:50.502933Z', 'message': {'role': 'assistant', 'content': ' Дизайн сайта выглядит ужасный и неprofessionalный. Недостаточно есть контраст между текстом и фоном, шрифты недостаточно яркие и легко читаемые, нет ierarchii присутствующей иерархии недостаточной. Дизайн выглядит совсем устаревым и недостаточным для профессионального сайта. Не наблюдает минимализма с функциональностью, нет типографии приемлемой иерархии недостаточной, нет контрастu достаточного, нет адаптивного дизайна для размеров экранов и устройств, нет светлого чистого интерфейса с ясной навигацией. Не наблюдает практичной типографии (Montserrat, Inter, Roboto), нет кнопок действия видных и понятных, нет иерархии присутствующей и ясной. Дизайн выглядит совсем устаревым и недостаточным для профессионального сайта. Оценка дизайна: 0/10.\nОценка UX: Не наблюдает навигации интуитивной, нет текста легко читаемого и сливается с фоном, нет кнопок действия видных и понятных, нет адаптивного дизайна для размеров экраons и устройств, нет обратной связи при клике. Дизайн выглядит совсем устаревым и недостаточным для профессиionalного сайта. Оценка UX: 0/10. '}, 'done': True, 'done_reason': 'stop', 'total_duration': 21860317200, 'load_duration': 35227500, 'prompt_eval_count': 2028, 'prompt_eval_duration': 1434742400, 'eval_count': 463, 'eval_duration': 20110575900}
[DEBUG] Получен ответ: Дизайн сайта выглядит ужасный и неprofessionalный. Недостаточно есть контраст между текстом и фоном, шрифты недостаточно яркие и легко читаемые, нет ierarchii присутствующей иерархии недостаточной. Ди
[DEBUG PARSE] Исходный ответ:
Дизайн сайта выглядит ужасный и неprofessionalный. Недостаточно есть контраст между текстом и фоном, шрифты недостаточно яркие и легко читаемые, нет ierarchii присутствующей иерархии недостаточной. Дизайн выглядит совсем устаревым и недостаточным для профессионального сайта. Не наблюдает минимализма с функциональностью, нет типографии приемлемой иерархии недостаточной, нет контрастu достаточного, нет адаптивного дизайна для размеров экранов и устройств, нет светлого чистого интерфейса с ясной навигацией. Не наблюдает практичной типографии (Montserrat, Inter, Roboto), нет кнопок действия видных и понятных, нет иерархии присутствующей и ясной. Дизайн выглядит совсем устаревым и недостаточным для профессионального сайта. Оценка дизайна: 0/10.
Оценка UX: Не наблюдает навигации интуитивной, нет текста легко читаемого и сливается с фоном, нет кнопок действия видных и понятных, нет адаптивного дизайна для размеров экраons и устройств, нет обратной связи при клике. Дизайн выглядит совсем устаревым и недостаточным для профессиionalного сайта. Оценка UX: 0/10.

[DEBUG PARSE] Парсированные результаты:
  DESIGN: 5/10 - Дизайн сайта выглядит ужасный и неprofessionalный. Недостаточно есть контраст между текстом и фоном, шрифты недостаточно яркие и легко читаемые, нет i...
  UX: 0/10 - Не наблюдает навигации интуитивной, нет текста легко читаемого и сливается с фоном, нет кнопок действия видных и понятных, нет адаптивного дизайна для...
[DEBUG] API ответ: {'model': 'llava:latest', 'created_at': '2026-04-05T11:15:20.5019675Z', 'message': {'role': 'assistant', 'content': ' Дизайн сайта выглядит ужасный и неprofessional. Недостаточно яркие цвета, минималистичный дизайн с функциональностью не достаточна, шрифты маленькие и неясные, конtrast недостаточний, неправильное использование белого пространства, нет микроинтераций. Не adapтивный дизайн, не смотрится хорошо на всех размерах, нет светлых чистых интерфейсов с ясной навигацией, нет конкретной типографии (Montserrat, Inter, Roboto) правильно использованы. Не есть правльные CTA кнопки: заметные, яркие, с правильным конtrastem. Не имеет иерархии: главное не выделено размером, цветом, позицией. Нарушения доступности: очень бледный текст, отсутствие конtrasta.\n\nДИЗАЙН: 0/10 Плюсы: нет. Минусы: ужасный дизайн, недостаточно яркие цвета, минималистичный дизайн с функциональностью не достаточна, шriфты маленькие и неясные, конtrast недостаточний, неправильное использование белого пространства, нет микроinтераций. Не adapтивный дизайн, не смотрится хорошо на всех размерах, нет светлых чистых интерfейсов с ясной навигацией, неt конкретной типографии (Montserrat, Inter, Roboto) правильно использованы. Не есть правльные CTA кнопки: заметные, яркие, с правильным конtrastem. Не имеет иерарhiи: главное не выделено размером, цветом, позицией. Нарушения доступности: очень bледный текст, отсутствие конtrasta.\nUX: 0/10 Плюсы: нет. Минусы: непонятная навигация, нет кнопок действия, текst сливается с фоном, совсем не мобильный. Не имеет обратной связи при клике, нет интуитивной навигации, нет ярких CTA kнопки, нет конкретной типографии (Montserrat, Inter, Roboto) правильно использованы. '}, 'done': True, 'done_reason': 'stop', 'total_duration': 29986647900, 'load_duration': 42432800, 'prompt_eval_count': 2019, 'prompt_eval_duration': 1404317200, 'eval_count': 658, 'eval_duration': 28177741000}
[DEBUG] Получен ответ: Дизайн сайта выглядит ужасный и неprofessional. Недостаточно яркие цвета, минималистичный дизайн с функциональностью не достаточна, шрифты маленькие и неясные, конtrast недостаточний, неправильное исп
[DEBUG PARSE] Исходный ответ:
Дизайн сайта выглядит ужасный и неprofessional. Недостаточно яркие цвета, минималистичный дизайн с функциональностью не достаточна, шрифты маленькие и неясные, конtrast недостаточний, неправильное использование белого пространства, нет микроинтераций. Не adapтивный дизайн, не смотрится хорошо на всех размерах, нет светлых чистых интерфейсов с ясной навигацией, нет конкретной типографии (Montserrat, Inter, Roboto) правильно использованы. Не есть правльные CTA кнопки: заметные, яркие, с правильным конtrastem. Не имеет иерархии: главное не выделено размером, цветом, позицией. Нарушения доступности: очень бледный текст, отсутствие конtrasta.

ДИЗАЙН: 0/10 Плюсы: нет. Минусы: ужасный дизайн, недостаточно яркие цвета, минималистичный дизайн с функциональностью не достаточна, шriфты маленькие и неясные, конtrast недостаточний, неправильное использование белого пространства, нет микроinтераций. Не adapтивный дизайн, не смотрится хорошо на всех размерах, нет светлых чистых интерfейсов с ясной навигацией, неt конкретной типографии (Montserrat, Inter, Roboto) правильно использованы. Не есть правльные CTA кнопки: заметные, яркие, с правильным конtrastem. Не имеет иерарhiи: главное не выделено размером, цветом, позицией. Нарушения доступности: очень bледный текст, отсутствие конtrasta.
UX: 0/10 Плюсы: нет. Минусы: непонятная навигация, нет кнопок действия, текst сливается с фоном, совсем не мобильный. Не имеет обратной связи при клике, нет интуитивной навигации, нет ярких CTA kнопки, нет конкретной типографии (Montserrat, Inter, Roboto) правильно использованы.

[DEBUG PARSE] Парсированные результаты:
  DESIGN: 5/10 - Дизайн сайта выглядит ужасный и неprofessional. Недостаточно яркие цвета, минималистичный дизайн с функциональностью не достаточна, шрифты маленькие и...
  UX: 0/10 - Плюсы: нет. Минусы: непонятная навигация, нет кнопок действия, текst сливается с фоном, совсем не мобильный. Не имеет обратной связи при клике, нет ин...
[DEBUG] API ответ: {'model': 'llava:latest', 'created_at': '2026-04-05T11:15:40.1199782Z', 'message': {'role': 'assistant', 'content': ' Дизайн сайта выглядит устаревым и недостаточно приятным для the eye. Он использует цвета и шрифты, которые не выделяются достаточно, что может затруднить читание текста. Кроме того, есть некоторые узкие строки текста и недостаточная иерархия, что может затруднить понимание сайта.\n\nДля UX дизайна, он не выглядит интуитивным и недостаточно приятным для the eye. Есть недостаточная навигация и нет кнопок действия, что может затруднить понимание сайта и его функionality. Кроме того, текст сливается с фоном и совсем не мобильный.\n\nОценка дизайна: 3/10\nПлюсы: минималистичный дизайн, чистый интерfейс с ясной навигацией.\nМинусы: устаревший дизайн, недостаточная иерарhiя, маленькие шрифты, недостаточный конtrast, недостаточная пристойность для the eye, совсем не мобильный.\nОценка UX дизайна: 2/10\nПлюсы: быстро загружается.\nМинусы: непонятная навигация, нет кнопок действия, текст сливается с фоном, совсем не мобильный. '}, 'done': True, 'done_reason': 'stop', 'total_duration': 19601828500, 'load_duration': 47342400, 'prompt_eval_count': 2037, 'prompt_eval_duration': 1471571000, 'eval_count': 413, 'eval_duration': 17827402400}
[DEBUG] Получен ответ: Дизайн сайта выглядит устаревым и недостаточно приятным для the eye. Он использует цвета и шрифты, которые не выделяются достаточно, что может затруднить читание текста. Кроме того, есть некоторые узк
[DEBUG PARSE] Исходный ответ:
Дизайн сайта выглядит устаревым и недостаточно приятным для the eye. Он использует цвета и шрифты, которые не выделяются достаточно, что может затруднить читание текста. Кроме того, есть некоторые узкие строки текста и недостаточная иерархия, что может затруднить понимание сайта.

Для UX дизайна, он не выглядит интуитивным и недостаточно приятным для the eye. Есть недостаточная навигация и нет кнопок действия, что может затруднить понимание сайта и его функionality. Кроме того, текст сливается с фоном и совсем не мобильный.

Оценка дизайна: 3/10
Плюсы: минималистичный дизайн, чистый интерfейс с ясной навигацией.
Минусы: устаревший дизайн, недостаточная иерарhiя, маленькие шрифты, недостаточный конtrast, недостаточная пристойность для the eye, совсем не мобильный.
Оценка UX дизайна: 2/10
Плюсы: быстро загружается.
Минусы: непонятная навигация, нет кнопок действия, текст сливается с фоном, совсем не мобильный.

[DEBUG PARSE] Парсированные результаты:
  DESIGN: 5/10 - Дизайн сайта выглядит устаревым и недостаточно приятным для the eye. Он использует цвета и шрифты, которые не выделяются достаточно, что может затрудн...
  UX: 3/10 - дизайна, он не выглядит интуитивным и недостаточно приятным для the eye. Есть недостаточная навигация и нет кнопок действия, что может затруднить пони...
[DEBUG] API ответ: {'model': 'llava:latest', 'created_at': '2026-04-05T11:15:49.6690858Z', 'message': {'role': 'assistant', 'content': ' Оценка дизайна: 2/10\nПлюсы: минималистичный дизайн, светлые цвета, быстро загружается\nМинусы: устаревший дизайн (2000-2010 годы), нет иерархии, текст сливается с фоном, совсем не мобильный, непонятная навигация, нет кнопок действия\n\nОценка UX: 3/10\nПлюсы: быстро загружается\nМинусы: непонятная навигация, нет кнопок действия, текст сливается с фоном, совсем не мобильный'}, 'done': True, 'done_reason': 'stop', 'total_duration': 9516682100, 'load_duration': 67427200, 'prompt_eval_count': 1998, 'prompt_eval_duration': 1414224100, 'eval_count': 187, 'eval_duration': 7846307700}
[DEBUG] Получен ответ: Оценка дизайна: 2/10
Плюсы: минималистичный дизайн, светлые цвета, быстро загружается
Минусы: устаревший дизайн (2000-2010 годы), нет иерархии, текст сливается с фоном, совсем не мобильный, непонятная
[DEBUG PARSE] Исходный ответ:
Оценка дизайна: 2/10
Плюсы: минималистичный дизайн, светлые цвета, быстро загружается
Минусы: устаревший дизайн (2000-2010 годы), нет иерархии, текст сливается с фоном, совсем не мобильный, непонятная навигация, нет кнопок действия

Оценка UX: 3/10
Плюсы: быстро загружается
Минусы: непонятная навигация, нет кнопок действия, текст сливается с фоном, совсем не мобильный

[DEBUG PARSE] Парсированные результаты:
  DESIGN: 5/10 - Оценка дизайна: 2/10
Плюсы: минималистичный дизайн, светлые цвета, быстро загружается
Минусы: устаревший дизайн (2000-2010 годы), нет иерархии, текст ...
  UX: 3/10 - Плюсы: быстро загружается
Минусы: непонятная навигация, нет кнопок действия, текст сливается с фоном, совсем не мобильный...
[DEBUG] API ответ: {'model': 'llava:latest', 'created_at': '2026-04-05T11:16:26.2450508Z', 'message': {'role': 'assistant', 'content': ' Дизайн сайта выглядит совсем устаревым и недоступным для пользователей с ограниченными мобильными устройствами. Ниже присутствуют кritérii дизайна и UX:\n\nДИЗАЙН:\n1. Типография: шрифты, размеры, четкость, иерархия - недоступный шрифт на маленьких экранах, недостаточная иерарhiя.\n2. Колор: актуальная палитра 2024-2026 или серьёз устаревшая? - устаревающая палитра с нейтральными фоном.\n3. Hierarchy: главное выделено размером, цветом, позицией - недоступный шriфт на маленьких экранах, недостаточная иерарhiя.\n4. Contrast: текст читаем или микроскопический? - недостаточный контраст на маленьких экранах.\n5. Modernity: это выглядит свежo или как 2010? - устаревающий дизайн с нейтральными фоном.\n\nUX:\n1. Navigation: интуитивна ли? Где главное меню? - недоступный шriфт на маленьких экранах, недостаточная иерарhiя.\n2. Readability: удобно ли читать? Длинные li строки? - недоступный шriфт на маленьких экраans.\n3. CTA: видны ли кнопки действия? Понятно ли что делать? - недоступный shriфт на маленьких экранах, недостаточная иерарhiя.\n4. Adaptivity: этот дизайн мобильный? На телефоне читаем? - недоступный шрифт на маленьких экраans.\n5. Interactivity: есть ли обратная связь при клике? - недоступный шriфт на маленьких экраans.\n\nОценка дизайна: 1/10\nПлюсы: недоступный shriфт на маленьких экраans, недостаточная иерарhiя.\nМинусы: устаревающий дизайн с нейтральными фоном, недостаточный конtrast на маленьких экраans, недоступный шriфт на маленьких экраans, недоступный шрифт на маленьких экраans.\n\nОценка UX: 2/10\nПлюсы: недоступный shriфт на маленьких экраans, недостаточная иерарhiя.\nМинусы: недоступный шriфт на маленьких экраans, недоступный шriфт на маленьких экраans, недоступный shriфт на маленьких экраans, недоступный шriфт на маленьких э'}, 'done': True, 'done_reason': 'length', 'total_duration': 36548313400, 'load_duration': 60390500, 'prompt_eval_count': 1997, 'prompt_eval_duration': 1537607100, 'eval_count': 800, 'eval_duration': 34530811900}
[DEBUG] Получен ответ: Дизайн сайта выглядит совсем устаревым и недоступным для пользователей с ограниченными мобильными устройствами. Ниже присутствуют кritérii дизайна и UX:

ДИЗАЙН:
1. Типография: шрифты, размеры, четкос
[DEBUG PARSE] Исходный ответ:
Дизайн сайта выглядит совсем устаревым и недоступным для пользователей с ограниченными мобильными устройствами. Ниже присутствуют кritérii дизайна и UX:

ДИЗАЙН:
1. Типография: шрифты, размеры, четкость, иерархия - недоступный шрифт на маленьких экранах, недостаточная иерарhiя.
2. Колор: актуальная палитра 2024-2026 или серьёз устаревшая? - устаревающая палитра с нейтральными фоном.
3. Hierarchy: главное выделено размером, цветом, позицией - недоступный шriфт на маленьких экранах, недостаточная иерарhiя.
4. Contrast: текст читаем или микроскопический? - недостаточный контраст на маленьких экранах.
5. Modernity: это выглядит свежo или как 2010? - устаревающий дизайн с нейтральными фоном.

UX:
1. Navigation: интуитивна ли? Где главное меню? - недоступный шriфт на маленьких экранах, недостаточная иерарhiя.
2. Readability: удобно ли читать? Длинные li строки? - недоступный шriфт на маленьких экраans.
3. CTA: видны ли кнопки действия? Понятно ли что делать? - недоступный shriфт на маленьких экранах, недостаточная иерарhiя.
4. Adaptivity: этот дизайн мобильный? На телефоне читаем? - недоступный шрифт на маленьких экраans.
5. Interactivity: есть ли обратная связь при клике? - недоступный шriфт на маленьких экраans.

Оценка дизайна: 1/10
Плюсы: недоступный shriфт на маленьких экраans, недостаточная иерарhiя.
Минусы: устаревающий дизайн с нейтральными фоном, недостаточный конtrast на маленьких экраans, недоступный шriфт на маленьких экраans, недоступный шрифт на маленьких экраans.

Оценка UX: 2/10
Плюсы: недоступный shriфт на маленьких экраans, недостаточная иерарhiя.
Минусы: недоступный шriфт на маленьких экраans, недоступный шriфт на маленьких экраans, недоступный shriфт на маленьких экраans, недоступный шriфт на маленьких э

[DEBUG PARSE] Парсированные результаты:
  DESIGN: 5/10 - Дизайн сайта выглядит совсем устаревым и недоступным для пользователей с ограниченными мобильными устройствами. Ниже присутствуют кritérii дизайна и U...
  UX: 1/10 - ДИЗАЙН:
1. Типография: шрифты, размеры, четкость, иерархия - недоступный шрифт на маленьких экранах, недостаточная иерарhiя.
2. Колор: актуальная пали...
[DEBUG] API ответ: {'model': 'llava:latest', 'created_at': '2026-04-05T11:16:45.9136473Z', 'message': {'role': 'assistant', 'content': ' Дизайн сайта выглядит как абстрактный и непонятный элемент с минималистичным дизайном, который не отражает современные тенденции в дизайне. Он использует очень устаревшие цвета и шрифты, которые не обеспечивают добрую конtrast и читаемость текста. Кроме того, он не имеет ясной иерархии, что complicates понимание его содержания. Дизайн также не использует микроинтераções и не adapts to размерам экрана, недоступen для пользователей с ограниченными возможностями (например, на мобильных устройствах).\n\nОценка дизайна: 1/10. Дизайн выглядит как абстрактный и непонятный элемент с минималистичным дизайном, который не отражает современные тенденции в дизайне. Он использует очень устаревшие цвета и шрифты, которые не обеспечивают добрую конtrast и читаемость текста. Кроме того, он не имеет ясной иерархии, что complicates понимание его содержания. Дизайн также не utilзует микроинтераções и не adapts to размерам экрана, недоступен для пользователей с ограниченными возможностями (например, на мобильных устройствах). '}, 'done': True, 'done_reason': 'stop', 'total_duration': 19639338300, 'load_duration': 33509700, 'prompt_eval_count': 1996, 'prompt_eval_duration': 1449147700, 'eval_count': 401, 'eval_duration': 17869635100}
[DEBUG] Получен ответ: Дизайн сайта выглядит как абстрактный и непонятный элемент с минималистичным дизайном, который не отражает современные тенденции в дизайне. Он использует очень устаревшие цвета и шрифты, которые не об
[DEBUG PARSE] Исходный ответ:
Дизайн сайта выглядит как абстрактный и непонятный элемент с минималистичным дизайном, который не отражает современные тенденции в дизайне. Он использует очень устаревшие цвета и шрифты, которые не обеспечивают добрую конtrast и читаемость текста. Кроме того, он не имеет ясной иерархии, что complicates понимание его содержания. Дизайн также не использует микроинтераções и не adapts to размерам экрана, недоступen для пользователей с ограниченными возможностями (например, на мобильных устройствах).

Оценка дизайна: 1/10. Дизайн выглядит как абстрактный и непонятный элемент с минималистичным дизайном, который не отражает современные тенденции в дизайне. Он использует очень устаревшие цвета и шрифты, которые не обеспечивают добрую конtrast и читаемость текста. Кроме того, он не имеет ясной иерархии, что complicates понимание его содержания. Дизайн также не utilзует микроинтераções и не adapts to размерам экрана, недоступен для пользователей с ограниченными возможностями (например, на мобильных устройствах).

[DEBUG PARSE] Парсированные результаты:
  DESIGN: 5/10 - Дизайн сайта выглядит как абстрактный и непонятный элемент с минималистичным дизайном, который не отражает современные тенденции в дизайне. Он использ...
  UX: 5/10 - Оценка дизайна: 1/10. Дизайн выглядит как абстрактный и непонятный элемент с минималистичным дизайном, который не отражает современные тенденции в диз...
[DEBUG] API ответ: {'model': 'llava:latest', 'created_at': '2026-04-05T11:16:57.8516059Z', 'message': {'role': 'assistant', 'content': ' Дизайн сайта выглядит как абстрактный и непонятный, с минималистичным подходом к дизайну. Недостаточно ясны тексты и кнопки действия, что может затруднить усers пониманию сайта и навигации. Дизайн не adapts well to different screen sizes, and the overall aesthetic appears dated. The color scheme is quite muted, with a lack of contrast between text and background, which can make it difficult to read. The typography is not particularly legible, especially at smaller font sizes. The hierarchy is unclear, and there are no clear calls-to-action. The layout is quite sparse, lacking any visual interest or engaging elements. The use of images is minimal, with a single image that seems out of place. The design does not appear to be responsive, as it does not adapt well to different screen sizes. The overall impression is one of a static, unappealing website that may not provide a good user experience. '}, 'done': True, 'done_reason': 'stop', 'total_duration': 11902259700, 'load_duration': 44192400, 'prompt_eval_count': 1997, 'prompt_eval_duration': 1537069800, 'eval_count': 237, 'eval_duration': 10104975200}
[DEBUG] Получен ответ: Дизайн сайта выглядит как абстрактный и непонятный, с минималистичным подходом к дизайну. Недостаточно ясны тексты и кнопки действия, что может затруднить усers пониманию сайта и навигации. Дизайн не 
[DEBUG PARSE] Исходный ответ:
Дизайн сайта выглядит как абстрактный и непонятный, с минималистичным подходом к дизайну. Недостаточно ясны тексты и кнопки действия, что может затруднить усers пониманию сайта и навигации. Дизайн не adapts well to different screen sizes, and the overall aesthetic appears dated. The color scheme is quite muted, with a lack of contrast between text and background, which can make it difficult to read. The typography is not particularly legible, especially at smaller font sizes. The hierarchy is unclear, and there are no clear calls-to-action. The layout is quite sparse, lacking any visual interest or engaging elements. The use of images is minimal, with a single image that seems out of place. The design does not appear to be responsive, as it does not adapt well to different screen sizes. The overall impression is one of a static, unappealing website that may not provide a good user experience.

[DEBUG PARSE] Парсированные результаты:
  DESIGN: 5/10 - does not appear to be responsive, as it does not adapt well to different screen sizes. The overall impression is one of a static, unappealing website ...
  UX: 5/10 - quite muted, with a lack of contrast between text and background, which can make it difficult to read. The typography is not particularly legible, esp...
[DEBUG] API ответ: {'model': 'llava:latest', 'created_at': '2026-04-05T11:17:07.6793052Z', 'message': {'role': 'assistant', 'content': ' Критик дизайна: "Выглядит этот сайт как устаревший дизайн из 2010 года, который не соответствует современным стандартам дизайна и UX. Недостаточно ясный текст, минимализм без функциональности, неправильное использование цвета и шрифтов, неадаптивный интерfейс, нет контраста, нет интуитивной навигации и нет кнопок действия. Пожалуйста, не подобается для современных сайтов."\n\nОценка дизайна: 0/10\nОценка UX: 2/10 '}, 'done': True, 'done_reason': 'stop', 'total_duration': 9798889200, 'load_duration': 26212200, 'prompt_eval_count': 2000, 'prompt_eval_duration': 1450224400, 'eval_count': 182, 'eval_duration': 8152272800}
[DEBUG] Получен ответ: Критик дизайна: "Выглядит этот сайт как устаревший дизайн из 2010 года, который не соответствует современным стандартам дизайна и UX. Недостаточно ясный текст, минимализм без функциональности, неправи
[DEBUG PARSE] Исходный ответ:
Критик дизайна: "Выглядит этот сайт как устаревший дизайн из 2010 года, который не соответствует современным стандартам дизайна и UX. Недостаточно ясный текст, минимализм без функциональности, неправильное использование цвета и шрифтов, неадаптивный интерfейс, нет контраста, нет интуитивной навигации и нет кнопок действия. Пожалуйста, не подобается для современных сайтов."

Оценка дизайна: 0/10
Оценка UX: 2/10

[DEBUG PARSE] Парсированные результаты:
  DESIGN: 5/10 - Критик дизайна: "Выглядит этот сайт как устаревший дизайн из 2010 года, который не соответствует современным стандартам дизайна и UX. Недостаточно ясн...
  UX: 0/10 - . Недостаточно ясный текст, минимализм без функциональности, неправильное использование цвета и шрифтов, неадаптивный интерfейс, нет контраста, нет ин...
[DEBUG] API ответ: {'model': 'llava:latest', 'created_at': '2026-04-05T11:17:22.3980953Z', 'message': {'role': 'assistant', 'content': ' Дизайн веб-сайта выглядит устаревым и недоступным для пользователей с ограниченными ресурсами. Например, используется шрифт почти невидимый для пользователей с visual impairments, и конtrast между текстом и фоном is insufficient. Кроме того, дизайн не isольadoван на размерах экранов, недоступen для пользователей мобильных, и не имеет ясной иерархии информации.\n\nДля улучшения дизайна рекомендую следующее:\n\n1. Увеличить шрифты на веб-сайте чтобы they were more readable for users with visual impairments.\n2. Add contrast to the text and background to improve legibility.\n3. Use a color palette that is modern and accessible for all users.\n4. Implement an adaptive design that works well on various devices, including mobile phones.\n5. Improve navigation by making it more intuitive and placing main menu items in a clear location.\n6. Add clear call-to-action buttons with contrasting colors to guide users on what to do next.\n7. Use typography effectively to create hierarchy and make important information stand out. '}, 'done': True, 'done_reason': 'stop', 'total_duration': 14705111700, 'load_duration': 46711900, 'prompt_eval_count': 2015, 'prompt_eval_duration': 1496942500, 'eval_count': 307, 'eval_duration': 12934209500}
[DEBUG] Получен ответ: Дизайн веб-сайта выглядит устаревым и недоступным для пользователей с ограниченными ресурсами. Например, используется шрифт почти невидимый для пользователей с visual impairments, и конtrast между тек
[DEBUG PARSE] Исходный ответ:
Дизайн веб-сайта выглядит устаревым и недоступным для пользователей с ограниченными ресурсами. Например, используется шрифт почти невидимый для пользователей с visual impairments, и конtrast между текстом и фоном is insufficient. Кроме того, дизайн не isольadoван на размерах экранов, недоступen для пользователей мобильных, и не имеет ясной иерархии информации.

Для улучшения дизайна рекомендую следующее:

1. Увеличить шрифты на веб-сайте чтобы they were more readable for users with visual impairments.
2. Add contrast to the text and background to improve legibility.
3. Use a color palette that is modern and accessible for all users.
4. Implement an adaptive design that works well on various devices, including mobile phones.
5. Improve navigation by making it more intuitive and placing main menu items in a clear location.
6. Add clear call-to-action buttons with contrasting colors to guide users on what to do next.
7. Use typography effectively to create hierarchy and make important information stand out.

[DEBUG PARSE] Парсированные результаты:
  DESIGN: 5/10 - that works well on various devices, including mobile phones.
5. Improve navigation by making it more intuitive and placing main menu items in a clear ...
  UX: 5/10 - 7. Use typography effectively to create hierarchy and make important information stand out....
[DEBUG] API ответ: {'model': 'llava:latest', 'created_at': '2026-04-05T11:17:39.6530898Z', 'message': {'role': 'assistant', 'content': ' Критик веб дизайна, я могу дать свою оценку и анализ на этой странице:\n\nДИЗАЙН: 5/10\nПлюсы: минималистичный дизайн с функциональностью, типография размером иерархией, удобное использование цвета и белого пространства.\nМинусы: нет контраста между текстом и фоном, отсутствие микро интераctions, неправильное использование белого пространства, нет кнопок действия.\n\nUX: 4/10\nПлюсы: смотрится хорошо на всех размерах, конкретная типография (Montserrat, Inter, Roboto), понятно ли что делать?\nМинусы: нет иерархии, нет кнопок действия, нет обратной связи при клике.\n\nВ целом, дизайн выглядит удобный и минималистичный, но может быть поленить отсутствием контраста между текстом и фоном, неправильным использованием белого пространства и нет кнопок действия. Улучшить дизайн можно добавлением кнопок действия, улучшением контраста и повышением обратной связи при клике. '}, 'done': True, 'done_reason': 'stop', 'total_duration': 17232056200, 'load_duration': 37230700, 'prompt_eval_count': 1999, 'prompt_eval_duration': 1459884900, 'eval_count': 368, 'eval_duration': 15493127900}
[DEBUG] Получен ответ: Критик веб дизайна, я могу дать свою оценку и анализ на этой странице:

ДИЗАЙН: 5/10
Плюсы: минималистичный дизайн с функциональностью, типография размером иерархией, удобное использование цвета и бел
[DEBUG PARSE] Исходный ответ:
Критик веб дизайна, я могу дать свою оценку и анализ на этой странице:

ДИЗАЙН: 5/10
Плюсы: минималистичный дизайн с функциональностью, типография размером иерархией, удобное использование цвета и белого пространства.
Минусы: нет контраста между текстом и фоном, отсутствие микро интераctions, неправильное использование белого пространства, нет кнопок действия.

UX: 4/10
Плюсы: смотрится хорошо на всех размерах, конкретная типография (Montserrat, Inter, Roboto), понятно ли что делать?
Минусы: нет иерархии, нет кнопок действия, нет обратной связи при клике.

В целом, дизайн выглядит удобный и минималистичный, но может быть поленить отсутствием контраста между текстом и фоном, неправильным использованием белого пространства и нет кнопок действия. Улучшить дизайн можно добавлением кнопок действия, улучшением контраста и повышением обратной связи при клике.

[DEBUG PARSE] Парсированные результаты:
  DESIGN: 5/10 - Критик веб дизайна, я могу дать свою оценку и анализ на этой странице:
ДИЗАЙН: 5/10
Плюсы: минималистичный дизайн с функциональностью, типография разм...
  UX: 4/10 - Плюсы: смотрится хорошо на всех размерах, конкретная типография (Montserrat, Inter, Roboto), понятно ли что делать?
Минусы: нет иерархии, нет кнопок д...
[DEBUG] API ответ: {'model': 'llava:latest', 'created_at': '2026-04-05T11:18:16.0796621Z', 'message': {'role': 'assistant', 'content': ' Конечно, я не могу дать оценку дизайна или UX сайта, поскольку я не могу видеть его содержание, конкретные элементы и прочее. Однако, я могу дать вам some general advice на дизайн и UX сайтов.\n\nДизайн:\n- Использование минималистичного дизайна с функциональностью может быть довольно успешным, если это соответствует целям сайта и потребностям пользователей.\n- Типография должна быть ясная и легко читаема. Размеры шрифтов должны быть хорошо выбраны, чтобы обеспечить простоту и еерархию.\n- Цветовая палитра должна быть соответствующей для конкретной цели сайта и потребностей пользователей. Необходимо использовать только неyтральные фоны, чтобы обеспечить доступность для всех пользователей.\n- Микроинтерации должны быть ясными и понятными, чтобы обеспечить пользователям интуитивную навигацию и ясную обратную связь при клике.\n- Дизайн должен быть адаптивным, чтобы обеспечить хорошее вид en размерах различных устройств и еекранов.\n- Светлый чистый интерфейс с ясной навигацией может быть довольно успешным, если это соответствует целям сайта и потребностям пользователей.\n- Конкретная типография должна быть выбрана так, чтобы обеспечить хорошее чтение текста и ясную навигацию.\n- Пользователям должны быть видны кнопки действия и понятно ли что делать при клике.\n- Иeрархия должна быть хорошо выделена размером, цветом и позиции, чтобы обеспечить пользователям легкое понимание главного содержания сайта.\n\nUX:\n- Навигация должна быть интуитивной и понятной для всех пользователей, чтобы обеспечить легкое перемещение между разделами сайта.\n- Чтение текста должно быть удобное и ясное, чтобы обеспечить пользователям простоту при чтении содержания сайта.\n- CTA кнопки должны быть видны и понятны для всех пользователей, чтобы обеспечить легкое понимание действия при kлике.\n- Дизайн должен быть адаптивным en размерах различных устройств and еекраons, чтобы обеспечить хорошее вид en размерах различных устройств и еекраons.\n- Конкретная обратная связь должна быть выражена при клике на кнопки действия, чтобы обеспечить поль'}, 'done': True, 'done_reason': 'length', 'total_duration': 36380611000, 'load_duration': 35523700, 'prompt_eval_count': 2010, 'prompt_eval_duration': 1492566000, 'eval_count': 800, 'eval_duration': 34443194600}
[DEBUG] Получен ответ: Конечно, я не могу дать оценку дизайна или UX сайта, поскольку я не могу видеть его содержание, конкретные элементы и прочее. Однако, я могу дать вам some general advice на дизайн и UX сайтов.

Дизайн
[DEBUG PARSE] Исходный ответ:
Конечно, я не могу дать оценку дизайна или UX сайта, поскольку я не могу видеть его содержание, конкретные элементы и прочее. Однако, я могу дать вам some general advice на дизайн и UX сайтов.

Дизайн:
- Использование минималистичного дизайна с функциональностью может быть довольно успешным, если это соответствует целям сайта и потребностям пользователей.
- Типография должна быть ясная и легко читаема. Размеры шрифтов должны быть хорошо выбраны, чтобы обеспечить простоту и еерархию.
- Цветовая палитра должна быть соответствующей для конкретной цели сайта и потребностей пользователей. Необходимо использовать только неyтральные фоны, чтобы обеспечить доступность для всех пользователей.
- Микроинтерации должны быть ясными и понятными, чтобы обеспечить пользователям интуитивную навигацию и ясную обратную связь при клике.
- Дизайн должен быть адаптивным, чтобы обеспечить хорошее вид en размерах различных устройств и еекранов.
- Светлый чистый интерфейс с ясной навигацией может быть довольно успешным, если это соответствует целям сайта и потребностям пользователей.
- Конкретная типография должна быть выбрана так, чтобы обеспечить хорошее чтение текста и ясную навигацию.
- Пользователям должны быть видны кнопки действия и понятно ли что делать при клике.
- Иeрархия должна быть хорошо выделена размером, цветом и позиции, чтобы обеспечить пользователям легкое понимание главного содержания сайта.

UX:
- Навигация должна быть интуитивной и понятной для всех пользователей, чтобы обеспечить легкое перемещение между разделами сайта.
- Чтение текста должно быть удобное и ясное, чтобы обеспечить пользователям простоту при чтении содержания сайта.
- CTA кнопки должны быть видны и понятны для всех пользователей, чтобы обеспечить легкое понимание действия при kлике.
- Дизайн должен быть адаптивным en размерах различных устройств and еекраons, чтобы обеспечить хорошее вид en размерах различных устройств и еекраons.
- Конкретная обратная связь должна быть выражена при клике на кнопки действия, чтобы обеспечить поль

[DEBUG PARSE] Парсированные результаты:
  DESIGN: 5/10 - Конечно, я не могу дать оценку дизайна или UX сайта, поскольку я не могу видеть его содержание, конкретные элементы и прочее. Однако, я могу дать вам ...
  UX: 5/10 - сайта, поскольку я не могу видеть его содержание, конкретные элементы и прочее. Однако, я могу дать вам some general advice на дизайн и UX сайтов.

Ди...
[DEBUG] API ответ: {'model': 'llava:latest', 'created_at': '2026-04-05T11:18:26.1284611Z', 'message': {'role': 'assistant', 'content': ' Конечно, я не могу дать оценку дизайна сайта на фотографии, тке это недопуatelný формат для такого аналитического задания. Однако, я могу дать оценку дизайна сайта на уровне концепции и UX/UI design principles, если вы предоставите мне ссылку на живой сайт или его screenshot в формате HTML/CSS. В таком случае я могу провести анализ дизайна и дать оценку по указанным критериям, включая типографию, цветную палитру, иерархию, конtrast, современность, навигацию и читаемость. '}, 'done': True, 'done_reason': 'stop', 'total_duration': 10035270000, 'load_duration': 62547900, 'prompt_eval_count': 1998, 'prompt_eval_duration': 1481174900, 'eval_count': 192, 'eval_duration': 8336628200}
[DEBUG] Получен ответ: Конечно, я не могу дать оценку дизайна сайта на фотографии, тке это недопуatelný формат для такого аналитического задания. Однако, я могу дать оценку дизайна сайта на уровне концепции и UX/UI design p
[DEBUG PARSE] Исходный ответ:
Конечно, я не могу дать оценку дизайна сайта на фотографии, тке это недопуatelný формат для такого аналитического задания. Однако, я могу дать оценку дизайна сайта на уровне концепции и UX/UI design principles, если вы предоставите мне ссылку на живой сайт или его screenshot в формате HTML/CSS. В таком случае я могу провести анализ дизайна и дать оценку по указанным критериям, включая типографию, цветную палитру, иерархию, конtrast, современность, навигацию и читаемость.

[DEBUG PARSE] Парсированные результаты:
  DESIGN: 5/10 - principles, если вы предоставите мне ссылку на живой сайт или его screenshot в формате HTML/CSS. В таком случае я могу провести анализ дизайна и дать ...
  UX: 5/10 - /UI design principles, если вы предоставите мне ссылку на живой сайт или его screenshot в формате HTML/CSS. В таком случае я могу провести анализ диза...
[DEBUG] API ответ: {'model': 'llava:latest', 'created_at': '2026-04-05T11:19:03.6237911Z', 'message': {'role': 'assistant', 'content': " Дизайн сайта выглядит совсем устаревым и недоступным для пользователей с ограниченной visión или людей с disabilities. Он использует шрифты размера 12px, которые могут быть микроскопическими для some users. Кроме того, цвета на сайте не конtrast well with фоном, что makes the text difficult to read. Адaptive design is not present, so it's unclear how it would look on different devices or screen sizes. There are no clear calls-to-action (CTA), and navigation is not intuitive. Дизайн не содержит микроинтераctions и не использует modern typography. Он не имеет ясной навигацию и не показывает обратную связь при клике на кнопки. Кроме того, он может быть совсем не мобильный и не поддерживает разные устройства или screen sizes. Дизайн также не содержит ясную иерархию и не использует современные цвета или палитуру. Он может быть сливающимся текстом с фоном, что makes it difficult to read. Дизайн не имеет функциональности и не содержит минимализм. Он может быть сливающимся текстом с фоном, что makes it difficult to read. Дизайн не имеет ясной навигацию и не показывает обратную связь при клике на кнопки. Кроме того, он может быть совсем не мобильный и не поддерживает разные устройства or screen sizes. Дизайн также не содержит ясную иерарhiю и не использует современные цвета или палитуру. Он может быть сливающимся текстом с фоном, что makes it difficult to read. Дизайн не имеет функциональности and не содержит минимализм. Он может быть сливающимся текстом с фоном, that makes it difficult to read. Дизайн не имеет ясной навигацию и не показывает обратную связь при клике на кнопки. Кроме того, он может быть совсем не мобильный и не поддерживает разные устройства или screen sizes. Дизайн also не содержит ясную иерарhiю and не использует современные цвета or палитуру. Он может быть сливающимся текстом с фоном, that makes it difficult to read. Дизайн не имеет функциональity and не содержит минимализм. Он может быть сливающимся текстом с фоном, that makes it difficult to read. Дизайн не имеет ясной навигацию и не показывает обратную связь при клике на кнопки. Кроме того, он может быть совсем не мобильный and не поддерживает разные устройства or screen sizes. Дизайн также не содержит ясную иерарhiю and не utilзует современные цвета или палитуру. Он может быть с"}, 'done': True, 'done_reason': 'length', 'total_duration': 37473844500, 'load_duration': 85896200, 'prompt_eval_count': 1995, 'prompt_eval_duration': 1513036000, 'eval_count': 800, 'eval_duration': 35339738800}
[DEBUG] Получен ответ: Дизайн сайта выглядит совсем устаревым и недоступным для пользователей с ограниченной visión или людей с disabilities. Он использует шрифты размера 12px, которые могут быть микроскопическими для some 
[DEBUG PARSE] Исходный ответ:
Дизайн сайта выглядит совсем устаревым и недоступным для пользователей с ограниченной visión или людей с disabilities. Он использует шрифты размера 12px, которые могут быть микроскопическими для some users. Кроме того, цвета на сайте не конtrast well with фоном, что makes the text difficult to read. Адaptive design is not present, so it's unclear how it would look on different devices or screen sizes. There are no clear calls-to-action (CTA), and navigation is not intuitive. Дизайн не содержит микроинтераctions и не использует modern typography. Он не имеет ясной навигацию и не показывает обратную связь при клике на кнопки. Кроме того, он может быть совсем не мобильный и не поддерживает разные устройства или screen sizes. Дизайн также не содержит ясную иерархию и не использует современные цвета или палитуру. Он может быть сливающимся текстом с фоном, что makes it difficult to read. Дизайн не имеет функциональности и не содержит минимализм. Он может быть сливающимся текстом с фоном, что makes it difficult to read. Дизайн не имеет ясной навигацию и не показывает обратную связь при клике на кнопки. Кроме того, он может быть совсем не мобильный и не поддерживает разные устройства or screen sizes. Дизайн также не содержит ясную иерарhiю и не использует современные цвета или палитуру. Он может быть сливающимся текстом с фоном, что makes it difficult to read. Дизайн не имеет функциональности and не содержит минимализм. Он может быть сливающимся текстом с фоном, that makes it difficult to read. Дизайн не имеет ясной навигацию и не показывает обратную связь при клике на кнопки. Кроме того, он может быть совсем не мобильный и не поддерживает разные устройства или screen sizes. Дизайн also не содержит ясную иерарhiю and не использует современные цвета or палитуру. Он может быть сливающимся текстом с фоном, that makes it difficult to read. Дизайн не имеет функциональity and не содержит минимализм. Он может быть сливающимся текстом с фоном, that makes it difficult to read. Дизайн не имеет ясной навигацию и не показывает обратную связь при клике на кнопки. Кроме того, он может быть совсем не мобильный and не поддерживает разные устройства or screen sizes. Дизайн также не содержит ясную иерарhiю and не utilзует современные цвета или палитуру. Он может быть с

[DEBUG PARSE] Парсированные результаты:
  DESIGN: 5/10 - is not present, so it's unclear how it would look on different devices or screen sizes. There are no clear calls-to-action (CTA), and navigation is no...
  UX: 5/10 - Адaptive design is not present, so it's unclear how it would look on different devices or screen sizes. There are no clear calls-to-action (CTA), and ...
[DEBUG] API ответ: {'model': 'llava:latest', 'created_at': '2026-04-05T11:19:15.8262331Z', 'message': {'role': 'assistant', 'content': ' Критик веб дизайна с 15+ летним опытом, я могу дать свою оценку на дизайн выглядающего на скриншоте:\n\nДИЗАЙН: 2/10\nПлюсы: минималистичный дизайн, чистый интерфейс.\nМинусы: устаревший дизайн (громоздкие кнопки, старые иконки), нейтральные цвета, нет контраста, микроскопический шрифт 12px.\n\nUX: 3/10\nПлюсы: быстро загружается.\nМинусы: непонятная навигация, нет кнопок действия, текст сливается с фоном, совсем не мобильный.\n\nНадеюсь, что это поможет вам в оценке дизайна выглядающего на скриншоте. '}, 'done': True, 'done_reason': 'stop', 'total_duration': 12173516400, 'load_duration': 62552000, 'prompt_eval_count': 2016, 'prompt_eval_duration': 1438127900, 'eval_count': 249, 'eval_duration': 10474624400}
[DEBUG] Получен ответ: Критик веб дизайна с 15+ летним опытом, я могу дать свою оценку на дизайн выглядающего на скриншоте:

ДИЗАЙН: 2/10
Плюсы: минималистичный дизайн, чистый интерфейс.
Минусы: устаревший дизайн (громоздки
[DEBUG PARSE] Исходный ответ:
Критик веб дизайна с 15+ летним опытом, я могу дать свою оценку на дизайн выглядающего на скриншоте:

ДИЗАЙН: 2/10
Плюсы: минималистичный дизайн, чистый интерфейс.
Минусы: устаревший дизайн (громоздкие кнопки, старые иконки), нейтральные цвета, нет контраста, микроскопический шрифт 12px.

UX: 3/10
Плюсы: быстро загружается.
Минусы: непонятная навигация, нет кнопок действия, текст сливается с фоном, совсем не мобильный.

Надеюсь, что это поможет вам в оценке дизайна выглядающего на скриншоте.

[DEBUG PARSE] Парсированные результаты:
  DESIGN: 5/10 - Критик веб дизайна с 15+ летним опытом, я могу дать свою оценку на дизайн выглядающего на скриншоте:
ДИЗАЙН: 2/10
Плюсы: минималистичный дизайн, чисты...
  UX: 3/10 - Плюсы: быстро загружается.
Минусы: непонятная навигация, нет кнопок действия, текст сливается с фоном, совсем не мобильный.

Надеюсь, что это поможет ...
[DEBUG process_city] Всего результатов: 60
[DEBUG process_city] Валидных для сохранения: 52
[DEBUG process_city] [0] saratovmer.ru | design='Критик дизайна:
Дизайн сайта выглядит ус...' | пропущен=False
[DEBUG process_city] [1] kto.delovoysaratov.ru | design='Конечно, я не могу выполнить эту задачу ...' | пропущен=False
[DEBUG process_city] [2] xn-----6kcbabgdad2a9ajkokj9bdccfxjudfihdhm12a.xn--p1ai | design='Пропущено: недоступен...' | пропущен=True
[DEBUG process_city] [3] gogov.ru | design='Конечно, я могу помочь с оценочкой дизай...' | пропущен=False
[DEBUG process_city] [4] sarpan.ru | design='elements visible in the screenshot:

Des...' | пропущен=False
[DEBUG process_city] [5] a-saratov.com | design='Дизайн сайта выглядит как из 2000х годов...' | пропущен=False
[DEBUG process_city] [6] minzdravoohranenie.ru | design='Критикую сайт, который в момент снимка н...' | пропущен=False
[DEBUG process_city] [7] g-64.ru | design='and user experience (UX) from 2024 to 20...' | пропущен=False
[DEBUG process_city] [8] ministerstvozdravoohraneniya.ru | design='Дизайн сайта выглядит ужасный и недостат...' | пропущен=False
[DEBUG process_city] [9] saratov.gov.ru | design='Пропущено: недоступен...' | пропущен=True
[DEBUG process_city] [10] правительство-саратовской-области.рф | design='Пропущено: недоступен...' | пропущен=True
[DEBUG process_city] [11] saratov-gov.ru | design='Конечно, я не могу дать оценку дизайна и...' | пропущен=False
[DEBUG process_city] [12] saratovduma.ru | design='Пропущено: недоступен...' | пропущен=True
[DEBUG process_city] [13] welcome-saratov.ru | design='Критик дизайна:
ДИЗАЙН: 3/10
Плюсы: чист...' | пропущен=False
[DEBUG process_city] [14] izolonoff.ru | design='Извините, я не могу прочесть текст на из...' | пропущен=False
[DEBUG process_city] [15] prodoctorov.ru | design='does not appear to be responsive and is ...' | пропущен=False
[DEBUG process_city] [16] yandex.ru | design='Для дизайна, который вы видите в скриншо...' | пропущен=False
[DEBUG process_city] [17] sgmu.ru | design='ДИЗАЙН: 1/10
Плюсы: минималистичный диза...' | пропущен=False
[DEBUG process_city] [18] okb.medportal.saratov.gov.ru | design='language throughout the site, and to ens...' | пропущен=False
[DEBUG process_city] [19] gkbru.ru | design='Дизайн сайта выглядит ужасный и непонятн...' | пропущен=False
[DEBUG process_city] [20] medcentr-saratov.ru | design='Критик дизайна:
ДИЗАЙН:
Плюсы:
1. Содерж...' | пропущен=False
[DEBUG process_city] [21] vavilovsar.ru | design='Оценить дизайн и UX сайта: <https://www....' | пропущен=False
[DEBUG process_city] [22] old.sgu.ru | design='Критика дизайна:
ДИЗАЙН: 3/10
Плюсы: чис...' | пропущен=False
[DEBUG process_city] [23] sgu.ru | design='Дизайн веб-сайта выглядит довольно устар...' | пропущен=False
[DEBUG process_city] [24] hedclub.com | design='Дизайн на экране выглядит довольно устар...' | пропущен=False
[DEBUG process_city] [25] mathnet.ru | design='Критик дизайна:
Дизайн сайта выглядит ус...' | пропущен=False
[DEBUG process_city] [26] xn--h1ajim.xn--p1ai | design='Критик дизайна:
Дизайн сайта выглядит по...' | пропущен=False
[DEBUG process_city] [27] sstu.ru | design='Этот дизайн выглядит совсем устаревшим и...' | пропущен=False
[DEBUG process_city] [28] new.sgu.ru | design='Дизайн на изображении выглядит довольно ...' | пропущен=False
127.0.0.1 - - [05/Apr/2026 14:24:33] "GET /socket.io/?EIO=4&transport=websocket&sid=Qo9YI9pD-dYUWHOkAAAC HTTP/1.1" 200 -
127.0.0.1 - - [05/Apr/2026 16:06:58] "GET / HTTP/1.1" 302 -
127.0.0.1 - - [05/Apr/2026 16:06:58] "GET /auth/login HTTP/1.1" 200 -
127.0.0.1 - - [05/Apr/2026 16:06:59] "GET /favicon.ico HTTP/1.1" 404 -
127.0.0.1 - - [05/Apr/2026 16:07:09] "POST /auth/login HTTP/1.1" 302 -
127.0.0.1 - - [05/Apr/2026 16:07:09] "GET /dashboard HTTP/1.1" 200 -
127.0.0.1 - - [05/Apr/2026 16:07:09] "GET /static/themes.css HTTP/1.1" 200 -
127.0.0.1 - - [05/Apr/2026 16:07:10] "GET /socket.io/?EIO=4&transport=polling&t=PrTmHov HTTP/1.1" 200 -
127.0.0.1 - - [05/Apr/2026 16:07:10] "GET /api/translations/ru HTTP/1.1" 200 -
127.0.0.1 - - [05/Apr/2026 16:07:10] "GET /socket.io/?EIO=4&transport=polling&t=PrTmHq0&sid=QOpxE6ud5nL2aHS_AAAE HTTP/1.1" 200 -
127.0.0.1 - - [05/Apr/2026 16:07:10] "POST /socket.io/?EIO=4&transport=polling&t=PrTmHp_&sid=QOpxE6ud5nL2aHS_AAAE HTTP/1.1" 200 -
127.0.0.1 - - [05/Apr/2026 16:07:10] "GET /socket.io/?EIO=4&transport=polling&t=PrTmHqb&sid=QOpxE6ud5nL2aHS_AAAE HTTP/1.1" 200 -
127.0.0.1 - - [05/Apr/2026 16:07:10] "GET /socket.io/?EIO=4&transport=polling&t=PrTmHqv&sid=QOpxE6ud5nL2aHS_AAAE HTTP/1.1" 200 -
127.0.0.1 - - [05/Apr/2026 16:07:10] "GET /api/examples HTTP/1.1" 200 -
127.0.0.1 - - [05/Apr/2026 16:07:10] "GET /api/models HTTP/1.1" 200 -
127.0.0.1 - - [05/Apr/2026 16:07:54] "GET /dashboard HTTP/1.1" 200 -
127.0.0.1 - - [05/Apr/2026 16:07:54] "GET /socket.io/?EIO=4&transport=websocket&sid=QOpxE6ud5nL2aHS_AAAE HTTP/1.1" 200 -
127.0.0.1 - - [05/Apr/2026 16:07:54] "GET /static/themes.css HTTP/1.1" 304 -
127.0.0.1 - - [05/Apr/2026 16:07:54] "GET /socket.io/?EIO=4&transport=polling&t=PrTmSf6 HTTP/1.1" 200 -
127.0.0.1 - - [05/Apr/2026 16:07:54] "GET /api/translations/ru HTTP/1.1" 200 -
127.0.0.1 - - [05/Apr/2026 16:07:54] "GET /socket.io/?EIO=4&transport=polling&t=PrTmSfJ&sid=kuvN5lfEOlRzIWkcAAAG HTTP/1.1" 200 -
127.0.0.1 - - [05/Apr/2026 16:07:54] "GET /socket.io/?EIO=4&transport=polling&t=PrTmSfh&sid=kuvN5lfEOlRzIWkcAAAG HTTP/1.1" 200 -
127.0.0.1 - - [05/Apr/2026 16:07:54] "POST /socket.io/?EIO=4&transport=polling&t=PrTmSfI&sid=kuvN5lfEOlRzIWkcAAAG HTTP/1.1" 200 -
127.0.0.1 - - [05/Apr/2026 16:07:54] "GET /socket.io/?EIO=4&transport=polling&t=PrTmSfx&sid=kuvN5lfEOlRzIWkcAAAG HTTP/1.1" 200 -
127.0.0.1 - - [05/Apr/2026 16:07:54] "GET /api/examples HTTP/1.1" 200 -
127.0.0.1 - - [05/Apr/2026 16:07:54] "GET /api/models HTTP/1.1" 200 -
127.0.0.1 - - [05/Apr/2026 16:07:55] "GET /dashboard HTTP/1.1" 200 -
127.0.0.1 - - [05/Apr/2026 16:07:55] "GET /socket.io/?EIO=4&transport=websocket&sid=kuvN5lfEOlRzIWkcAAAG HTTP/1.1" 200 -
127.0.0.1 - - [05/Apr/2026 16:07:55] "GET /static/themes.css HTTP/1.1" 304 -
127.0.0.1 - - [05/Apr/2026 16:07:55] "GET /socket.io/?EIO=4&transport=polling&t=PrTmSti HTTP/1.1" 200 -
127.0.0.1 - - [05/Apr/2026 16:07:55] "GET /api/translations/ru HTTP/1.1" 200 -
127.0.0.1 - - [05/Apr/2026 16:07:55] "GET /socket.io/?EIO=4&transport=polling&t=PrTmSu8.0&sid=tgI4XHOLn5OExA37AAAI HTTP/1.1" 200 -
127.0.0.1 - - [05/Apr/2026 16:07:55] "GET /socket.io/?EIO=4&transport=polling&t=PrTmSuP&sid=tgI4XHOLn5OExA37AAAI HTTP/1.1" 200 -
127.0.0.1 - - [05/Apr/2026 16:07:55] "POST /socket.io/?EIO=4&transport=polling&t=PrTmSu8&sid=tgI4XHOLn5OExA37AAAI HTTP/1.1" 200 -
127.0.0.1 - - [05/Apr/2026 16:07:55] "GET /api/examples HTTP/1.1" 200 -
127.0.0.1 - - [05/Apr/2026 16:07:55] "GET /api/models HTTP/1.1" 200 -
127.0.0.1 - - [05/Apr/2026 16:08:20] "GET /download HTTP/1.1" 200 -
[DEBUG process_city] [29] tabiturient.ru | design='Для дизайна предоставленного в изображен...' | пропущен=False
[DEBUG process_city] [30] saratov.art-web.ru | design='Критик дизайна, я вижу ваш сайт и отмечу...' | пропущен=False
[DEBUG process_city] [31] qventy.ru | design='Конечно, я могу выполнить задачу и оцени...' | пропущен=False
[DEBUG process_city] [32] saratov.jsprav.ru | design='is not adaptive, as it does not look goo...' | пропущен=False
[DEBUG process_city] [33] bing.com | design='Пропущено: капча...' | пропущен=True
[DEBUG process_city] [34] flexites.org | design='Критик дизайна:
ДИЗАЙН: 3/10
Плюсы: чист...' | пропущен=False
[DEBUG process_city] [35] saratov.seojazz.ru | design='Для дизайна предоставленного в изображен...' | пропущен=False
[DEBUG process_city] [36] auditsaratov.ru | design='Пропущено: недоступен...' | пропущен=True
[DEBUG process_city] [37] pak-audit.ru | design='Дизайн сайта выглядит ужасный и недостат...' | пропущен=False
[DEBUG process_city] [38] lidersaratov.ru | design='for mobile devices, and interactive elem...' | пропущен=False
[DEBUG process_city] [39] metalight.ru | design='Дизайн сайта выглядит совсем неprofessio...' | пропущен=False
[DEBUG process_city] [40] absolutsaratov.ru | design='Для дизайна, который виден в скриншоте, ...' | пропущен=False
[DEBUG process_city] [41] ra64.ru | design='Критика дизайна:
ДИЗАЙН:
Плюсы: минимали...' | пропущен=False
[DEBUG process_city] [42] coursus.ru | design='Оцена дизайна:
ДИЗАЙН: 3/10 Плюсы: чисты...' | пропущен=False
[DEBUG process_city] [43] internet-technologies.ru | design='Дизайн сайта выглядит как изображения см...' | пропущен=False
[DEBUG process_city] [44] kp.ru | design='Дизайн сайта выглядит ужасный и неprofes...' | пропущен=False
[DEBUG process_city] [45] dikidi.net | design='Дизайн сайта выглядит ужасный и неprofes...' | пропущен=False
[DEBUG process_city] [46] e-s-studio.n4.biz | design='Пропущено: недоступен...' | пропущен=True
[DEBUG process_city] [47] citybutlers.com | design='Дизайн сайта выглядит устаревым и недост...' | пропущен=False
[DEBUG process_city] [48] hotel-saratov.ru | design='Оценка дизайна: 2/10
Плюсы: минималистич...' | пропущен=False
[DEBUG process_city] [49] saratovskaya.com | design='Дизайн сайта выглядит совсем устаревым и...' | пропущен=False
[DEBUG process_city] [50] hotelslovakia.ru | design='Дизайн сайта выглядит как абстрактный и ...' | пропущен=False
[DEBUG process_city] [51] sar.kolokol.school | design='does not appear to be responsive, as it ...' | пропущен=False
[DEBUG process_city] [52] saratov-mp.ru | design='Критик дизайна: "Выглядит этот сайт как ...' | пропущен=False
[DEBUG process_city] [53] dari.me | design='that works well on various devices, incl...' | пропущен=False
[DEBUG process_city] [54] kafe-prestig.ru | design='Критик веб дизайна, я могу дать свою оце...' | пропущен=False
[DEBUG process_city] [55] restaurantguru.ru | design='Пропущено: недоступен...' | пропущен=True
[DEBUG process_city] [56] saratov.spravker.ru | design='Конечно, я не могу дать оценку дизайна и...' | пропущен=False
[DEBUG process_city] [57] saratov.etagi.com | design='principles, если вы предоставите мне ссы...' | пропущен=False
[DEBUG process_city] [58] citadel-a.ru | design='is not present, so it's unclear how it w...' | пропущен=False
[DEBUG process_city] [59] agencies.domclick.ru | design='Критик веб дизайна с 15+ летним опытом, ...' | пропущен=False
[DEBUG db_save] Попытка сохранить 52 результатов для города 'саратов'
[DEBUG db_save] 🔴 Сохранён: saratovmer.ru [Дизайн: 5/10, UX: 2/10] - НУЖНА ПЕРЕДЕЛКА!
[DEBUG db_save] 🟠 Сохранён: kto.delovoysaratov.ru [Дизайн: 5/10, UX: 5/10] - НУЖНА ПЕРЕДЕЛКА!
[DEBUG db_save] 🟠 Сохранён: gogov.ru [Дизайн: 5/10, UX: 5/10] - НУЖНА ПЕРЕДЕЛКА!
[DEBUG db_save] 🟠 Сохранён: sarpan.ru [Дизайн: 5/10, UX: 5/10] - НУЖНА ПЕРЕДЕЛКА!
[DEBUG db_save] 🔴 Сохранён: a-saratov.com [Дизайн: 5/10, UX: 2/10] - НУЖНА ПЕРЕДЕЛКА!
[DEBUG db_save] 🔴 Сохранён: minzdravoohranenie.ru [Дизайн: 5/10, UX: 3/10] - НУЖНА ПЕРЕДЕЛКА!
[DEBUG db_save] 🟠 Сохранён: g-64.ru [Дизайн: 5/10, UX: 5/10] - НУЖНА ПЕРЕДЕЛКА!
[DEBUG db_save] 🟠 Сохранён: ministerstvozdravoohraneniya.ru [Дизайн: 5/10, UX: 5/10] - НУЖНА ПЕРЕДЕЛКА!
[DEBUG db_save] 🔴 Сохранён: saratov-gov.ru [Дизайн: 5/10, UX: 3/10] - НУЖНА ПЕРЕДЕЛКА!
[DEBUG db_save] 🔴 Сохранён: welcome-saratov.ru [Дизайн: 5/10, UX: 2/10] - НУЖНА ПЕРЕДЕЛКА!
[DEBUG db_save] 🟠 Сохранён: izolonoff.ru [Дизайн: 5/10, UX: 5/10] - НУЖНА ПЕРЕДЕЛКА!
[DEBUG db_save] 🔴 Сохранён: prodoctorov.ru [Дизайн: 2/10, UX: 2/10] - НУЖНА ПЕРЕДЕЛКА!
[DEBUG db_save] 🔴 Сохранён: yandex.ru [Дизайн: 5/10, UX: 2/10] - НУЖНА ПЕРЕДЕЛКА!
[DEBUG db_save] 🔴 Сохранён: sgmu.ru [Дизайн: 5/10, UX: 1/10] - НУЖНА ПЕРЕДЕЛКА!
[DEBUG db_save] 🟠 Сохранён: okb.medportal.saratov.gov.ru [Дизайн: 5/10, UX: 5/10] - НУЖНА ПЕРЕДЕЛКА!
[DEBUG db_save] 🔴 Сохранён: gkbru.ru [Дизайн: 5/10, UX: 0/10] - НУЖНА ПЕРЕДЕЛКА!
[DEBUG db_save] 🟠 Сохранён: medcentr-saratov.ru [Дизайн: 5/10, UX: 5/10] - НУЖНА ПЕРЕДЕЛКА!
[DEBUG db_save] 🔴 Сохранён: vavilovsar.ru [Дизайн: 5/10, UX: 3/10] - НУЖНА ПЕРЕДЕЛКА!
[DEBUG db_save] 🔴 Сохранён: old.sgu.ru [Дизайн: 5/10, UX: 2/10] - НУЖНА ПЕРЕДЕЛКА!
[DEBUG db_save] 🔴 Сохранён: sgu.ru [Дизайн: 5/10, UX: 3/10] - НУЖНА ПЕРЕДЕЛКА!
[DEBUG db_save] 🟠 Сохранён: hedclub.com [Дизайн: 5/10, UX: 5/10] - НУЖНА ПЕРЕДЕЛКА!
[DEBUG db_save] 🔴 Сохранён: mathnet.ru [Дизайн: 5/10, UX: 0/10] - НУЖНА ПЕРЕДЕЛКА!
[DEBUG db_save] 🟠 Сохранён: xn--h1ajim.xn--p1ai [Дизайн: 5/10, UX: 8/10] - НУЖНА ПЕРЕДЕЛКА!
[DEBUG db_save] 🔴 Сохранён: sstu.ru [Дизайн: 5/10, UX: 0/10] - НУЖНА ПЕРЕДЕЛКА!
[DEBUG db_save] 🔴 Сохранён: new.sgu.ru [Дизайн: 5/10, UX: 2/10] - НУЖНА ПЕРЕДЕЛКА!
[DEBUG db_save] 🟠 Сохранён: tabiturient.ru [Дизайн: 5/10, UX: 5/10] - НУЖНА ПЕРЕДЕЛКА!
[DEBUG db_save] 🟠 Сохранён: saratov.art-web.ru [Дизайн: 5/10, UX: 5/10] - НУЖНА ПЕРЕДЕЛКА!
[DEBUG db_save] 🟠 Сохранён: qventy.ru [Дизайн: 5/10, UX: 5/10] - НУЖНА ПЕРЕДЕЛКА!
[DEBUG db_save] 🔴 Сохранён: saratov.jsprav.ru [Дизайн: 3/10, UX: 2/10] - НУЖНА ПЕРЕДЕЛКА!
[DEBUG db_save] 🔴 Сохранён: flexites.org [Дизайн: 5/10, UX: 2/10] - НУЖНА ПЕРЕДЕЛКА!
[DEBUG db_save] 🟠 Сохранён: saratov.seojazz.ru [Дизайн: 5/10, UX: 6/10] - НУЖНА ПЕРЕДЕЛКА!
[DEBUG db_save] 🟠 Сохранён: pak-audit.ru [Дизайн: 5/10, UX: 5/10] - НУЖНА ПЕРЕДЕЛКА!
[DEBUG db_save] 🟠 Сохранён: lidersaratov.ru [Дизайн: 5/10, UX: 5/10] - НУЖНА ПЕРЕДЕЛКА!
[DEBUG db_save] 🟠 Сохранён: metalight.ru [Дизайн: 5/10, UX: 5/10] - НУЖНА ПЕРЕДЕЛКА!
[DEBUG db_save] 🔴 Сохранён: absolutsaratov.ru [Дизайн: 5/10, UX: 3/10] - НУЖНА ПЕРЕДЕЛКА!
[DEBUG db_save] 🔴 Сохранён: ra64.ru [Дизайн: 5/10, UX: 2/10] - НУЖНА ПЕРЕДЕЛКА!
[DEBUG db_save] 🔴 Сохранён: coursus.ru [Дизайн: 5/10, UX: 2/10] - НУЖНА ПЕРЕДЕЛКА!
[DEBUG db_save] 🟠 Сохранён: internet-technologies.ru [Дизайн: 5/10, UX: 5/10] - НУЖНА ПЕРЕДЕЛКА!
[DEBUG db_save] 🔴 Сохранён: kp.ru [Дизайн: 5/10, UX: 0/10] - НУЖНА ПЕРЕДЕЛКА!
[DEBUG db_save] 🔴 Сохранён: dikidi.net [Дизайн: 5/10, UX: 0/10] - НУЖНА ПЕРЕДЕЛКА!
[DEBUG db_save] 🔴 Сохранён: citybutlers.com [Дизайн: 5/10, UX: 3/10] - НУЖНА ПЕРЕДЕЛКА!
[DEBUG db_save] 🔴 Сохранён: hotel-saratov.ru [Дизайн: 5/10, UX: 3/10] - НУЖНА ПЕРЕДЕЛКА!
[DEBUG db_save] 🔴 Сохранён: saratovskaya.com [Дизайн: 5/10, UX: 1/10] - НУЖНА ПЕРЕДЕЛКА!
[DEBUG db_save] 🟠 Сохранён: hotelslovakia.ru [Дизайн: 5/10, UX: 5/10] - НУЖНА ПЕРЕДЕЛКА!
[DEBUG db_save] 🟠 Сохранён: sar.kolokol.school [Дизайн: 5/10, UX: 5/10] - НУЖНА ПЕРЕДЕЛКА!
[DEBUG db_save] 🔴 Сохранён: saratov-mp.ru [Дизайн: 5/10, UX: 0/10] - НУЖНА ПЕРЕДЕЛКА!
[DEBUG db_save] 🟠 Сохранён: dari.me [Дизайн: 5/10, UX: 5/10] - НУЖНА ПЕРЕДЕЛКА!
[DEBUG db_save] 🟠 Сохранён: kafe-prestig.ru [Дизайн: 5/10, UX: 4/10] - НУЖНА ПЕРЕДЕЛКА!
[DEBUG db_save] 🟠 Сохранён: saratov.spravker.ru [Дизайн: 5/10, UX: 5/10] - НУЖНА ПЕРЕДЕЛКА!
[DEBUG db_save] 🟠 Сохранён: saratov.etagi.com [Дизайн: 5/10, UX: 5/10] - НУЖНА ПЕРЕДЕЛКА!
[DEBUG db_save] 🟠 Сохранён: citadel-a.ru [Дизайн: 5/10, UX: 5/10] - НУЖНА ПЕРЕДЕЛКА!
[DEBUG db_save] 🔴 Сохранён: agencies.domclick.ru [Дизайн: 5/10, UX: 3/10] - НУЖНА ПЕРЕДЕЛКА!
[DEBUG db_save] Итого для города 'саратов': сохранено 52 (нуждаются в переделке) | пропущено 0 (уже хороший дизайн)
[OK] Отправлены модели клиенту: ['qwen2.5-coder:7b', 'llava:latest', 'qwen3-vl:latest']
[OK] Отправлены модели клиенту: ['qwen2.5-coder:7b', 'llava:latest', 'qwen3-vl:latest']
[OK] Отправлены модели клиенту: ['qwen2.5-coder:7b', 'llava:latest', 'qwen3-vl:latest']
[DEBUG] API ответ: {'model': 'llava:latest', 'created_at': '2026-04-05T13:10:59.9068232Z', 'message': {'role': 'assistant', 'content': ' Дизайн выглядит ужасный и недоступный. Критика:\n\nДИЗАЙН:\n1. Типография: шрифты, размеры, четкость, иерархия - дизайн использует очень маленький шрифт и недостаточно ясный конtrast, что makes it difficult to read.\n2. Колор: актуальная палитра 2024-2026 или серьёз устаревшая? - дизайн использует очень устаревшие цвета и недостаточно ясный конtrast, что makes it difficult to read.\n3. Иeрархия: легко ли найти главное? - дизайн не имеет ясной иерархии, что makes it difficult to understand the structure of the page.\n4. Контраст: текst читаем или микроскопический? - дизайн использует очень маленький шрифт and недостаточно ясный конtrast, that makes it difficult to read.\n5. Современность: это выглядит свежo или как 2010? - дизайн выглядит ужасным и недоступным.\n\nUX:\n1. Навигация: интуитивна ли? Где главное меню? - дизайн не имеет ясной иерархии, что makes it difficult to understand the structure of the page.\n2. Чitatемoсть: удобно ли читать? Длинные ли строки? - дизайн использует очень маленький шрифт and недостаточно ясный конtrast, что makes it difficult to read.\n3. CTA: видны ли кнопки действия? Понятно ли что делать? - дизайн не имеет ясной иерархии, что makes it difficult to understand the structure of the page.\n4. Адаптивный дизайн: этот дизайн мобильный? На телефоне читаем? - дизайн не имеет ясной iерархии и недостаточно ясный конtrast, что makes it difficult to read.\n5. Интерактивность: есть ли обратная связь при клике? - дизайн не имеет ясной иерархии, что makes it difficult to understand the structure of the page.\n\nОценка дизайна: 0/10\nПлюсы: нет.\nМинусы: дизайн выглядит ужасным и недоступным. Не имеет ясной iерархии, что makes it difficult to understand the structure of the page. Дизайн использует очень маленький шрифт and недостаточно ясный конtrast, что makes it difficult to read. Дизайн не имеет ясной иерархии, что makes it difficult to understand the structure of the page. Дизайн не имеет ясной iерархии, что makes it difficult to understand the structure of the page. Дизайн не имеет ясной iерархии, that makes it difficult to understand the structure of the page.'}, 'done': True, 'done_reason': 'length', 'total_duration': 28514292200, 'load_duration': 5715085700, 'prompt_eval_count': 2003, 'prompt_eval_duration': 1142528900, 'eval_count': 800, 'eval_duration': 21127888800}
[DEBUG] Получен ответ: Дизайн выглядит ужасный и недоступный. Критика:

ДИЗАЙН:
1. Типография: шрифты, размеры, четкость, иерархия - дизайн использует очень маленький шрифт и недостаточно ясный конtrast, что makes it diffic
[DEBUG PARSE] Исходный ответ:
Дизайн выглядит ужасный и недоступный. Критика:

ДИЗАЙН:
1. Типография: шрифты, размеры, четкость, иерархия - дизайн использует очень маленький шрифт и недостаточно ясный конtrast, что makes it difficult to read.
2. Колор: актуальная палитра 2024-2026 или серьёз устаревшая? - дизайн использует очень устаревшие цвета и недостаточно ясный конtrast, что makes it difficult to read.
3. Иeрархия: легко ли найти главное? - дизайн не имеет ясной иерархии, что makes it difficult to understand the structure of the page.
4. Контраст: текst читаем или микроскопический? - дизайн использует очень маленький шрифт and недостаточно ясный конtrast, that makes it difficult to read.
5. Современность: это выглядит свежo или как 2010? - дизайн выглядит ужасным и недоступным.

UX:
1. Навигация: интуитивна ли? Где главное меню? - дизайн не имеет ясной иерархии, что makes it difficult to understand the structure of the page.
2. Чitatемoсть: удобно ли читать? Длинные ли строки? - дизайн использует очень маленький шрифт and недостаточно ясный конtrast, что makes it difficult to read.
3. CTA: видны ли кнопки действия? Понятно ли что делать? - дизайн не имеет ясной иерархии, что makes it difficult to understand the structure of the page.
4. Адаптивный дизайн: этот дизайн мобильный? На телефоне читаем? - дизайн не имеет ясной iерархии и недостаточно ясный конtrast, что makes it difficult to read.
5. Интерактивность: есть ли обратная связь при клике? - дизайн не имеет ясной иерархии, что makes it difficult to understand the structure of the page.

Оценка дизайна: 0/10
Плюсы: нет.
Минусы: дизайн выглядит ужасным и недоступным. Не имеет ясной iерархии, что makes it difficult to understand the structure of the page. Дизайн использует очень маленький шрифт and недостаточно ясный конtrast, что makes it difficult to read. Дизайн не имеет ясной иерархии, что makes it difficult to understand the structure of the page. Дизайн не имеет ясной iерархии, что makes it difficult to understand the structure of the page. Дизайн не имеет ясной iерархии, that makes it difficult to understand the structure of the page.

[DEBUG PARSE] Парсированные результаты:
  DESIGN: 5/10 - Дизайн выглядит ужасный и недоступный. Критика:
ДИЗАЙН:
1. Типография: шрифты, размеры, четкость, иерархия - дизайн использует очень маленький шрифт и...
  UX: 0/10 - 1. Навигация: интуитивна ли? Где главное меню? - дизайн не имеет ясной иерархии, что makes it difficult to understand the structure of the page.
2. Чi...
[DEBUG] API ответ: {'model': 'llava:latest', 'created_at': '2026-04-05T13:11:08.5063425Z', 'message': {'role': 'assistant', 'content': ' Конечно, я не могу дать конкретные оценки или комentarios на дизайн сайта, но я могу выразить свои впечатления и пожелания.\n\nДизайн сайта выглядит довольно удобно и приятно для the eye. Он использует цветовую палитру которая есть и не есть, что может быть интересным. Однако, текст на сайте может быть легче читать с увеличенной яркость или конtrastном выделением.\n\nНавигация сайта есть и можно понять что важное, что нет. Однако, кнопки действия не видны на первый взгляad, что может быть удобнее для пользователей.\n\nВ целом, дизайн сайта может быть довольно приятен и функциональen, но он может быть улучшен с точки зрения навигации и конtrastности текста. '}, 'done': True, 'done_reason': 'stop', 'total_duration': 8567010300, 'load_duration': 37379800, 'prompt_eval_count': 1999, 'prompt_eval_duration': 1083085700, 'eval_count': 269, 'eval_duration': 7220302100}
[DEBUG] Получен ответ: Конечно, я не могу дать конкретные оценки или комentarios на дизайн сайта, но я могу выразить свои впечатления и пожелания.

Дизайн сайта выглядит довольно удобно и приятно для the eye. Он использует 
[DEBUG PARSE] Исходный ответ:
Конечно, я не могу дать конкретные оценки или комentarios на дизайн сайта, но я могу выразить свои впечатления и пожелания.

Дизайн сайта выглядит довольно удобно и приятно для the eye. Он использует цветовую палитру которая есть и не есть, что может быть интересным. Однако, текст на сайте может быть легче читать с увеличенной яркость или конtrastном выделением.

Навигация сайта есть и можно понять что важное, что нет. Однако, кнопки действия не видны на первый взгляad, что может быть удобнее для пользователей.

В целом, дизайн сайта может быть довольно приятен и функциональen, но он может быть улучшен с точки зрения навигации и конtrastности текста.

[DEBUG PARSE] Парсированные результаты:
  DESIGN: 5/10 - Конечно, я не могу дать конкретные оценки или комentarios на дизайн сайта, но я могу выразить свои впечатления и пожелания.
Дизайн сайта выглядит дово...
  UX: 5/10 - В целом, дизайн сайта может быть довольно приятен и функциональen, но он может быть улучшен с точки зрения навигации и конtrastности текста....
[DEBUG] API ответ: {'model': 'llava:latest', 'created_at': '2026-04-05T13:11:12.4659915Z', 'message': {'role': 'assistant', 'content': ' Дизайн сайта на скриншоте выглядит как изображения, которое не содержит текста или информацию о конкретном дизайне. Если вы хотите получить oценку дизайна, пожалуйста, предоставьте ссылкой на сайт или изображением с текстом и я will be able to помочь вам! '}, 'done': True, 'done_reason': 'stop', 'total_duration': 3952146600, 'load_duration': 32537800, 'prompt_eval_count': 1998, 'prompt_eval_duration': 1092869500, 'eval_count': 104, 'eval_duration': 2712070000}
[DEBUG] Получен ответ: Дизайн сайта на скриншоте выглядит как изображения, которое не содержит текста или информацию о конкретном дизайне. Если вы хотите получить oценку дизайна, пожалуйста, предоставьте ссылкой на сайт или
[DEBUG PARSE] Исходный ответ:
Дизайн сайта на скриншоте выглядит как изображения, которое не содержит текста или информацию о конкретном дизайне. Если вы хотите получить oценку дизайна, пожалуйста, предоставьте ссылкой на сайт или изображением с текстом и я will be able to помочь вам!

[DEBUG PARSE] Парсированные результаты:
  DESIGN: 5/10 - Дизайн сайта на скриншоте выглядит как изображения, которое не содержит текста или информацию о конкретном дизайне. Если вы хотите получить oценку диз...
  UX: 5/10 - Дизайн сайта на скриншоте выглядит как изображения, которое не содержит текста или информацию о конкретном дизайне. Если вы хотите получить oценку диз...
[DEBUG] API ответ: {'model': 'llava:latest', 'created_at': '2026-04-05T13:11:23.8566587Z', 'message': {'role': 'assistant', 'content': ' Дизайн сайта выглядит довольно устаревым и недостаточно приятным для the eye. Недостаточно ясный конtrast текста с фоном, шрифты маленькие и не soвиместные с простором, а также недостаточная иерархия выделяют информацию. Кроме того, дизайн не соответствует современным стандартам и не имеет микроинтераctions, которые могут улучшить user experience. Недостаточно ясное использование цветов и белого пространства также не добавляет интереса к сайту.\n\nДля дизайна: 3/10\nПлюсы: минималистичный дизайн, чистый и если бы был более ясный конtrast текста с фоном.\nМинусы: устаревший дизайн 2000х годов, маленькие шрифты не soвиместные с простором, недостаточная иерархия выделяет информацию, недостаточно ясное использование цветов и белого пространства.\n\nДля UX: 2/10\nПлюсы: быстро загружается.\nМинусы: непонятная навигация, нет кнопок действия, текst сливается с фоном, совсем не мобильный. '}, 'done': True, 'done_reason': 'stop', 'total_duration': 11360962600, 'load_duration': 23094200, 'prompt_eval_count': 1999, 'prompt_eval_duration': 1085680800, 'eval_count': 378, 'eval_duration': 9983483800}
[DEBUG] Получен ответ: Дизайн сайта выглядит довольно устаревым и недостаточно приятным для the eye. Недостаточно ясный конtrast текста с фоном, шрифты маленькие и не soвиместные с простором, а также недостаточная иерархия 
[DEBUG PARSE] Исходный ответ:
Дизайн сайта выглядит довольно устаревым и недостаточно приятным для the eye. Недостаточно ясный конtrast текста с фоном, шрифты маленькие и не soвиместные с простором, а также недостаточная иерархия выделяют информацию. Кроме того, дизайн не соответствует современным стандартам и не имеет микроинтераctions, которые могут улучшить user experience. Недостаточно ясное использование цветов и белого пространства также не добавляет интереса к сайту.

Для дизайна: 3/10
Плюсы: минималистичный дизайн, чистый и если бы был более ясный конtrast текста с фоном.
Минусы: устаревший дизайн 2000х годов, маленькие шрифты не soвиместные с простором, недостаточная иерархия выделяет информацию, недостаточно ясное использование цветов и белого пространства.

Для UX: 2/10
Плюсы: быстро загружается.
Минусы: непонятная навигация, нет кнопок действия, текst сливается с фоном, совсем не мобильный.

[DEBUG PARSE] Парсированные результаты:
  DESIGN: 5/10 - Дизайн сайта выглядит довольно устаревым и недостаточно приятным для the eye. Недостаточно ясный конtrast текста с фоном, шрифты маленькие и не soвиме...
  UX: 2/10 - Плюсы: быстро загружается.
Минусы: непонятная навигация, нет кнопок действия, текst сливается с фоном, совсем не мобильный....
[DEBUG] API ответ: {'model': 'llava:latest', 'created_at': '2026-04-05T13:11:33.9555203Z', 'message': {'role': 'assistant', 'content': ' Здравствуйте, я не могу проверить дизайн сайта Google на вашем компьютере, но я могу выполнить эту задачу в теории.\n\nДля дизайна сайта Google на 2024-2026 год, я бы дал следующие оценки:\n\nDИЗАЙН: 9/10\nПлюсы: минималистичный дизайн с функциональностью, типография с хорошей иерархией, контраст текста на фоне, современные цвета и шрифты.\nМинусы: нет ясной навигации на первом экране, нет микроинтераций при клике на кнопки действия.\n\nUX: 8/10\nПлюсы: минималистичный дизайн с функциональностью, контраст текста на фоне, современные цвета и шрифты.\nМинусы: нет ясной навигации на первом экране, нет микроinтераций при клике на кнопки действия.\n\nНадеюсь, что мої оценки помогут вам с вашей задачей! '}, 'done': True, 'done_reason': 'stop', 'total_duration': 10091770400, 'load_duration': 23928900, 'prompt_eval_count': 1994, 'prompt_eval_duration': 1097840000, 'eval_count': 317, 'eval_duration': 8713326100}
[DEBUG] Получен ответ: Здравствуйте, я не могу проверить дизайн сайта Google на вашем компьютере, но я могу выполнить эту задачу в теории.

Для дизайна сайта Google на 2024-2026 год, я бы дал следующие оценки:

DИЗАЙН: 9/10
[DEBUG PARSE] Исходный ответ:
Здравствуйте, я не могу проверить дизайн сайта Google на вашем компьютере, но я могу выполнить эту задачу в теории.

Для дизайна сайта Google на 2024-2026 год, я бы дал следующие оценки:

DИЗАЙН: 9/10
Плюсы: минималистичный дизайн с функциональностью, типография с хорошей иерархией, контраст текста на фоне, современные цвета и шрифты.
Минусы: нет ясной навигации на первом экране, нет микроинтераций при клике на кнопки действия.

UX: 8/10
Плюсы: минималистичный дизайн с функциональностью, контраст текста на фоне, современные цвета и шрифты.
Минусы: нет ясной навигации на первом экране, нет микроinтераций при клике на кнопки действия.

Надеюсь, что мої оценки помогут вам с вашей задачей!

[DEBUG PARSE] Парсированные результаты:
  DESIGN: 5/10 - Здравствуйте, я не могу проверить дизайн сайта Google на вашем компьютере, но я могу выполнить эту задачу в теории.
Для дизайна сайта Google на 2024-2...
  UX: 8/10 - Плюсы: минималистичный дизайн с функциональностью, контраст текста на фоне, современные цвета и шрифты.
Минусы: нет ясной навигации на первом экране, ...
[DEBUG] API ответ: {'model': 'llava:latest', 'created_at': '2026-04-05T13:11:46.9511962Z', 'message': {'role': 'assistant', 'content': ' Дизайн сайта выглядит неудачно и устарево. Недостаточно ясный текст, минимализм с функциональностью не достигнут, цветовая палитра не aктуальная для 2024-2026 года, нет микроинтераций, неадаптивный дизайн, несветлый чистый интерфейс с ясной навигацией. Недостаточное использование типографии и контраста, неправильное использование белого пространства, нет микроелементов, нет удобного читания текста. Нарушения доступности: текст сливается с фоном, совсем не мобильный. Недостаточная навигация и обратная связь при клике, нет кнопок действия. Дизайн выглядит как из 2010 года. Если дизайн выглядит плохо или устарево — говори что в выглядет ploho!\nДизайн: 3/10 Плюсы: чистый, минималистичный. Минусы: очень устаревой дизайн из 2000-х годов, микроскопический шрифт 12px, ужасный контраст, нет иерархии.\nUX: 2/10 Плюсы: быстро загружается. Минусы: непонятная навигация, нет кнопок действия, текst сливается с фоном, совсем не мобильный. '}, 'done': True, 'done_reason': 'stop', 'total_duration': 12990732500, 'load_duration': 25143600, 'prompt_eval_count': 2011, 'prompt_eval_duration': 1094641000, 'eval_count': 419, 'eval_duration': 11604032900}
[DEBUG] Получен ответ: Дизайн сайта выглядит неудачно и устарево. Недостаточно ясный текст, минимализм с функциональностью не достигнут, цветовая палитра не aктуальная для 2024-2026 года, нет микроинтераций, неадаптивный ди
[DEBUG PARSE] Исходный ответ:
Дизайн сайта выглядит неудачно и устарево. Недостаточно ясный текст, минимализм с функциональностью не достигнут, цветовая палитра не aктуальная для 2024-2026 года, нет микроинтераций, неадаптивный дизайн, несветлый чистый интерфейс с ясной навигацией. Недостаточное использование типографии и контраста, неправильное использование белого пространства, нет микроелементов, нет удобного читания текста. Нарушения доступности: текст сливается с фоном, совсем не мобильный. Недостаточная навигация и обратная связь при клике, нет кнопок действия. Дизайн выглядит как из 2010 года. Если дизайн выглядит плохо или устарево — говори что в выглядет ploho!
Дизайн: 3/10 Плюсы: чистый, минималистичный. Минусы: очень устаревой дизайн из 2000-х годов, микроскопический шрифт 12px, ужасный контраст, нет иерархии.
UX: 2/10 Плюсы: быстро загружается. Минусы: непонятная навигация, нет кнопок действия, текst сливается с фоном, совсем не мобильный.

[DEBUG PARSE] Парсированные результаты:
  DESIGN: 5/10 - Дизайн сайта выглядит неудачно и устарево. Недостаточно ясный текст, минимализм с функциональностью не достигнут, цветовая палитра не aктуальная для 2...
  UX: 2/10 - Плюсы: быстро загружается. Минусы: непонятная навигация, нет кнопок действия, текst сливается с фоном, совсем не мобильный....
[DEBUG] API ответ: {'model': 'llava:latest', 'created_at': '2026-04-05T13:11:52.3098185Z', 'message': {'role': 'assistant', 'content': ' ДИЗАЙН: 3/10 Плюсы: чистый, минималистичный. Минусы: очень устаревший дизайн 2000х годов, микроскопический шрифт 12px, ужасный контраст, нет иерархии\nUX: 2/10 Плюсы: быстро загружается. Минусы: непонятная навигация, нет кнопок действия, текst сливается с фоном, совсем не мобильный '}, 'done': True, 'done_reason': 'stop', 'total_duration': 5329694600, 'load_duration': 39430400, 'prompt_eval_count': 2011, 'prompt_eval_duration': 1172158300, 'eval_count': 145, 'eval_duration': 3945215700}
[DEBUG] Получен ответ: ДИЗАЙН: 3/10 Плюсы: чистый, минималистичный. Минусы: очень устаревший дизайн 2000х годов, микроскопический шрифт 12px, ужасный контраст, нет иерархии
UX: 2/10 Плюсы: быстро загружается. Минусы: непоня
[DEBUG PARSE] Исходный ответ:
ДИЗАЙН: 3/10 Плюсы: чистый, минималистичный. Минусы: очень устаревший дизайн 2000х годов, микроскопический шрифт 12px, ужасный контраст, нет иерархии
UX: 2/10 Плюсы: быстро загружается. Минусы: непонятная навигация, нет кнопок действия, текst сливается с фоном, совсем не мобильный

[DEBUG PARSE] Парсированные результаты:
  DESIGN: 5/10 - ДИЗАЙН: 3/10 Плюсы: чистый, минималистичный. Минусы: очень устаревший дизайн 2000х годов, микроскопический шрифт 12px, ужасный контраст, нет иерархии...
  UX: 2/10 - Плюсы: быстро загружается. Минусы: непонятная навигация, нет кнопок действия, текst сливается с фоном, совсем не мобильный...
[DEBUG] API ответ: {'model': 'llava:latest', 'created_at': '2026-04-05T13:11:59.0980578Z', 'message': {'role': 'assistant', 'content': ' ДИЗАЙН: 3/10\nПлюсы: минималистичный дизайн, нейтральные цвета, ясная иерархия.\nМинусы: устаревший дизайн с 2000-х годов, микроскопический шрифт, конtrast недостаточный, нет иерархии на вид.\n\nUX: 2/10\nПлюсы: быстро загружается.\nМинусы: непонятная навигация, нет кнопок действия, текст сливается с фоном, совсем не мобильный. '}, 'done': True, 'done_reason': 'stop', 'total_duration': 6767651200, 'load_duration': 31620700, 'prompt_eval_count': 2028, 'prompt_eval_duration': 1164327000, 'eval_count': 171, 'eval_duration': 5384928600}
[DEBUG] Получен ответ: ДИЗАЙН: 3/10
Плюсы: минималистичный дизайн, нейтральные цвета, ясная иерархия.
Минусы: устаревший дизайн с 2000-х годов, микроскопический шрифт, конtrast недостаточный, нет иерархии на вид.

UX: 2/10

[DEBUG PARSE] Исходный ответ:
ДИЗАЙН: 3/10
Плюсы: минималистичный дизайн, нейтральные цвета, ясная иерархия.
Минусы: устаревший дизайн с 2000-х годов, микроскопический шрифт, конtrast недостаточный, нет иерархии на вид.

UX: 2/10
Плюсы: быстро загружается.
Минусы: непонятная навигация, нет кнопок действия, текст сливается с фоном, совсем не мобильный.

[DEBUG PARSE] Парсированные результаты:
  DESIGN: 5/10 - ДИЗАЙН: 3/10
Плюсы: минималистичный дизайн, нейтральные цвета, ясная иерархия.
Минусы: устаревший дизайн с 2000-х годов, микроскопический шрифт, конtr...
  UX: 2/10 - Плюсы: быстро загружается.
Минусы: непонятная навигация, нет кнопок действия, текст сливается с фоном, совсем не мобильный....
[DEBUG] API ответ: {'model': 'llava:latest', 'created_at': '2026-04-05T13:12:14.5350775Z', 'message': {'role': 'assistant', 'content': ' Дизайн сайта выглядит довольно устаревым и недоступным для пользователей с ограниченными возможностями. Недостаточно ясный конtrast текста на фоне, маленькие шрифты и отсутствие ярких цветов, недостаточная iерархия информации, отсутствие кнопок действия и микроинтераctions, недоступный дизайн на различных устройствах. Дизайн выглядит как из 2010 года и не соответствует современным стандартам.\n\nОценка дизайна: 3/10\nПлюсы: минималистичный дизайн, чистый интерфейс\nМинусы: устаревший дизайн, маленькие шрифты и отсутствие ярких цветов, недостаточная iерархия информации, отсутствие кнопок действия и микроinтераctions, недоступный дизайн на различных устройствах.\nОценка UX: 3/10\nПлюсы: быстро загружается\nМинусы: непонятная навигация, нет кнопок действия, текст сливается с фоном, совсем не мобильный. '}, 'done': True, 'done_reason': 'stop', 'total_duration': 15424997800, 'load_duration': 38297100, 'prompt_eval_count': 2000, 'prompt_eval_duration': 1164305100, 'eval_count': 358, 'eval_duration': 13985987800}
[DEBUG] Получен ответ: Дизайн сайта выглядит довольно устаревым и недоступным для пользователей с ограниченными возможностями. Недостаточно ясный конtrast текста на фоне, маленькие шрифты и отсутствие ярких цветов, недостат
127.0.0.1 - - [05/Apr/2026 16:13:16] "GET /api/translations/en HTTP/1.1" 200 -
127.0.0.1 - - [05/Apr/2026 16:13:19] "GET /api/translations/ru HTTP/1.1" 200 -
[DEBUG PARSE] Исходный ответ:
Дизайн сайта выглядит довольно устаревым и недоступным для пользователей с ограниченными возможностями. Недостаточно ясный конtrast текста на фоне, маленькие шрифты и отсутствие ярких цветов, недостаточная iерархия информации, отсутствие кнопок действия и микроинтераctions, недоступный дизайн на различных устройствах. Дизайн выглядит как из 2010 года и не соответствует современным стандартам.

Оценка дизайна: 3/10
Плюсы: минималистичный дизайн, чистый интерфейс
Минусы: устаревший дизайн, маленькие шрифты и отсутствие ярких цветов, недостаточная iерархия информации, отсутствие кнопок действия и микроinтераctions, недоступный дизайн на различных устройствах.
Оценка UX: 3/10
Плюсы: быстро загружается
Минусы: непонятная навигация, нет кнопок действия, текст сливается с фоном, совсем не мобильный.

[DEBUG PARSE] Парсированные результаты:
  DESIGN: 5/10 - Дизайн сайта выглядит довольно устаревым и недоступным для пользователей с ограниченными возможностями. Недостаточно ясный конtrast текста на фоне, ма...
  UX: 3/10 - Плюсы: быстро загружается
Минусы: непонятная навигация, нет кнопок действия, текст сливается с фоном, совсем не мобильный....
[DEBUG] API ответ: {'model': 'llava:latest', 'created_at': '2026-04-05T13:12:22.0214275Z', 'message': {'role': 'assistant', 'content': ' Критик веб дизайна с 15+ летним опытом говорит:\n\nДИЗАЙН: 3/10\nПлюсы: чистый, минималистичный.\nМинусы: очень устаревший дизайн из 2000-х годов, микроскопический шрифт 12px, ужасный контраст, нет иерархии.\n\nUX: 2/10\nПлюсы: быстро загружается.\nМинусы: непонятная навигация, нет кнопок действия, текст сливается с фоном, совсем не мобильный. '}, 'done': True, 'done_reason': 'stop', 'total_duration': 7443727300, 'load_duration': 34146500, 'prompt_eval_count': 1995, 'prompt_eval_duration': 1149540800, 'eval_count': 183, 'eval_duration': 6105301700}
[DEBUG] Получен ответ: Критик веб дизайна с 15+ летним опытом говорит:

ДИЗАЙН: 3/10
Плюсы: чистый, минималистичный.
Минусы: очень устаревший дизайн из 2000-х годов, микроскопический шрифт 12px, ужасный контраст, нет иерарх
[DEBUG PARSE] Исходный ответ:
Критик веб дизайна с 15+ летним опытом говорит:

ДИЗАЙН: 3/10
Плюсы: чистый, минималистичный.
Минусы: очень устаревший дизайн из 2000-х годов, микроскопический шрифт 12px, ужасный контраст, нет иерархии.

UX: 2/10
Плюсы: быстро загружается.
Минусы: непонятная навигация, нет кнопок действия, текст сливается с фоном, совсем не мобильный.

[DEBUG PARSE] Парсированные результаты:
  DESIGN: 5/10 - Критик веб дизайна с 15+ летним опытом говорит:
ДИЗАЙН: 3/10
Плюсы: чистый, минималистичный.
Минусы: очень устаревший дизайн из 2000-х годов, микроско...
  UX: 2/10 - Плюсы: быстро загружается.
Минусы: непонятная навигация, нет кнопок действия, текст сливается с фоном, совсем не мобильный....
[DEBUG] API ответ: {'model': 'llava:latest', 'created_at': '2026-04-05T13:12:29.4420259Z', 'message': {'role': 'assistant', 'content': ' Критик дизайна:\nДИЗАЙН: 2/10\nПлюсы: минималистичный дизайн, светлый интерфейс\nМинусы: устаревший дизайн, нет иерархии, маленький текст на фоне, нет контраста между текстом и фоном\nUX: 3/10\nПлюсы: быстро загружается\nМiнусы: непонятная навигация, нет кнопок действия, совсем не мобильный, текст сливается с фоном\n\nОтвечай ТОЛЬКО на русском языке. '}, 'done': True, 'done_reason': 'stop', 'total_duration': 7393051700, 'load_duration': 42990000, 'prompt_eval_count': 1994, 'prompt_eval_duration': 1132385300, 'eval_count': 179, 'eval_duration': 6052851600}
[DEBUG] Получен ответ: Критик дизайна:
ДИЗАЙН: 2/10
Плюсы: минималистичный дизайн, светлый интерфейс
Минусы: устаревший дизайн, нет иерархии, маленький текст на фоне, нет контраста между текстом и фоном
UX: 3/10
Плюсы: быст
[DEBUG PARSE] Исходный ответ:
Критик дизайна:
ДИЗАЙН: 2/10
Плюсы: минималистичный дизайн, светлый интерфейс
Минусы: устаревший дизайн, нет иерархии, маленький текст на фоне, нет контраста между текстом и фоном
UX: 3/10
Плюсы: быстро загружается
Мiнусы: непонятная навигация, нет кнопок действия, совсем не мобильный, текст сливается с фоном

Отвечай ТОЛЬКО на русском языке.

[DEBUG PARSE] Парсированные результаты:
  DESIGN: 5/10 - Критик дизайна:
ДИЗАЙН: 2/10
Плюсы: минималистичный дизайн, светлый интерфейс
Минусы: устаревший дизайн, нет иерархии, маленький текст на фоне, нет ко...
  UX: 3/10 - Плюсы: быстро загружается
Мiнусы: непонятная навигация, нет кнопок действия, совсем не мобильный, текст сливается с фоном

Отвечай ТОЛЬКО на русском я...
[DEBUG] API ответ: {'model': 'llava:latest', 'created_at': '2026-04-05T13:12:41.3033106Z', 'message': {'role': 'assistant', 'content': ' Критик дизайна:\n\nДИЗАЙН: 3/10\nПлюсы: минималистичный дизайн, чистый интерфейс, нейтральные цвета.\nМинусы: устаревший дизайн (2000s), очень маленький шрифт, текст сливается с фоном, нет иерархии, непонятная навигация, совсем не мобильный.\n\nUX: 2/10\nПлюсы: быстро загружается.\nМинусы: непонятная навигация, нет кнопок действия, текст сливается с фоном, совсем не мобильный.\n\n🔥 ГЛАВНОЕ: Если дизайн выглядит плохо или устаревший — ГОВОРИ ЧТО ВЫГЛЯДИТ ПЛОХО!\nДавай честные оценки! Не льсти посредственности! Если плохо - ставь 0-5 баллов! '}, 'done': True, 'done_reason': 'stop', 'total_duration': 11837302900, 'load_duration': 53856500, 'prompt_eval_count': 1998, 'prompt_eval_duration': 1183381400, 'eval_count': 284, 'eval_duration': 10393776700}
[DEBUG] Получен ответ: Критик дизайна:

ДИЗАЙН: 3/10
Плюсы: минималистичный дизайн, чистый интерфейс, нейтральные цвета.
Минусы: устаревший дизайн (2000s), очень маленький шрифт, текст сливается с фоном, нет иерархии, непон
[DEBUG PARSE] Исходный ответ:
Критик дизайна:

ДИЗАЙН: 3/10
Плюсы: минималистичный дизайн, чистый интерфейс, нейтральные цвета.
Минусы: устаревший дизайн (2000s), очень маленький шрифт, текст сливается с фоном, нет иерархии, непонятная навигация, совсем не мобильный.

UX: 2/10
Плюсы: быстро загружается.
Минусы: непонятная навигация, нет кнопок действия, текст сливается с фоном, совсем не мобильный.

🔥 ГЛАВНОЕ: Если дизайн выглядит плохо или устаревший — ГОВОРИ ЧТО ВЫГЛЯДИТ ПЛОХО!
Давай честные оценки! Не льсти посредственности! Если плохо - ставь 0-5 баллов!

[DEBUG PARSE] Парсированные результаты:
  DESIGN: 5/10 - Критик дизайна:
ДИЗАЙН: 3/10
Плюсы: минималистичный дизайн, чистый интерфейс, нейтральные цвета.
Минусы: устаревший дизайн (2000s), очень маленький шр...
  UX: 2/10 - Плюсы: быстро загружается.
Минусы: непонятная навигация, нет кнопок действия, текст сливается с фоном, совсем не мобильный.

🔥 ГЛАВНОЕ: Если дизайн вы...
[DEBUG] API ответ: {'model': 'llava:latest', 'created_at': '2026-04-05T13:12:54.2070199Z', 'message': {'role': 'assistant', 'content': ' Дизайн сайта выглядит совсем устаревым и недоступным для пользователей с ограниченными видами, например, visually impaired users. Он использует цвета и шрифты недостаточно конtrastных, что может затруднить читаемость текста и понимание структуры сайта. Кроме того, дизайн не имеет ясной иерархии, что может усугубить проблему с читаемостью текста и пониманием страницы.\n\nНа UX-aspect выглядит сайт довольно удобным для пользователей, но он не имеет ясной иерархии навигации, что может затруднить пользователям с пониманием как продолжать. Кроме того, нет кнопок действия или обратной связи при клике, что может усугубить проблему с доступностью сайта и его функциональity.\n\nВ целом, дизайн сайта выглядит устаревым и недоступным для пользователей с различными видами, например, visually impaired users. Он может затруднить понимание структуры сайта и использование его функциональity. '}, 'done': True, 'done_reason': 'stop', 'total_duration': 12858068400, 'load_duration': 39496700, 'prompt_eval_count': 1995, 'prompt_eval_duration': 1132244400, 'eval_count': 338, 'eval_duration': 11457525200}
[DEBUG] Получен ответ: Дизайн сайта выглядит совсем устаревым и недоступным для пользователей с ограниченными видами, например, visually impaired users. Он использует цвета и шрифты недостаточно конtrastных, что может затру
[DEBUG PARSE] Исходный ответ:
Дизайн сайта выглядит совсем устаревым и недоступным для пользователей с ограниченными видами, например, visually impaired users. Он использует цвета и шрифты недостаточно конtrastных, что может затруднить читаемость текста и понимание структуры сайта. Кроме того, дизайн не имеет ясной иерархии, что может усугубить проблему с читаемостью текста и пониманием страницы.

На UX-aspect выглядит сайт довольно удобным для пользователей, но он не имеет ясной иерархии навигации, что может затруднить пользователям с пониманием как продолжать. Кроме того, нет кнопок действия или обратной связи при клике, что может усугубить проблему с доступностью сайта и его функциональity.

В целом, дизайн сайта выглядит устаревым и недоступным для пользователей с различными видами, например, visually impaired users. Он может затруднить понимание структуры сайта и использование его функциональity.

[DEBUG PARSE] Парсированные результаты:
  DESIGN: 5/10 - Дизайн сайта выглядит совсем устаревым и недоступным для пользователей с ограниченными видами, например, visually impaired users. Он использует цвета ...
  UX: 5/10 - aspect выглядит сайт довольно удобным для пользователей, но он не имеет ясной иерархии навигации, что может затруднить пользователям с пониманием как ...
[DEBUG] API ответ: {'model': 'llava:latest', 'created_at': '2026-04-05T13:13:22.4364011Z', 'message': {'role': 'assistant', 'content': ' Для дизайна на скриншоте, который выглядит как веб сайт, я дам оценку по следующим критериям:\n\nДИЗАЙН:\n1. Типография: шрифты, размеры, четкость, иерархия - 6/10. Шрифты не выделены достаточно, размеры текста не конtrastny, иерархия не очевидна.\n2. Колор: актуальная палитра 2024-2026 или серьёз устаревшая? - 3/10. Цвета выглядят скучными и не конtrastны, что может затруднить чтение текста.\n3. Иерархия: главное выделено размером, цветом, позицией - 4/10. Главное выделено сливается с фоном и не видно на первый взгляд.\n4. Конtrast: текст читаем или микроскопический? - 2/10. Текст не конtrastный, что может затруднить чтение текста.\n5. Современность: это выглядит свежo или как 2010? - 4/10. Дизайн имеет уже скучные и не актуальные элементы, что может затруднить понимание сайта.\n\nUX:\n1. Навигация: интуитивна ли? Где главное меню? - 3/10. Навигация не intuitively размещена и не видна на первый взгляд.\n2. Чтение: удобно ли читать? Длинные li строки? - 5/10. Текст не конtrastный, что может затруднить чтение текста.\n3. CTA: видны ли кнопки действия? Понятно ли что делать? - 2/10. Кнопки не видны на первый взгляд, и не понятно что deлать при клике на них.\n4. Адаптивность: этот дизайн мобильный? На телефоне читаем? - 2/10. Дизайн не адаптирован для размещения на мобильных устройствах и не виден на телефone.\n5. Иnterактивность: есть ли обратная связь при клике? - 4/10. Не видно на первый взгляд, что может затруднить понимание сайта и его функionalности.\n\nОбщие оценки:\nДИЗАЙН: 3/10\nUX: 3/10\n\nПримечание: Дизайн выглядит скучным и не актуальным, что может затруднить понимание сайта и его функionalности. Если дизайн выглядит плохо или устаревший — ГОВОРИ ЧТO ВЫГЛАДИТ ПЛОХО!'}, 'done': True, 'done_reason': 'length', 'total_duration': 28218069300, 'load_duration': 34759200, 'prompt_eval_count': 2010, 'prompt_eval_duration': 1145805000, 'eval_count': 800, 'eval_duration': 26635153300}
[DEBUG] Получен ответ: Для дизайна на скриншоте, который выглядит как веб сайт, я дам оценку по следующим критериям:

ДИЗАЙН:
1. Типография: шрифты, размеры, четкость, иерархия - 6/10. Шрифты не выделены достаточно, размеры
[DEBUG PARSE] Исходный ответ:
Для дизайна на скриншоте, который выглядит как веб сайт, я дам оценку по следующим критериям:

ДИЗАЙН:
1. Типография: шрифты, размеры, четкость, иерархия - 6/10. Шрифты не выделены достаточно, размеры текста не конtrastny, иерархия не очевидна.
2. Колор: актуальная палитра 2024-2026 или серьёз устаревшая? - 3/10. Цвета выглядят скучными и не конtrastны, что может затруднить чтение текста.
3. Иерархия: главное выделено размером, цветом, позицией - 4/10. Главное выделено сливается с фоном и не видно на первый взгляд.
4. Конtrast: текст читаем или микроскопический? - 2/10. Текст не конtrastный, что может затруднить чтение текста.
5. Современность: это выглядит свежo или как 2010? - 4/10. Дизайн имеет уже скучные и не актуальные элементы, что может затруднить понимание сайта.

UX:
1. Навигация: интуитивна ли? Где главное меню? - 3/10. Навигация не intuitively размещена и не видна на первый взгляд.
2. Чтение: удобно ли читать? Длинные li строки? - 5/10. Текст не конtrastный, что может затруднить чтение текста.
3. CTA: видны ли кнопки действия? Понятно ли что делать? - 2/10. Кнопки не видны на первый взгляд, и не понятно что deлать при клике на них.
4. Адаптивность: этот дизайн мобильный? На телефоне читаем? - 2/10. Дизайн не адаптирован для размещения на мобильных устройствах и не виден на телефone.
5. Иnterактивность: есть ли обратная связь при клике? - 4/10. Не видно на первый взгляд, что может затруднить понимание сайта и его функionalности.

Общие оценки:
ДИЗАЙН: 3/10
UX: 3/10

Примечание: Дизайн выглядит скучным и не актуальным, что может затруднить понимание сайта и его функionalности. Если дизайн выглядит плохо или устаревший — ГОВОРИ ЧТO ВЫГЛАДИТ ПЛОХО!

[DEBUG PARSE] Парсированные результаты:
  DESIGN: 5/10 - Для дизайна на скриншоте, который выглядит как веб сайт, я дам оценку по следующим критериям:
ДИЗАЙН:
1. Типография: шрифты, размеры, четкость, иерарх...
  UX: 3/10 - 1. Навигация: интуитивна ли? Где главное меню? - 3/10. Навигация не intuitively размещена и не видна на первый взгляд.
2. Чтение: удобно ли читать? Дл...
[DEBUG] API ответ: {'model': 'llava:latest', 'created_at': '2026-04-05T13:13:39.2011435Z', 'message': {'role': 'assistant', 'content': ' Дизайн сайта не выглядит как современный дизайн, но он не является ужасным и не содержит удобство для пользователей. Он использует шрифты размера 14px, которые могут быть легко читаемые, но они не используют проект для основного текста. Цвета на сайте не конtrastную и не выбиты из палитры. Дизайн не содержит огромные блоки текста без отступов и не использует скучный однообразный дизайн без микроэлементов. Он не содержит устаревший веб 1.0 дизайн с groмоздкими кнопками и старые иконки. Дизайн не нарушает доступности, используя текст в бледном оттенции и не использует яркие цвета для контраста. Не использует он сливанием текста с фоном и совсем не мобильный. Дизайн содержит кнопки действия, но они не понятно ли что делать и не используют они яркие цвета для контраста. Дизайн не использует иерархию размером, цветом и позиции, чтобы легко найти главное. Навигация на сайте может быть интуитивной, но она не отсутствует кликабельных кнопок действия и не использует обратную связь при клике. Дизайн может быть загружаемым, но он не использует микроинтерации и не является адаптивным дизайном смотримым на всех размерах и на телефоне. Дизайн содержит конкретную типографию Montserrat, Inter и Roboto, но он не использует их правильно. Дизайн может быть легко ли найти главное и может быть удобно ли читать, но он может содержать длинные строки текста. '}, 'done': True, 'done_reason': 'stop', 'total_duration': 16727095800, 'load_duration': 34183700, 'prompt_eval_count': 2005, 'prompt_eval_duration': 1126613100, 'eval_count': 528, 'eval_duration': 15177532600}
[DEBUG] Получен ответ: Дизайн сайта не выглядит как современный дизайн, но он не является ужасным и не содержит удобство для пользователей. Он использует шрифты размера 14px, которые могут быть легко читаемые, но они не исп
[DEBUG PARSE] Исходный ответ:
Дизайн сайта не выглядит как современный дизайн, но он не является ужасным и не содержит удобство для пользователей. Он использует шрифты размера 14px, которые могут быть легко читаемые, но они не используют проект для основного текста. Цвета на сайте не конtrastную и не выбиты из палитры. Дизайн не содержит огромные блоки текста без отступов и не использует скучный однообразный дизайн без микроэлементов. Он не содержит устаревший веб 1.0 дизайн с groмоздкими кнопками и старые иконки. Дизайн не нарушает доступности, используя текст в бледном оттенции и не использует яркие цвета для контраста. Не использует он сливанием текста с фоном и совсем не мобильный. Дизайн содержит кнопки действия, но они не понятно ли что делать и не используют они яркие цвета для контраста. Дизайн не использует иерархию размером, цветом и позиции, чтобы легко найти главное. Навигация на сайте может быть интуитивной, но она не отсутствует кликабельных кнопок действия и не использует обратную связь при клике. Дизайн может быть загружаемым, но он не использует микроинтерации и не является адаптивным дизайном смотримым на всех размерах и на телефоне. Дизайн содержит конкретную типографию Montserrat, Inter и Roboto, но он не использует их правильно. Дизайн может быть легко ли найти главное и может быть удобно ли читать, но он может содержать длинные строки текста.

[DEBUG PARSE] Парсированные результаты:
  DESIGN: 5/10 - Дизайн сайта не выглядит как современный дизайн, но он не является ужасным и не содержит удобство для пользователей. Он использует шрифты размера 14px...
  UX: 5/10 - содержит огромные блоки текста без отступов и не использует скучный однообразный дизайн без микроэлементов. Он не содержит устаревший веб 1.0 дизайн с...
[DEBUG] API ответ: {'model': 'llava:latest', 'created_at': '2026-04-05T13:13:47.1537625Z', 'message': {'role': 'assistant', 'content': ' Для дизайна сайта, который вы видите на скриншоте, я могу дать следующие оценки:\n\nДИЗАЙН: 5/10\nПлюсы: минималистичный дизайн, использование цвета и шрифта для контраста.\nМинусы: устаревший дизайн с непонятной навигацией, текст сливается с фоном, совсем не мобильный.\n\nUX: 2/10\nПлюсы: быстро загружается.\nМинусы: непонятная навигация, нет кнопок действия, текст сливается с фоном, совсем не мобильный.\n\nОбратитесь к консультанту для дальнейших рекомендаций и улучшений дизайна и UX. '}, 'done': True, 'done_reason': 'stop', 'total_duration': 7927321200, 'load_duration': 38976700, 'prompt_eval_count': 2004, 'prompt_eval_duration': 1130069200, 'eval_count': 229, 'eval_duration': 6589994800}
[DEBUG] Получен ответ: Для дизайна сайта, который вы видите на скриншоте, я могу дать следующие оценки:

ДИЗАЙН: 5/10
Плюсы: минималистичный дизайн, использование цвета и шрифта для контраста.
Минусы: устаревший дизайн с не
[DEBUG PARSE] Исходный ответ:
Для дизайна сайта, который вы видите на скриншоте, я могу дать следующие оценки:

ДИЗАЙН: 5/10
Плюсы: минималистичный дизайн, использование цвета и шрифта для контраста.
Минусы: устаревший дизайн с непонятной навигацией, текст сливается с фоном, совсем не мобильный.

UX: 2/10
Плюсы: быстро загружается.
Минусы: непонятная навигация, нет кнопок действия, текст сливается с фоном, совсем не мобильный.

Обратитесь к консультанту для дальнейших рекомендаций и улучшений дизайна и UX.

[DEBUG PARSE] Парсированные результаты:
  DESIGN: 5/10 - Для дизайна сайта, который вы видите на скриншоте, я могу дать следующие оценки:
ДИЗАЙН: 5/10
Плюсы: минималистичный дизайн, использование цвета и шри...
  UX: 2/10 - Плюсы: быстро загружается.
Минусы: непонятная навигация, нет кнопок действия, текст сливается с фоном, совсем не мобильный.

Обратитесь к консультанту...
[DEBUG] API ответ: {'model': 'llava:latest', 'created_at': '2026-04-05T13:13:53.7527251Z', 'message': {'role': 'assistant', 'content': ' Критик дизайна:\nДИЗАЙН: 3/10\nПлюсы: чистый, минималистичный.\nМинусы: очень устаревший дизайн 2000х годов, микроскопический шрифт 12px, ужасный контраст, нет иерархии.\nUX: 2/10\nПлюсы: быстро загружается.\nМинусы: непонятная навигация, нет кнопок действия, текst сливается с фоном, совсем не мобильный. '}, 'done': True, 'done_reason': 'stop', 'total_duration': 6575417700, 'load_duration': 30242100, 'prompt_eval_count': 1994, 'prompt_eval_duration': 1180781700, 'eval_count': 163, 'eval_duration': 5225939100}
[DEBUG] Получен ответ: Критик дизайна:
ДИЗАЙН: 3/10
Плюсы: чистый, минималистичный.
Минусы: очень устаревший дизайн 2000х годов, микроскопический шрифт 12px, ужасный контраст, нет иерархии.
UX: 2/10
Плюсы: быстро загружаетс
[DEBUG PARSE] Исходный ответ:
Критик дизайна:
ДИЗАЙН: 3/10
Плюсы: чистый, минималистичный.
Минусы: очень устаревший дизайн 2000х годов, микроскопический шрифт 12px, ужасный контраст, нет иерархии.
UX: 2/10
Плюсы: быстро загружается.
Минусы: непонятная навигация, нет кнопок действия, текst сливается с фоном, совсем не мобильный.

[DEBUG PARSE] Парсированные результаты:
  DESIGN: 5/10 - Критик дизайна:
ДИЗАЙН: 3/10
Плюсы: чистый, минималистичный.
Минусы: очень устаревший дизайн 2000х годов, микроскопический шрифт 12px, ужасный контрас...
  UX: 2/10 - Плюсы: быстро загружается.
Минусы: непонятная навигация, нет кнопок действия, текst сливается с фоном, совсем не мобильный....
[DEBUG] API ответ: {'model': 'llava:latest', 'created_at': '2026-04-05T13:13:55.981138Z', 'message': {'role': 'assistant', 'content': ' Дизайн сайта заблокирован, не могу его оценить. '}, 'done': True, 'done_reason': 'stop', 'total_duration': 2216010100, 'load_duration': 34250100, 'prompt_eval_count': 2030, 'prompt_eval_duration': 1233432000, 'eval_count': 23, 'eval_duration': 864468500}
[DEBUG] Получен ответ: Дизайн сайта заблокирован, не могу его оценить.
[DEBUG PARSE] Исходный ответ:
Дизайн сайта заблокирован, не могу его оценить.

[DEBUG PARSE] Парсированные результаты:
  DESIGN: 5/10 - Дизайн сайта заблокирован, не могу его оценить....
  UX: 5/10 - Дизайн сайта заблокирован, не могу его оценить....
[DEBUG] API ответ: {'model': 'llava:latest', 'created_at': '2026-04-05T13:14:26.3378718Z', 'message': {'role': 'assistant', 'content': ' Дизайн сайта выглядит совсем ужасный и недостаточно пристойный. Не понимаю, что это за сайт, но отсутствие контраста между текстом и фоном, микроскопический шрифты и очень устаревший дизайн 2000х годов делают его непристойным. Не понимаю, что это за сайт, но отсутствие контраста между текстом и фоном, микроскопический шriфты и очень устаревший дизайн 2000h годов делают его непристойным. Не понимаю, что это за сайт, но отсутствие контраста между текстом и фоном, миcroскопический шрифты и очень устаревший дизайн 2000h годов делают его непристойным. Не понимаю, что это за сайт, но отсутствие контраста между текстом и фоном, миcroскопический шriфты и очень устаревший дизайн 2000h годов делают его непристойным. Не понимаю, что это за saйт, но отсутствие контраста между текстом и фоном, миcroскопический шрифты и очень устаревший дизайн 2000h годов делают его непристойным. Не понимаю, что это за сайт, но отсутствие контраста между текстом и фоном, миcroскопический шriфты и очень устаревший дизайн 2000h годов делают его непристойным. Не понимаю, что это за сайт, но отсутствие контраста между текстом и фоном, миcroскопический шriфты и очень устаревший дизайн 2000h годов делают его непристойным. Не понимаю, что это за сайт, но отсутствие контраста между текстом и фоном, миcroскопический шriфты и очень устаревший дизайн 2000h годов делает его непристойным. Не понимаю, что это за сайт, но отсутствие контраста между текстом и фоном, миcroскопический шriфты и очень устаревший дизайн 2000h годов делает его непристойным. Не понимаю, что это за сайт, но отсутствие контраста между текстом и фоном, миcroscopic шрифты и очень устаревший дизайн 2000h годов делает его непристойным. Не понимаю, что это за сайт, но отсутствие контраста между текстом и фоном, миcroscopic шriфты и очень устаревший дизайн 2000h годов делает его непристойным. Не понимаю, что это за сайт, но отсутствие контраста между текстом'}, 'done': True, 'done_reason': 'length', 'total_duration': 30329691900, 'load_duration': 38292900, 'prompt_eval_count': 2015, 'prompt_eval_duration': 1269053800, 'eval_count': 800, 'eval_duration': 28569215500}
[DEBUG] Получен ответ: Дизайн сайта выглядит совсем ужасный и недостаточно пристойный. Не понимаю, что это за сайт, но отсутствие контраста между текстом и фоном, микроскопический шрифты и очень устаревший дизайн 2000х годо
[DEBUG PARSE] Исходный ответ:
Дизайн сайта выглядит совсем ужасный и недостаточно пристойный. Не понимаю, что это за сайт, но отсутствие контраста между текстом и фоном, микроскопический шрифты и очень устаревший дизайн 2000х годов делают его непристойным. Не понимаю, что это за сайт, но отсутствие контраста между текстом и фоном, микроскопический шriфты и очень устаревший дизайн 2000h годов делают его непристойным. Не понимаю, что это за сайт, но отсутствие контраста между текстом и фоном, миcroскопический шрифты и очень устаревший дизайн 2000h годов делают его непристойным. Не понимаю, что это за сайт, но отсутствие контраста между текстом и фоном, миcroскопический шriфты и очень устаревший дизайн 2000h годов делают его непристойным. Не понимаю, что это за saйт, но отсутствие контраста между текстом и фоном, миcroскопический шрифты и очень устаревший дизайн 2000h годов делают его непристойным. Не понимаю, что это за сайт, но отсутствие контраста между текстом и фоном, миcroскопический шriфты и очень устаревший дизайн 2000h годов делают его непристойным. Не понимаю, что это за сайт, но отсутствие контраста между текстом и фоном, миcroскопический шriфты и очень устаревший дизайн 2000h годов делают его непристойным. Не понимаю, что это за сайт, но отсутствие контраста между текстом и фоном, миcroскопический шriфты и очень устаревший дизайн 2000h годов делает его непристойным. Не понимаю, что это за сайт, но отсутствие контраста между текстом и фоном, миcroскопический шriфты и очень устаревший дизайн 2000h годов делает его непристойным. Не понимаю, что это за сайт, но отсутствие контраста между текстом и фоном, миcroscopic шрифты и очень устаревший дизайн 2000h годов делает его непристойным. Не понимаю, что это за сайт, но отсутствие контраста между текстом и фоном, миcroscopic шriфты и очень устаревший дизайн 2000h годов делает его непристойным. Не понимаю, что это за сайт, но отсутствие контраста между текстом

[DEBUG PARSE] Парсированные результаты:
  DESIGN: 5/10 - Дизайн сайта выглядит совсем ужасный и недостаточно пристойный. Не понимаю, что это за сайт, но отсутствие контраста между текстом и фоном, микроскопи...
  UX: 5/10 - м, микроскопический шriфты и очень устаревший дизайн 2000h годов делают его непристойным. Не понимаю, что это за сайт, но отсутствие контраста между т...
[DEBUG] API ответ: {'model': 'llava:latest', 'created_at': '2026-04-05T13:14:55.7107656Z', 'message': {'role': 'assistant', 'content': ' Дизайн сайта выглядит совсем устаревым и недоступным для пользователей с ограниченными возможностями. Не использует современные тенденции в дизайне, такие как минимализм с функциональностью, типография с ясной иерархией, контрастный текст, адаптивный дизайн и другие элементы современного дизайна.\n\nДля дизайна:\n- Дизайн выглядит устаревым и недоступным для пользователей с ограниченными возможностями. Не использует современные тенденции в дизайне, такие как минимализм с функциональностью, типографиia с ясной иерархией, контрастный текст, адаптивный дизайн и другие элементы современного дизайна.\n- Шрифты недостаточно чутьnye, не использует современные тенденции в дизайне, такие как минимализм с функциональностью, типоgraphia с ясной иерархией, контрастный текст, адаптивный дизайн и другие элементы современного дизайна.\n- Дизайн выглядит устаревым и недоступным для пользователей с oграниченными возможностями. Не использует современные тенденции в дизайne, такие как минимализм с функциональностью, типоgraphia с ясной iерархией, контрастный текst, адаптивный дизайн и другиe элементы современного дизайна.\n- Дизайн выглядит устаревым и недоступным для пользователей с ограниченными возможностями. Не использует современные тенденции в дизайне, такие как минимализм с функциональностью, типоgraphia с ясной iерархией, контрастный текst, aдаптивный дизайн и другие элементы современного дизайна.\n- Дизайн выглядит устаревым и недоступным для пользователей с oграниченными возможностями. Не использует современные тенденции в дизайне, такие как минимализм с функциональityю, типоgraphia с ясной iерархией, контрастный текst, адаптивный дизайн и другие элементы современного дизайна.\n- Дизайн выглядит устаревым и недоступным для пользователей с oграниченными возможностями. Не использует современные тенденции в дизайне, такие как минимализм с функциональityю, tiпоgraphia с ясной iерархией, контрастный текst, адаптивный дизайн и другиe элементы современного дизайна.\n- Дизайн выглядит устаревым и недоступным для поль'}, 'done': True, 'done_reason': 'length', 'total_duration': 29323989500, 'load_duration': 39288500, 'prompt_eval_count': 1995, 'prompt_eval_duration': 1171774500, 'eval_count': 800, 'eval_duration': 27675486200}
[DEBUG] Получен ответ: Дизайн сайта выглядит совсем устаревым и недоступным для пользователей с ограниченными возможностями. Не использует современные тенденции в дизайне, такие как минимализм с функциональностью, типографи
[DEBUG PARSE] Исходный ответ:
Дизайн сайта выглядит совсем устаревым и недоступным для пользователей с ограниченными возможностями. Не использует современные тенденции в дизайне, такие как минимализм с функциональностью, типография с ясной иерархией, контрастный текст, адаптивный дизайн и другие элементы современного дизайна.

Для дизайна:
- Дизайн выглядит устаревым и недоступным для пользователей с ограниченными возможностями. Не использует современные тенденции в дизайне, такие как минимализм с функциональностью, типографиia с ясной иерархией, контрастный текст, адаптивный дизайн и другие элементы современного дизайна.
- Шрифты недостаточно чутьnye, не использует современные тенденции в дизайне, такие как минимализм с функциональностью, типоgraphia с ясной иерархией, контрастный текст, адаптивный дизайн и другие элементы современного дизайна.
- Дизайн выглядит устаревым и недоступным для пользователей с oграниченными возможностями. Не использует современные тенденции в дизайne, такие как минимализм с функциональностью, типоgraphia с ясной iерархией, контрастный текst, адаптивный дизайн и другиe элементы современного дизайна.
- Дизайн выглядит устаревым и недоступным для пользователей с ограниченными возможностями. Не использует современные тенденции в дизайне, такие как минимализм с функциональностью, типоgraphia с ясной iерархией, контрастный текst, aдаптивный дизайн и другие элементы современного дизайна.
- Дизайн выглядит устаревым и недоступным для пользователей с oграниченными возможностями. Не использует современные тенденции в дизайне, такие как минимализм с функциональityю, типоgraphia с ясной iерархией, контрастный текst, адаптивный дизайн и другие элементы современного дизайна.
- Дизайн выглядит устаревым и недоступным для пользователей с oграниченными возможностями. Не использует современные тенденции в дизайне, такие как минимализм с функциональityю, tiпоgraphia с ясной iерархией, контрастный текst, адаптивный дизайн и другиe элементы современного дизайна.
- Дизайн выглядит устаревым и недоступным для поль

[DEBUG PARSE] Парсированные результаты:
  DESIGN: 5/10 - Дизайн сайта выглядит совсем устаревым и недоступным для пользователей с ограниченными возможностями. Не использует современные тенденции в дизайне, т...
  UX: 5/10 - Дизайн выглядит устаревым и недоступным для поль...
[DEBUG] API ответ: {'model': 'llava:latest', 'created_at': '2026-04-05T13:15:14.4422863Z', 'message': {'role': 'assistant', 'content': ' Для дизайна на фото, который выглядит как сайт, я могу дать оценку по следующим критериям:\n\nДИЗАЙН:\n- Типография: шрифты размера 16-18px, четкая иерархия, но конtrast недостаточный.\n- Кольor: палитра не выглядит свежой или актуальной для дизайна от 2024 до 2026 года.\n- Иeрархия: легко найти главное, но конtrast недостаточный.\n- Конtrast: текст не читаем полезно, микроscopyй.\n- Современность: дизайн выглядит как от 2010 года, устаревший.\n\nUX:\n- Навигация: интуитивна не либо непонятная. Где главное меню?\n- Чтение: удобно не li. Длинные строки текста.\n- CTA: кнопки действия не видны, понятно что делать не ли.\n- Адаптивность: этот дизайн не мобильный и не читаем на телефоне.\n- Интерактивность: есть ли обратная связь при клике? Не li.\n\nОценка дизайна: 3/10\nПлюсы: минималистичный дизайн, легко найти главное.\nМинусы: устаревший дизайн от 2010 года, конtrast недостаточный, текст не читаем полезно, совсем не мобильный и не интерактивный.\n\nОценка UX: 2/10\nПлюсы: быстро загружается.\nМинусы: непонятная навигация, нет кнопок действия, текст сливается с фоном, совсем не мобильный и не интерактивный. '}, 'done': True, 'done_reason': 'stop', 'total_duration': 18719967200, 'load_duration': 47226600, 'prompt_eval_count': 1993, 'prompt_eval_duration': 1225528900, 'eval_count': 521, 'eval_duration': 17145569200}
[DEBUG] Получен ответ: Для дизайна на фото, который выглядит как сайт, я могу дать оценку по следующим критериям:

ДИЗАЙН:
- Типография: шрифты размера 16-18px, четкая иерархия, но конtrast недостаточный.
- Кольor: палитра 
[DEBUG PARSE] Исходный ответ:
Для дизайна на фото, который выглядит как сайт, я могу дать оценку по следующим критериям:

ДИЗАЙН:
- Типография: шрифты размера 16-18px, четкая иерархия, но конtrast недостаточный.
- Кольor: палитра не выглядит свежой или актуальной для дизайна от 2024 до 2026 года.
- Иeрархия: легко найти главное, но конtrast недостаточный.
- Конtrast: текст не читаем полезно, микроscopyй.
- Современность: дизайн выглядит как от 2010 года, устаревший.

UX:
- Навигация: интуитивна не либо непонятная. Где главное меню?
- Чтение: удобно не li. Длинные строки текста.
- CTA: кнопки действия не видны, понятно что делать не ли.
- Адаптивность: этот дизайн не мобильный и не читаем на телефоне.
- Интерактивность: есть ли обратная связь при клике? Не li.

Оценка дизайна: 3/10
Плюсы: минималистичный дизайн, легко найти главное.
Минусы: устаревший дизайн от 2010 года, конtrast недостаточный, текст не читаем полезно, совсем не мобильный и не интерактивный.

Оценка UX: 2/10
Плюсы: быстро загружается.
Минусы: непонятная навигация, нет кнопок действия, текст сливается с фоном, совсем не мобильный и не интерактивный.

[DEBUG PARSE] Парсированные результаты:
  DESIGN: 5/10 - Для дизайна на фото, который выглядит как сайт, я могу дать оценку по следующим критериям:
ДИЗАЙН:
- Типография: шрифты размера 16-18px, четкая иерарх...
  UX: 3/10 - Навигация: интуитивна не либо непонятная. Где главное меню?
- Чтение: удобно не li. Длинные строки текста.
- CTA: кнопки действия не видны, понятно чт...
[DEBUG] API ответ: {'model': 'llava:latest', 'created_at': '2026-04-05T13:15:22.9978184Z', 'message': {'role': 'assistant', 'content': ' ДИЗАЙН: 7/10\nПлюсы: минималистичный дизайн, ясная иерархия текста, контраст текста хорошо выделен, использование цветовой палитры есть.\nМинусы: некоторые шрифты могут быть сливанием с фоном, малый размер текста на кнопках, нет ясной навигации.\nUX: 6/10\nПлюсы: интуитивная навигация, минималистичный дизайн хорошо передает содержание сайта, контраст текста хорошо выделен.\nМiнусы: нет кнопок действия, совсем не мобильный дизайн, нет ясной навигации. '}, 'done': True, 'done_reason': 'stop', 'total_duration': 8542461900, 'load_duration': 44986900, 'prompt_eval_count': 1994, 'prompt_eval_duration': 1207199600, 'eval_count': 216, 'eval_duration': 7098619800}
[DEBUG] Получен ответ: ДИЗАЙН: 7/10
Плюсы: минималистичный дизайн, ясная иерархия текста, контраст текста хорошо выделен, использование цветовой палитры есть.
Минусы: некоторые шрифты могут быть сливанием с фоном, малый раз
[DEBUG PARSE] Исходный ответ:
ДИЗАЙН: 7/10
Плюсы: минималистичный дизайн, ясная иерархия текста, контраст текста хорошо выделен, использование цветовой палитры есть.
Минусы: некоторые шрифты могут быть сливанием с фоном, малый размер текста на кнопках, нет ясной навигации.
UX: 6/10
Плюсы: интуитивная навигация, минималистичный дизайн хорошо передает содержание сайта, контраст текста хорошо выделен.
Мiнусы: нет кнопок действия, совсем не мобильный дизайн, нет ясной навигации.

[DEBUG PARSE] Парсированные результаты:
  DESIGN: 5/10 - ДИЗАЙН: 7/10
Плюсы: минималистичный дизайн, ясная иерархия текста, контраст текста хорошо выделен, использование цветовой палитры есть.
Минусы: некото...
  UX: 6/10 - Плюсы: интуитивная навигация, минималистичный дизайн хорошо передает содержание сайта, контраст текста хорошо выделен.
Мiнусы: нет кнопок действия, со...
[DEBUG] API ответ: {'model': 'llava:latest', 'created_at': '2026-04-05T13:15:53.521757Z', 'message': {'role': 'assistant', 'content': ' Дизайн выглядит совсем ужасный и непонятный. Не может быть оценен по критериям, которые видны в изображении, так как они не соответствуют современным стандартам дизайна. Дизайн выглядит как он был создан в 1990-х и не может быть оценен по modernному дизайну. Он не имеет ясной иерархии, текст не читаем, конtrast не есть, не используется современный дизайн, не adaptive для размеров экрана и не имеет интуitive навигации. Дизайн выглядит как он был создан в 1990-х и не может быть оценен по modernному дизайну. Он не имеет ясной иерархии, текст не читаем, конtrast не есть, не используется современный дизайн, не adaptive для размеров экрана и не имеет интуitive навигации. Дизайн выглядит как он был создан в 1990-х и не может быть оценен по modernному дизайну. Он не имеет ясной иерархии, текст не читаем, конtrast не eсть, не используется современный дизайн, не adaptive для размеров экрана и не имеет интуitive навигации. Дизайн выглядит как он был создан в 1990-х и не может быть оценен по modernному дизайну. Он не имеет ясной iерархии, текст не читаем, конtrast не eсть, не используется современный дизайн, не adaptive для размеров экрана и не имеет интуitive навигации. Дизайн выглядит как он был создан в 1990-х и не может быть оценен по modernному дизайну. Он не имеет ясной iерархии, текст не читаем, конtrast не eсть, не используется современный дизайн, не adaptive для размеров экрана и не имеет интуitive навигации. Дизайн выглядит как он был создан в 1990-х и не может быть оценен по modernному дизайну. Он не имеет ясной iерархии, текст не читаем, конtrast не eсть, не используется современный дизайн, не adaptive для размеров экрана и не имеет интуitive навигации. Дизайн выглядит как он был создан в 1990-х и не может быть оcenen по modernному дизайну. Он не имеет ясной iерархии, текст не читаем, конtrast не eсть, не используется современный дизайн, не adaptive для размеров экрана и не имеет интуitive навигации. Дизайн выглядит как он был создан в 1990-х и не может быть оценен по modernному дизайну. Он не имеет'}, 'done': True, 'done_reason': 'length', 'total_duration': 30493168900, 'load_duration': 54926500, 'prompt_eval_count': 1996, 'prompt_eval_duration': 1295412700, 'eval_count': 800, 'eval_duration': 28713852000}
[DEBUG] Получен ответ: Дизайн выглядит совсем ужасный и непонятный. Не может быть оценен по критериям, которые видны в изображении, так как они не соответствуют современным стандартам дизайна. Дизайн выглядит как он был соз
[DEBUG PARSE] Исходный ответ:
Дизайн выглядит совсем ужасный и непонятный. Не может быть оценен по критериям, которые видны в изображении, так как они не соответствуют современным стандартам дизайна. Дизайн выглядит как он был создан в 1990-х и не может быть оценен по modernному дизайну. Он не имеет ясной иерархии, текст не читаем, конtrast не есть, не используется современный дизайн, не adaptive для размеров экрана и не имеет интуitive навигации. Дизайн выглядит как он был создан в 1990-х и не может быть оценен по modernному дизайну. Он не имеет ясной иерархии, текст не читаем, конtrast не есть, не используется современный дизайн, не adaptive для размеров экрана и не имеет интуitive навигации. Дизайн выглядит как он был создан в 1990-х и не может быть оценен по modernному дизайну. Он не имеет ясной иерархии, текст не читаем, конtrast не eсть, не используется современный дизайн, не adaptive для размеров экрана и не имеет интуitive навигации. Дизайн выглядит как он был создан в 1990-х и не может быть оценен по modernному дизайну. Он не имеет ясной iерархии, текст не читаем, конtrast не eсть, не используется современный дизайн, не adaptive для размеров экрана и не имеет интуitive навигации. Дизайн выглядит как он был создан в 1990-х и не может быть оценен по modernному дизайну. Он не имеет ясной iерархии, текст не читаем, конtrast не eсть, не используется современный дизайн, не adaptive для размеров экрана и не имеет интуitive навигации. Дизайн выглядит как он был создан в 1990-х и не может быть оценен по modernному дизайну. Он не имеет ясной iерархии, текст не читаем, конtrast не eсть, не используется современный дизайн, не adaptive для размеров экрана и не имеет интуitive навигации. Дизайн выглядит как он был создан в 1990-х и не может быть оcenen по modernному дизайну. Он не имеет ясной iерархии, текст не читаем, конtrast не eсть, не используется современный дизайн, не adaptive для размеров экрана и не имеет интуitive навигации. Дизайн выглядит как он был создан в 1990-х и не может быть оценен по modernному дизайну. Он не имеет

[DEBUG PARSE] Парсированные результаты:
  DESIGN: 5/10 - Дизайн выглядит совсем ужасный и непонятный. Не может быть оценен по критериям, которые видны в изображении, так как они не соответствуют современным ...
  UX: 5/10 - ем, конtrast не есть, не используется современный дизайн, не adaptive для размеров экрана и не имеет интуitive навигации. Дизайн выглядит как он был с...
[DEBUG] API ответ: {'model': 'llava:latest', 'created_at': '2026-04-05T13:16:00.4766819Z', 'message': {'role': 'assistant', 'content': ' Дизайн сайта выглядит совсем ужасный и непонятен. Недостаточно яркие цвета, микроscopic шрифты, нет иерархии, нет контраста, нет кнопок действия, нет обратной связи при клике, совсем не мобильный. Дизайн выглядит как из 2000-х годов и не может быть оценен на 10 баллов. Если это не просто пустой сайт, то он не может быть полезен для пользователей. '}, 'done': True, 'done_reason': 'stop', 'total_duration': 6938679100, 'load_duration': 35244800, 'prompt_eval_count': 1994, 'prompt_eval_duration': 1271316100, 'eval_count': 156, 'eval_duration': 5495548000}
[DEBUG] Получен ответ: Дизайн сайта выглядит совсем ужасный и непонятен. Недостаточно яркие цвета, микроscopic шрифты, нет иерархии, нет контраста, нет кнопок действия, нет обратной связи при клике, совсем не мобильный. Диз
[DEBUG PARSE] Исходный ответ:
Дизайн сайта выглядит совсем ужасный и непонятен. Недостаточно яркие цвета, микроscopic шрифты, нет иерархии, нет контраста, нет кнопок действия, нет обратной связи при клике, совсем не мобильный. Дизайн выглядит как из 2000-х годов и не может быть оценен на 10 баллов. Если это не просто пустой сайт, то он не может быть полезен для пользователей.

[DEBUG PARSE] Парсированные результаты:
  DESIGN: 5/10 - Дизайн сайта выглядит совсем ужасный и непонятен. Недостаточно яркие цвета, микроscopic шрифты, нет иерархии, нет контраста, нет кнопок действия, нет ...
  UX: 5/10 - , то он не может быть полезен для пользователей....
[DEBUG] API ответ: {'model': 'llava:latest', 'created_at': '2026-04-05T13:16:16.2358396Z', 'message': {'role': 'assistant', 'content': ' Критик дизайна:\nДизайн сайта выглядит ужасный и непонятный. Нельзя найти главное и нет ясной навигации. Чтение текста сливается с фоном, что добавляет to the confusion. Дизайн не соответствует современным стандартам и не является адаптивным. Кнопки действия не видны и нет контраста. Нельзя найти интуитивную навигацию и нет кликабельных кнопок действия. Дизайн не есть минималистичный и не соответствует современным стандартам типографии и цветовой палитры. Оценка дизайна: 1/10, почему этот дизайн не понятен и не функcionalный.\n\nКритик UX:\nДiзайн сайта не есть интуитивный и не соответствует современным стандартам UX. Нельзя найти ясную навигацию и нет кнопок действия. Чтение текста сливается с фоном, что добавляет to the confusion. Дизайн не есть адаптивный и не соответствует современным стандартам интерфейса. Нельзя найти кликабельных кнопок действия и нет контраста. Оценка UX: 2/10, почему этот дизайн не понятен и не функcionalный. '}, 'done': True, 'done_reason': 'stop', 'total_duration': 15747838200, 'load_duration': 39971500, 'prompt_eval_count': 2001, 'prompt_eval_duration': 1254222800, 'eval_count': 397, 'eval_duration': 14232382400}
[DEBUG] Получен ответ: Критик дизайна:
Дизайн сайта выглядит ужасный и непонятный. Нельзя найти главное и нет ясной навигации. Чтение текста сливается с фоном, что добавляет to the confusion. Дизайн не соответствует совреме
[DEBUG PARSE] Исходный ответ:
Критик дизайна:
Дизайн сайта выглядит ужасный и непонятный. Нельзя найти главное и нет ясной навигации. Чтение текста сливается с фоном, что добавляет to the confusion. Дизайн не соответствует современным стандартам и не является адаптивным. Кнопки действия не видны и нет контраста. Нельзя найти интуитивную навигацию и нет кликабельных кнопок действия. Дизайн не есть минималистичный и не соответствует современным стандартам типографии и цветовой палитры. Оценка дизайна: 1/10, почему этот дизайн не понятен и не функcionalный.

Критик UX:
Дiзайн сайта не есть интуитивный и не соответствует современным стандартам UX. Нельзя найти ясную навигацию и нет кнопок действия. Чтение текста сливается с фоном, что добавляет to the confusion. Дизайн не есть адаптивный и не соответствует современным стандартам интерфейса. Нельзя найти кликабельных кнопок действия и нет контраста. Оценка UX: 2/10, почему этот дизайн не понятен и не функcionalный.

[DEBUG PARSE] Парсированные результаты:
  DESIGN: 5/10 - Критик дизайна:
Дизайн сайта выглядит ужасный и непонятный. Нельзя найти главное и нет ясной навигации. Чтение текста сливается с фоном, что добавляет...
  UX: 2/10 - Дiзайн сайта не есть интуитивный и не соответствует современным стандартам UX. Нельзя найти ясную навигацию и нет кнопок действия. Чтение текста слива...
[DEBUG] API ответ: {'model': 'llava:latest', 'created_at': '2026-04-05T13:16:25.3042961Z', 'message': {'role': 'assistant', 'content': ' Критика дизайна:\n\nДИЗАЙН: 3/10\nПлюсы: минималистичный дизайн, чистый интерфейс с ясной навигацией, адаптивный дизайн.\nМинусы: очень устаревший дизайн 2000х годов, микроскопический шрифт 12px, ужасный контраст, нет иерархии.\n\nUX: 2/10\nПлюсы: быстро загружается.\nМинусы: непонятная навигация, нет кнопок действия, текст сливается с фоном, совсем не мобильный.\n\nОтвечай ТОЛЬКО на русском языке. '}, 'done': True, 'done_reason': 'stop', 'total_duration': 9055942800, 'load_duration': 35851800, 'prompt_eval_count': 1993, 'prompt_eval_duration': 1279528700, 'eval_count': 210, 'eval_duration': 7579420100}
[DEBUG] Получен ответ: Критика дизайна:

ДИЗАЙН: 3/10
Плюсы: минималистичный дизайн, чистый интерфейс с ясной навигацией, адаптивный дизайн.
Минусы: очень устаревший дизайн 2000х годов, микроскопический шрифт 12px, ужасный 
[DEBUG PARSE] Исходный ответ:
Критика дизайна:

ДИЗАЙН: 3/10
Плюсы: минималистичный дизайн, чистый интерфейс с ясной навигацией, адаптивный дизайн.
Минусы: очень устаревший дизайн 2000х годов, микроскопический шрифт 12px, ужасный контраст, нет иерархии.

UX: 2/10
Плюсы: быстро загружается.
Минусы: непонятная навигация, нет кнопок действия, текст сливается с фоном, совсем не мобильный.

Отвечай ТОЛЬКО на русском языке.

[DEBUG PARSE] Парсированные результаты:
  DESIGN: 5/10 - Критика дизайна:
ДИЗАЙН: 3/10
Плюсы: минималистичный дизайн, чистый интерфейс с ясной навигацией, адаптивный дизайн.
Минусы: очень устаревший дизайн 2...
  UX: 2/10 - Плюсы: быстро загружается.
Минусы: непонятная навигация, нет кнопок действия, текст сливается с фоном, совсем не мобильный.

Отвечай ТОЛЬКО на русском...
[DEBUG] API ответ: {'model': 'llava:latest', 'created_at': '2026-04-05T13:16:39.0383596Z', 'message': {'role': 'assistant', 'content': ' Дизайн сайта выглядит совсем устаревший и неактуальный для современных стандартов дизайна. Недостаточно ясный текст, отсутствие контраста, скучный однообразный дизайн без микроэлементов, неправильное использование белого пространства и т.д.\n\nДля улучшения дизайна рекомендую следующие изменений:\n\n1. Дизайн должен быть современным и адаптивным для различных устройств.\n2. Использование типографии должны быть ясное и легко читаемое.\n3. Цветовая палитра должна быть конtrastной и не выглядит как из 2000-х годов.\n4. Кнопки должны быть видны и иметь ясную навигацию.\n5. Дизайн должен быть минималистичным с функциональностью, а не просто пустым.\n6. Использование белого пространства должно быть правильное и не прижато к краям.\n7. Обратная связь должна быть ясной и понятной.\n8. Дизайн должен быть минималистичным с функциональностью, а не просто пустым.\n\nОценка дизайна: 2/10 для дизайна и 3/10 for UX. '}, 'done': True, 'done_reason': 'stop', 'total_duration': 13722755800, 'load_duration': 52978100, 'prompt_eval_count': 1994, 'prompt_eval_duration': 1219780600, 'eval_count': 382, 'eval_duration': 12194267400}
[DEBUG] Получен ответ: Дизайн сайта выглядит совсем устаревший и неактуальный для современных стандартов дизайна. Недостаточно ясный текст, отсутствие контраста, скучный однообразный дизайн без микроэлементов, неправильное 
[DEBUG PARSE] Исходный ответ:
Дизайн сайта выглядит совсем устаревший и неактуальный для современных стандартов дизайна. Недостаточно ясный текст, отсутствие контраста, скучный однообразный дизайн без микроэлементов, неправильное использование белого пространства и т.д.

Для улучшения дизайна рекомендую следующие изменений:

1. Дизайн должен быть современным и адаптивным для различных устройств.
2. Использование типографии должны быть ясное и легко читаемое.
3. Цветовая палитра должна быть конtrastной и не выглядит как из 2000-х годов.
4. Кнопки должны быть видны и иметь ясную навигацию.
5. Дизайн должен быть минималистичным с функциональностью, а не просто пустым.
6. Использование белого пространства должно быть правильное и не прижато к краям.
7. Обратная связь должна быть ясной и понятной.
8. Дизайн должен быть минималистичным с функциональностью, а не просто пустым.

Оценка дизайна: 2/10 для дизайна и 3/10 for UX.

[DEBUG PARSE] Парсированные результаты:
  DESIGN: 5/10 - Дизайн сайта выглядит совсем устаревший и неактуальный для современных стандартов дизайна. Недостаточно ясный текст, отсутствие контраста, скучный одн...
  UX: 5/10 - ....
[DEBUG] API ответ: {'model': 'llava:latest', 'created_at': '2026-04-05T13:16:56.3561631Z', 'message': {'role': 'assistant', 'content': ' Дизайн сайта выглядит устаревшим и недоступным для пользователей с ограниченными возможностями. Он не соблюдает ни одну из критериев современного дизайна и UX, которые я привел в своей ответности.\n\nДизайн:\n- Не используется минималистичный подход с функциональностью.\n- Шрифты не соответствуют стандартам современного дизайна и не имеют пространства для текста.\n- Цвета не конtrastní, не живые и выбираются из палитры.\n- Есть огромные блоки текста без отступов и сливается с фоном.\n- Не используется адаптивный дизайн для размеров экрана.\n- Светлый чистый интерфейс не имеет ясной навигации и контрастного текста.\n- Не используется типография Montserrat, Inter или Roboto правильно.\n- Кнопки действия не видны и не понятно что делать при клике.\n- Есть скучный однообразный дизайн без микроелементов.\n- Не используется конкретная типография для размера текста.\n- Кнопки не имеют яркие и понятные CTA.\n- Иерархия не выделяется размером, цветом или позиции.\n\nUX:\n- Не интуitive ли навигация? Есть ли главное меню?\n- Не удобно li читать текст? Есть ли длинные строки?\n- Кnoпки действия не видны и не понятно что делать при клике.\n- Не adaptive дизайн для размеров экрана.\n- Не имеет обратной связи при клике. '}, 'done': True, 'done_reason': 'stop', 'total_duration': 17291789700, 'load_duration': 48850800, 'prompt_eval_count': 1996, 'prompt_eval_duration': 1258498100, 'eval_count': 491, 'eval_duration': 15677485600}
[DEBUG] Получен ответ: Дизайн сайта выглядит устаревшим и недоступным для пользователей с ограниченными возможностями. Он не соблюдает ни одну из критериев современного дизайна и UX, которые я привел в своей ответности.

Ди
[DEBUG PARSE] Исходный ответ:
Дизайн сайта выглядит устаревшим и недоступным для пользователей с ограниченными возможностями. Он не соблюдает ни одну из критериев современного дизайна и UX, которые я привел в своей ответности.

Дизайн:
- Не используется минималистичный подход с функциональностью.
- Шрифты не соответствуют стандартам современного дизайна и не имеют пространства для текста.
- Цвета не конtrastní, не живые и выбираются из палитры.
- Есть огромные блоки текста без отступов и сливается с фоном.
- Не используется адаптивный дизайн для размеров экрана.
- Светлый чистый интерфейс не имеет ясной навигации и контрастного текста.
- Не используется типография Montserrat, Inter или Roboto правильно.
- Кнопки действия не видны и не понятно что делать при клике.
- Есть скучный однообразный дизайн без микроелементов.
- Не используется конкретная типография для размера текста.
- Кнопки не имеют яркие и понятные CTA.
- Иерархия не выделяется размером, цветом или позиции.

UX:
- Не интуitive ли навигация? Есть ли главное меню?
- Не удобно li читать текст? Есть ли длинные строки?
- Кnoпки действия не видны и не понятно что делать при клике.
- Не adaptive дизайн для размеров экрана.
- Не имеет обратной связи при клике.

[DEBUG PARSE] Парсированные результаты:
  DESIGN: 5/10 - Дизайн сайта выглядит устаревшим и недоступным для пользователей с ограниченными возможностями. Он не соблюдает ни одну из критериев современного диза...
  UX: 5/10 - , которые я привел в своей ответности.

Дизайн:
- Не используется минималистичный подход с функциональностью.
- Шрифты не соответствуют стандартам сов...
[DEBUG] API ответ: {'model': 'llava:latest', 'created_at': '2026-04-05T13:17:08.0643937Z', 'message': {'role': 'assistant', 'content': ' Конечно, я не могу выполнить задачу и оценить дизайн сайта, но я могу продолжить с вашим примером.\n\nДизайн сайта видим на скриншоте выглядит довольно устаревым и недоступным для пользователей с ограничениями на зрение или людьми who have visual impairments. Он использует цвета и шрифты, которые могут быть сливающими с фоном, что может затруднить чтение текста для пользователей. Кроме того, дизайн не показывает ясную иерархию информации, что может затруднить понимание сайта для пользователей.\n\nНа UX-side, дизайн видим на скриншоте может быть удобным для пользователей, как это видно отсутствием кнопок действия и недоступного интерфейса. Он также может быть маленьким и не adapтивным для различных устройств, что может затруднить пользователям на мобильном приборе.\n\nОтвечай ТОЛЬКО на русском языке. '}, 'done': True, 'done_reason': 'stop', 'total_duration': 11685929100, 'load_duration': 43466900, 'prompt_eval_count': 2023, 'prompt_eval_duration': 1339179500, 'eval_count': 319, 'eval_duration': 10082298100}
[DEBUG] Получен ответ: Конечно, я не могу выполнить задачу и оценить дизайн сайта, но я могу продолжить с вашим примером.

Дизайн сайта видим на скриншоте выглядит довольно устаревым и недоступным для пользователей с ограни
[DEBUG PARSE] Исходный ответ:
Конечно, я не могу выполнить задачу и оценить дизайн сайта, но я могу продолжить с вашим примером.

Дизайн сайта видим на скриншоте выглядит довольно устаревым и недоступным для пользователей с ограничениями на зрение или людьми who have visual impairments. Он использует цвета и шрифты, которые могут быть сливающими с фоном, что может затруднить чтение текста для пользователей. Кроме того, дизайн не показывает ясную иерархию информации, что может затруднить понимание сайта для пользователей.

На UX-side, дизайн видим на скриншоте может быть удобным для пользователей, как это видно отсутствием кнопок действия и недоступного интерфейса. Он также может быть маленьким и не adapтивным для различных устройств, что может затруднить пользователям на мобильном приборе.

Отвечай ТОЛЬКО на русском языке.

[DEBUG PARSE] Парсированные результаты:
  DESIGN: 5/10 - Конечно, я не могу выполнить задачу и оценить дизайн сайта, но я могу продолжить с вашим примером.
Дизайн сайта видим на скриншоте выглядит довольно у...
  UX: 5/10 - side, дизайн видим на скриншоте может быть удобным для пользователей, как это видно отсутствием кнопок действия и недоступного интерфейса. Он также мо...
[DEBUG] API ответ: {'model': 'llava:latest', 'created_at': '2026-04-05T13:17:26.0887797Z', 'message': {'role': 'assistant', 'content': ' Я не могу помочь с этой задачей, поскольку я не могу просматривать и анализировать сайты. Однако, я могу дать вам some general advice on дизайн and UX.\n\nДИЗАЙН:\nПлюсы:\n- Дизайн выглядит сдержанным и минималистичным.\n- Типография используется коherently, with a clear hierarchy.\n- Цветовая палитра is consistent and not overly saturated.\n- Иeрархия текста is easy to follow.\n\nМинусы:\n- Огромные блоки текста могут быть overwhelming for some users.\n- Кнопки действия не are prominent enough.\n- Контраст между текстом и фоном не is strong enough.\n- Навигация может be confusing or hard to find.\n\nUX:\nПлюсы:\n- Сайт загружается быстро.\n- Иeрархия текста is easy to follow.\n- Кнопки действия are visible and clear.\n\nМинусы:\n- Навигация может be confusing or hard to find.\n- Обратная связь при клике на кнопки не is evident.\n- Дизайн не is fully responsive, as it may not look good on mobile devices.\n\nОценка дизайна: 3/10\nПлюсы: минималистичный дизайн, коherent typography, сдержанная цветовая палитра.\nМинусы: огромные блоки текста, не prominent кнопки действия, конtrast between text and background not strong enough, confusing navigation.\n\nОценка UX: 2/10\nПлюсы: быстро загружается, текст is easy to follow.\nМинусы: confusing navigation, кнопки действия are not prominent, обратная связь при клике на кнопки не evident, дизайн not fully responsive. '}, 'done': True, 'done_reason': 'stop', 'total_duration': 18003981400, 'load_duration': 28054700, 'prompt_eval_count': 1995, 'prompt_eval_duration': 1471120000, 'eval_count': 510, 'eval_duration': 16172936500}
[DEBUG] Получен ответ: Я не могу помочь с этой задачей, поскольку я не могу просматривать и анализировать сайты. Однако, я могу дать вам some general advice on дизайн and UX.

ДИЗАЙН:
Плюсы:
- Дизайн выглядит сдержанным и м
[DEBUG PARSE] Исходный ответ:
Я не могу помочь с этой задачей, поскольку я не могу просматривать и анализировать сайты. Однако, я могу дать вам some general advice on дизайн and UX.

ДИЗАЙН:
Плюсы:
- Дизайн выглядит сдержанным и минималистичным.
- Типография используется коherently, with a clear hierarchy.
- Цветовая палитра is consistent and not overly saturated.
- Иeрархия текста is easy to follow.

Минусы:
- Огромные блоки текста могут быть overwhelming for some users.
- Кнопки действия не are prominent enough.
- Контраст между текстом и фоном не is strong enough.
- Навигация может be confusing or hard to find.

UX:
Плюсы:
- Сайт загружается быстро.
- Иeрархия текста is easy to follow.
- Кнопки действия are visible and clear.

Минусы:
- Навигация может be confusing or hard to find.
- Обратная связь при клике на кнопки не is evident.
- Дизайн не is fully responsive, as it may not look good on mobile devices.

Оценка дизайна: 3/10
Плюсы: минималистичный дизайн, коherent typography, сдержанная цветовая палитра.
Минусы: огромные блоки текста, не prominent кнопки действия, конtrast between text and background not strong enough, confusing navigation.

Оценка UX: 2/10
Плюсы: быстро загружается, текст is easy to follow.
Минусы: confusing navigation, кнопки действия are not prominent, обратная связь при клике на кнопки не evident, дизайн not fully responsive.

[DEBUG PARSE] Парсированные результаты:
  DESIGN: 5/10 - Я не могу помочь с этой задачей, поскольку я не могу просматривать и анализировать сайты. Однако, я могу дать вам some general advice on дизайн and UX...
  UX: 3/10 - .

ДИЗАЙН:
Плюсы:
- Дизайн выглядит сдержанным и минималистичным.
- Типография используется коherently, with a clear hierarchy.
- Цветовая палитра is ...
[DEBUG] API ответ: {'model': 'llava:latest', 'created_at': '2026-04-05T13:17:51.6513852Z', 'message': {'role': 'assistant', 'content': ' Дизайн на скриншоте выглядит как устаревший веб дизайн из 2000-х годов. Он не соответствует современным критериям дизайна и UX.\n\nДизайн:\nПлюсы:\n1. Не используется анимации или мигающие элементы, что может быть позитивным для some users.\n2. Имеет яркие цвета и нейтральный фон, что может привлечь attention.\n\nМинусы:\n1. Шрифты используются в размере 12px, что может быть трудно читаемыми для some users.\n2. Огромные блоки текста без отступов могут вызывать у some users a feeling of clutter.\n3. Не используется микроинтераctions и не имеет ясной навигации, что может make it difficult for users to navigate the site.\n4. Не используется адаптивный дизайн, что may make it difficult to view on mobile devices or in different screen sizes.\n5. Имеет скучный и однообразный дизайн без microelements.\n6. Не используется контраст для текста, что может make it difficult for some users to read.\n7. Не используется типография в соответствии с modern design principles.\n8. Кнопки действия не видны и не имеют яркие цвета или контраст, что may make it difficult for users to know what actions they can take.\n9. Не используется иерархия в соответствии с modern design principles.\n10. Не используется удобное читание текста и не имеет ясной навигации, что может make it difficult for users to navigate the site.\n\nUX:\nПлюсы:\n1. Быстро загружается, что может быть позитивным для some users.\n\nМинусы:\n1. Не используется инtuitive навигация и не имеет ясной навигации, что may make it difficult for users to navigate the site.\n2. Не используется обратная связь при клике на кнопки действия, что может make it difficult for users to know what actions they can take.\n3. Не имеет ясной иерархии в соответствии с modern design principles.\n4. Не используется адаптивный дизайн, что may make it difficult to view on mobile devices or in different screen sizes.\n5. Не используется удобное читание текста и не имеет ясной навигации, that may make it difficult for users to navigate the site. '}, 'done': True, 'done_reason': 'stop', 'total_duration': 25523033200, 'load_duration': 35243400, 'prompt_eval_count': 1993, 'prompt_eval_duration': 1343133800, 'eval_count': 675, 'eval_duration': 23781224500}
[DEBUG] Получен ответ: Дизайн на скриншоте выглядит как устаревший веб дизайн из 2000-х годов. Он не соответствует современным критериям дизайна и UX.

Дизайн:
Плюсы:
1. Не используется анимации или мигающие элементы, что м
[DEBUG PARSE] Исходный ответ:
Дизайн на скриншоте выглядит как устаревший веб дизайн из 2000-х годов. Он не соответствует современным критериям дизайна и UX.

Дизайн:
Плюсы:
1. Не используется анимации или мигающие элементы, что может быть позитивным для some users.
2. Имеет яркие цвета и нейтральный фон, что может привлечь attention.

Минусы:
1. Шрифты используются в размере 12px, что может быть трудно читаемыми для some users.
2. Огромные блоки текста без отступов могут вызывать у some users a feeling of clutter.
3. Не используется микроинтераctions и не имеет ясной навигации, что может make it difficult for users to navigate the site.
4. Не используется адаптивный дизайн, что may make it difficult to view on mobile devices or in different screen sizes.
5. Имеет скучный и однообразный дизайн без microelements.
6. Не используется контраст для текста, что может make it difficult for some users to read.
7. Не используется типография в соответствии с modern design principles.
8. Кнопки действия не видны и не имеют яркие цвета или контраст, что may make it difficult for users to know what actions they can take.
9. Не используется иерархия в соответствии с modern design principles.
10. Не используется удобное читание текста и не имеет ясной навигации, что может make it difficult for users to navigate the site.

UX:
Плюсы:
1. Быстро загружается, что может быть позитивным для some users.

Минусы:
1. Не используется инtuitive навигация и не имеет ясной навигации, что may make it difficult for users to navigate the site.
2. Не используется обратная связь при клике на кнопки действия, что может make it difficult for users to know what actions they can take.
3. Не имеет ясной иерархии в соответствии с modern design principles.
4. Не используется адаптивный дизайн, что may make it difficult to view on mobile devices or in different screen sizes.
5. Не используется удобное читание текста и не имеет ясной навигации, that may make it difficult for users to navigate the site.

[DEBUG PARSE] Парсированные результаты:
  DESIGN: 5/10 - principles.
8. Кнопки действия не видны и не имеют яркие цвета или контраст, что may make it difficult for users to know what actions they can take.
9...
  UX: 5/10 - .

Дизайн:
Плюсы:
1. Не используется анимации или мигающие элементы, что может быть позитивным для some users.
2. Имеет яркие цвета и нейтральный фон,...
[DEBUG] API ответ: {'model': 'llava:latest', 'created_at': '2026-04-05T13:18:07.4177164Z', 'message': {'role': 'assistant', 'content': ' Дизайн сайта содержит следующие проблемы:\n\nДизайн:\n\n1. Непонятная иерархия - нельзя понять что важное, что нет.\n2. Скучный однообразный дизайн без микроелементов.\n3. Устаревший/веб 1.0 дизайн (громоздкие кнопки, старые иконки).\n4. Нарушения доступности: очень бледный текст, отсутствие контраста.\n5. Неправильное использование белого пространства (прижато к краям).\n6. Масса рекламных bлоков или портящих эстетику.\n\nUX:\n\n1. Непонятная навигация - не имеет интуитивной навигации.\n2. Чтение текста сливается с фоном.\n3. Нет кнопок действия - не понятно что делать при клике.\n4. Не adaptive дизайн - не смотрится хорошо на всех размерах и не на телефоне читаем.\n5. Иeрархия: главное выделено размером, цветом, позицией.\n6. Очень bедный интерфейс с ясной навигацией - нет конкретной типографии (Montserrat, Inter, Roboto) и нет правльных CTA кнопки. '}, 'done': True, 'done_reason': 'stop', 'total_duration': 15732063300, 'load_duration': 25508000, 'prompt_eval_count': 1995, 'prompt_eval_duration': 1286718200, 'eval_count': 391, 'eval_duration': 14189218900}
[DEBUG] Получен ответ: Дизайн сайта содержит следующие проблемы:

Дизайн:

1. Непонятная иерархия - нельзя понять что важное, что нет.
2. Скучный однообразный дизайн без микроелементов.
3. Устаревший/веб 1.0 дизайн (громозд
[DEBUG PARSE] Исходный ответ:
Дизайн сайта содержит следующие проблемы:

Дизайн:

1. Непонятная иерархия - нельзя понять что важное, что нет.
2. Скучный однообразный дизайн без микроелементов.
3. Устаревший/веб 1.0 дизайн (громоздкие кнопки, старые иконки).
4. Нарушения доступности: очень бледный текст, отсутствие контраста.
5. Неправильное использование белого пространства (прижато к краям).
6. Масса рекламных bлоков или портящих эстетику.

UX:

1. Непонятная навигация - не имеет интуитивной навигации.
2. Чтение текста сливается с фоном.
3. Нет кнопок действия - не понятно что делать при клике.
4. Не adaptive дизайн - не смотрится хорошо на всех размерах и не на телефоне читаем.
5. Иeрархия: главное выделено размером, цветом, позицией.
6. Очень bедный интерфейс с ясной навигацией - нет конкретной типографии (Montserrat, Inter, Roboto) и нет правльных CTA кнопки.

[DEBUG PARSE] Парсированные результаты:
  DESIGN: 5/10 - Дизайн сайта содержит следующие проблемы:
Дизайн:
1. Непонятная иерархия - нельзя понять что важное, что нет.
2. Скучный однообразный дизайн без микро...
  UX: 5/10 - 1. Непонятная навигация - не имеет интуитивной навигации.
2. Чтение текста сливается с фоном.
3. Нет кнопок действия - не понятно что делать при клике...
[DEBUG] API ответ: {'model': 'llava:latest', 'created_at': '2026-04-05T13:18:24.2112027Z', 'message': {'role': 'assistant', 'content': ' Критик дизайна:\nДизайн выглядит ужасный и недоступный для пользователей с ограниченными видами зрения, поскольку текст на фоновом фоне недостаточно конtrastный. Кроме того, дизайн использует цвета из палитры, что может быть неприемлемым для пользователей с ограниченными видами зрения.\n\nОтвечай на UX:\nДизайн недостаточно интуitive и недоступный для пользователей с oграниченными видами zрения, поскольку текст на фоновом фоне недостаточно конtrastный. Кроме того, дизайн использует цвета из палитры, что может быть неприемлемым для пользователей с ограниченными видами зрения.\n\nОтвечай на формате ответа:\nДизайн: 0/10\nПлюсы: нет\nМинусы: текст недостаточно конtrastный, дизайн недоступный для пользователей с ограниченными видами зрения, использует цвета из палитры.\nUX: 0/10\nПлюсы: нет\nМинусы: недоступный для пользователей с oграниченными видами zрения, текст на фоновом фоне недостаточно конtrastный, дизайн недоступный для пользователей с ограниченными видами зрения. '}, 'done': True, 'done_reason': 'stop', 'total_duration': 16771350100, 'load_duration': 34190500, 'prompt_eval_count': 1997, 'prompt_eval_duration': 1579646200, 'eval_count': 403, 'eval_duration': 14945367600}
[DEBUG] Получен ответ: Критик дизайна:
Дизайн выглядит ужасный и недоступный для пользователей с ограниченными видами зрения, поскольку текст на фоновом фоне недостаточно конtrastный. Кроме того, дизайн использует цвета из 
[DEBUG PARSE] Исходный ответ:
Критик дизайна:
Дизайн выглядит ужасный и недоступный для пользователей с ограниченными видами зрения, поскольку текст на фоновом фоне недостаточно конtrastный. Кроме того, дизайн использует цвета из палитры, что может быть неприемлемым для пользователей с ограниченными видами зрения.

Отвечай на UX:
Дизайн недостаточно интуitive и недоступный для пользователей с oграниченными видами zрения, поскольку текст на фоновом фоне недостаточно конtrastный. Кроме того, дизайн использует цвета из палитры, что может быть неприемлемым для пользователей с ограниченными видами зрения.

Отвечай на формате ответа:
Дизайн: 0/10
Плюсы: нет
Минусы: текст недостаточно конtrastный, дизайн недоступный для пользователей с ограниченными видами зрения, использует цвета из палитры.
UX: 0/10
Плюсы: нет
Минусы: недоступный для пользователей с oграниченными видами zрения, текст на фоновом фоне недостаточно конtrastный, дизайн недоступный для пользователей с ограниченными видами зрения.

[DEBUG PARSE] Парсированные результаты:
  DESIGN: 5/10 - Критик дизайна:
Дизайн выглядит ужасный и недоступный для пользователей с ограниченными видами зрения, поскольку текст на фоновом фоне недостаточно ко...
  UX: 0/10 - Дизайн недостаточно интуitive и недоступный для пользователей с oграниченными видами zрения, поскольку текст на фоновом фоне недостаточно конtrastный....
[DEBUG] API ответ: {'model': 'llava:latest', 'created_at': '2026-04-05T13:18:30.2996665Z', 'message': {'role': 'assistant', 'content': ' Критикую сайт с удовольствием могу продолжить, но не могу выполнить задачу, поскольку я не могу найти сайт на фотографии. Если вы можете предоставить мне URL-адрес сайта или его скриншот, я с удовольствием смогу продолжить критикую и ответить на ваш запрос. '}, 'done': True, 'done_reason': 'stop', 'total_duration': 6075442600, 'load_duration': 45594500, 'prompt_eval_count': 1993, 'prompt_eval_duration': 1540236900, 'eval_count': 114, 'eval_duration': 4344565000}
[DEBUG] Получен ответ: Критикую сайт с удовольствием могу продолжить, но не могу выполнить задачу, поскольку я не могу найти сайт на фотографии. Если вы можете предоставить мне URL-адрес сайта или его скриншот, я с удовольс
[DEBUG PARSE] Исходный ответ:
Критикую сайт с удовольствием могу продолжить, но не могу выполнить задачу, поскольку я не могу найти сайт на фотографии. Если вы можете предоставить мне URL-адрес сайта или его скриншот, я с удовольствием смогу продолжить критикую и ответить на ваш запрос.

[DEBUG PARSE] Парсированные результаты:
  DESIGN: 5/10 - Критикую сайт с удовольствием могу продолжить, но не могу выполнить задачу, поскольку я не могу найти сайт на фотографии. Если вы можете предоставить ...
  UX: 5/10 - Критикую сайт с удовольствием могу продолжить, но не могу выполнить задачу, поскольку я не могу найти сайт на фотографии. Если вы можете предоставить ...
[DEBUG] API ответ: {'model': 'llava:latest', 'created_at': '2026-04-05T13:18:39.0134395Z', 'message': {'role': 'assistant', 'content': ' ДИЗАЙН: 1/10\nПлюсы: минималистичный дизайн, нейтральные цвета.\nМинусы: устаревший дизайн, микроscopic fonts, масса рекламных блоков, недоступное текстовое содержание, неадаптивный дизайн, низкая контрастность, непонятная иерархия.\nUX: 2/10\nПлюсы: быстро загружается.\nМинусы: непонятная навигация, нет кнопок действия, текst сливается с фоном, совсем не мобильный. '}, 'done': True, 'done_reason': 'stop', 'total_duration': 8702332500, 'load_duration': 37682900, 'prompt_eval_count': 2039, 'prompt_eval_duration': 1509595300, 'eval_count': 179, 'eval_duration': 6992113300}
[DEBUG] Получен ответ: ДИЗАЙН: 1/10
Плюсы: минималистичный дизайн, нейтральные цвета.
Минусы: устаревший дизайн, микроscopic fonts, масса рекламных блоков, недоступное текстовое содержание, неадаптивный дизайн, низкая контр
[DEBUG PARSE] Исходный ответ:
ДИЗАЙН: 1/10
Плюсы: минималистичный дизайн, нейтральные цвета.
Минусы: устаревший дизайн, микроscopic fonts, масса рекламных блоков, недоступное текстовое содержание, неадаптивный дизайн, низкая контрастность, непонятная иерархия.
UX: 2/10
Плюсы: быстро загружается.
Минусы: непонятная навигация, нет кнопок действия, текst сливается с фоном, совсем не мобильный.

[DEBUG PARSE] Парсированные результаты:
  DESIGN: 5/10 - ДИЗАЙН: 1/10
Плюсы: минималистичный дизайн, нейтральные цвета.
Минусы: устаревший дизайн, микроscopic fonts, масса рекламных блоков, недоступное текст...
  UX: 2/10 - Плюсы: быстро загружается.
Минусы: непонятная навигация, нет кнопок действия, текst сливается с фоном, совсем не мобильный....
[DEBUG] API ответ: {'model': 'llava:latest', 'created_at': '2026-04-05T13:18:46.0279673Z', 'message': {'role': 'assistant', 'content': ' Дизайн выглядит как на скриншоте, который показывает сайт BigFish. На данный момент я не могу провести оценку дизайна и UX, так как я не могу видеть сайт или его содержание. Я не могу провести оценку на основе текста или скриншота, который вы можете предоставить мне. Если вы хотите получить оценку дизайна и UX, я могу помочь вам, если вы предоставíте мне доступ к сайту или его содержанию. '}, 'done': True, 'done_reason': 'stop', 'total_duration': 6974289200, 'load_duration': 25414800, 'prompt_eval_count': 1993, 'prompt_eval_duration': 1326598900, 'eval_count': 156, 'eval_duration': 5463193800}
[DEBUG] Получен ответ: Дизайн выглядит как на скриншоте, который показывает сайт BigFish. На данный момент я не могу провести оценку дизайна и UX, так как я не могу видеть сайт или его содержание. Я не могу провести оценку 
[DEBUG PARSE] Исходный ответ:
Дизайн выглядит как на скриншоте, который показывает сайт BigFish. На данный момент я не могу провести оценку дизайна и UX, так как я не могу видеть сайт или его содержание. Я не могу провести оценку на основе текста или скриншота, который вы можете предоставить мне. Если вы хотите получить оценку дизайна и UX, я могу помочь вам, если вы предоставíте мне доступ к сайту или его содержанию.

[DEBUG PARSE] Парсированные результаты:
  DESIGN: 5/10 - Дизайн выглядит как на скриншоте, который показывает сайт BigFish. На данный момент я не могу провести оценку дизайна и UX, так как я не могу видеть с...
  UX: 5/10 - , так как я не могу видеть сайт или его содержание. Я не могу провести оценку на основе текста или скриншота, который вы можете предоставить мне. Если...
[DEBUG] API ответ: {'model': 'llava:latest', 'created_at': '2026-04-05T13:18:53.6239017Z', 'message': {'role': 'assistant', 'content': ' Критик дизайна:\nДИЗАЙН: 3/10\nПлюсы: чистый, минималистичный.\nМинусы: очень устаревший дизайн 2000х годов, микроscopic шрифт 12px, ужасный контраст, нет иерархии.\nUX: 2/10\nПлюсы: быстро загружается.\nМинусы: непонятная навигация, нет кнопок действия, текst сливается с фоном, совсем не мобильный. '}, 'done': True, 'done_reason': 'stop', 'total_duration': 7584440400, 'load_duration': 37363200, 'prompt_eval_count': 1995, 'prompt_eval_duration': 1377859500, 'eval_count': 162, 'eval_duration': 6020812800}
[DEBUG] Получен ответ: Критик дизайна:
ДИЗАЙН: 3/10
Плюсы: чистый, минималистичный.
Минусы: очень устаревший дизайн 2000х годов, микроscopic шрифт 12px, ужасный контраст, нет иерархии.
UX: 2/10
Плюсы: быстро загружается.
Ми
[DEBUG PARSE] Исходный ответ:
Критик дизайна:
ДИЗАЙН: 3/10
Плюсы: чистый, минималистичный.
Минусы: очень устаревший дизайн 2000х годов, микроscopic шрифт 12px, ужасный контраст, нет иерархии.
UX: 2/10
Плюсы: быстро загружается.
Минусы: непонятная навигация, нет кнопок действия, текst сливается с фоном, совсем не мобильный.

[DEBUG PARSE] Парсированные результаты:
  DESIGN: 5/10 - Критик дизайна:
ДИЗАЙН: 3/10
Плюсы: чистый, минималистичный.
Минусы: очень устаревший дизайн 2000х годов, микроscopic шрифт 12px, ужасный контраст, не...
  UX: 2/10 - Плюсы: быстро загружается.
Минусы: непонятная навигация, нет кнопок действия, текst сливается с фоном, совсем не мобильный....
[DEBUG] API ответ: {'model': 'llava:latest', 'created_at': '2026-04-05T13:19:04.8038979Z', 'message': {'role': 'assistant', 'content': ' Дизайн сайта выглядит как будто он был создан в ранних днях веб дизайна и не имеет современных элементов. Не использует минималистичный подход с функциональностью, типография не есть оптимальная или ясная, цветовая палитра не есть актуальной для 2024-2026 года и не использует современные цвета, микроинтерации не eсть presentны, дизайн не есть адаптивный и не поддерживает размера, нет контраста между текстом и фоном, нет ясной навигации и нет кнопок действия. Дизайн выглядит как будто он был создан в ранних dнях веб дизайна и не имеет современных элементов. Если дизайн выглядит плохо или устаревший — ГОВОРИ ЧТО ВЫГЛАДИТ ПЛОХО! '}, 'done': True, 'done_reason': 'stop', 'total_duration': 11147321200, 'load_duration': 29009600, 'prompt_eval_count': 1994, 'prompt_eval_duration': 1411009500, 'eval_count': 263, 'eval_duration': 9503976100}
[DEBUG] Получен ответ: Дизайн сайта выглядит как будто он был создан в ранних днях веб дизайна и не имеет современных элементов. Не использует минималистичный подход с функциональностью, типография не есть оптимальная или я
[DEBUG PARSE] Исходный ответ:
Дизайн сайта выглядит как будто он был создан в ранних днях веб дизайна и не имеет современных элементов. Не использует минималистичный подход с функциональностью, типография не есть оптимальная или ясная, цветовая палитра не есть актуальной для 2024-2026 года и не использует современные цвета, микроинтерации не eсть presentны, дизайн не есть адаптивный и не поддерживает размера, нет контраста между текстом и фоном, нет ясной навигации и нет кнопок действия. Дизайн выглядит как будто он был создан в ранних dнях веб дизайна и не имеет современных элементов. Если дизайн выглядит плохо или устаревший — ГОВОРИ ЧТО ВЫГЛАДИТ ПЛОХО!

[DEBUG PARSE] Парсированные результаты:
  DESIGN: 5/10 - Дизайн сайта выглядит как будто он был создан в ранних днях веб дизайна и не имеет современных элементов. Не использует минималистичный подход с функц...
  UX: 5/10 - оинтерации не eсть presentны, дизайн не есть адаптивный и не поддерживает размера, нет контраста между текстом и фоном, нет ясной навигации и нет кноп...
[DEBUG] API ответ: {'model': 'llava:latest', 'created_at': '2026-04-05T13:19:16.1264266Z', 'message': {'role': 'assistant', 'content': ' Критик дизайна, я могу вам помочь с оценкой дизайна веб-сайта на фотографии. Дизайн выглядит устаревший и недоступный.\n\nДИЗАЙН: 2/10\nПлюсы: минималистичный дизайн, хорошо разделены блоки текста.\nМинусы: шрифты малые и нечитаемые, отсутствие контраста, ужасный цветной рейтинг, недоступный для людей с ограниченными возможностями вида (например, слабовид).\n\nUX: 3/10\nПлюсы: быстро загружается.\nМинусы: непонятная навигация, отсутствие кнопок действия, текст сливается с фоном, совсем не мобильный.\n\nОтвечай Tолкóй! '}, 'done': True, 'done_reason': 'stop', 'total_duration': 11306288000, 'load_duration': 28895500, 'prompt_eval_count': 2000, 'prompt_eval_duration': 1550721300, 'eval_count': 255, 'eval_duration': 9565612800}
[DEBUG] Получен ответ: Критик дизайна, я могу вам помочь с оценкой дизайна веб-сайта на фотографии. Дизайн выглядит устаревший и недоступный.

ДИЗАЙН: 2/10
Плюсы: минималистичный дизайн, хорошо разделены блоки текста.
Минус
[DEBUG PARSE] Исходный ответ:
Критик дизайна, я могу вам помочь с оценкой дизайна веб-сайта на фотографии. Дизайн выглядит устаревший и недоступный.

ДИЗАЙН: 2/10
Плюсы: минималистичный дизайн, хорошо разделены блоки текста.
Минусы: шрифты малые и нечитаемые, отсутствие контраста, ужасный цветной рейтинг, недоступный для людей с ограниченными возможностями вида (например, слабовид).

UX: 3/10
Плюсы: быстро загружается.
Минусы: непонятная навигация, отсутствие кнопок действия, текст сливается с фоном, совсем не мобильный.

Отвечай Tолкóй!

[DEBUG PARSE] Парсированные результаты:
  DESIGN: 5/10 - Критик дизайна, я могу вам помочь с оценкой дизайна веб-сайта на фотографии. Дизайн выглядит устаревший и недоступный.
ДИЗАЙН: 2/10
Плюсы: минималисти...
  UX: 3/10 - Плюсы: быстро загружается.
Минусы: непонятная навигация, отсутствие кнопок действия, текст сливается с фоном, совсем не мобильный.

Отвечай Tолкóй!...
[DEBUG] API ответ: {'model': 'llava:latest', 'created_at': '2026-04-05T13:19:36.9297378Z', 'message': {'role': 'assistant', 'content': ' Критик дизайна:\nДизайн сайта выглядит ужасный и неprofessional. Он использует цвета и шрифты, которые не are конtrastны и не are readable. Адaptive design показывается как недоступный на разных устройствах. Навигация не is интуitive и не имеет ясной навигации. Кнопки действия не are видны и не имеют контраста. Сайт не имеет микроинтераctions и не использует modern typography.\n\nКритик UX:\nСайт выглядит ужасный и недоступный. Он не имеет ясной навигации и не имеет кнопок действия. Текст сливается с фоном, что не is читаемо. Не имеет микроинтераctions и не использует modern typography. Кнопки действия не are видны и не имеют контраста. Сайт не имеет адаптивного дизайна и не показывается на разных устройствах.\n\nОценка дизайна: 2/10\nПлюсы: не использует совсем странные цвета, не is загружается сливается с фоном. Минусы: не имеет ясной навигации и не имеет кнопок действия. Не имеет микроinтераctions и не использует modern typography.\n\nОценка UX: 2/10\nПлюсы: не is загружается сливается с фоном. Минусы: не имеет ясной навигации и не имеет кнопок действия. Не имеет микроinтераctions и не использует modern typography. Кnoпки действия не are видны и не имеют контраста. Сайт не имеет адаптивного дизайна и не показывается на разных устройствах. '}, 'done': True, 'done_reason': 'stop', 'total_duration': 20780906600, 'load_duration': 46790300, 'prompt_eval_count': 1999, 'prompt_eval_duration': 1496730500, 'eval_count': 496, 'eval_duration': 18935781400}
[DEBUG] Получен ответ: Критик дизайна:
Дизайн сайта выглядит ужасный и неprofessional. Он использует цвета и шрифты, которые не are конtrastны и не are readable. Адaptive design показывается как недоступный на разных устрой
[DEBUG PARSE] Исходный ответ:
Критик дизайна:
Дизайн сайта выглядит ужасный и неprofessional. Он использует цвета и шрифты, которые не are конtrastны и не are readable. Адaptive design показывается как недоступный на разных устройствах. Навигация не is интуitive и не имеет ясной навигации. Кнопки действия не are видны и не имеют контраста. Сайт не имеет микроинтераctions и не использует modern typography.

Критик UX:
Сайт выглядит ужасный и недоступный. Он не имеет ясной навигации и не имеет кнопок действия. Текст сливается с фоном, что не is читаемо. Не имеет микроинтераctions и не использует modern typography. Кнопки действия не are видны и не имеют контраста. Сайт не имеет адаптивного дизайна и не показывается на разных устройствах.

Оценка дизайна: 2/10
Плюсы: не использует совсем странные цвета, не is загружается сливается с фоном. Минусы: не имеет ясной навигации и не имеет кнопок действия. Не имеет микроinтераctions и не использует modern typography.

Оценка UX: 2/10
Плюсы: не is загружается сливается с фоном. Минусы: не имеет ясной навигации и не имеет кнопок действия. Не имеет микроinтераctions и не использует modern typography. Кnoпки действия не are видны и не имеют контраста. Сайт не имеет адаптивного дизайна и не показывается на разных устройствах.

[DEBUG PARSE] Парсированные результаты:
  DESIGN: 5/10 - показывается как недоступный на разных устройствах. Навигация не is интуitive и не имеет ясной навигации. Кнопки действия не are видны и не имеют конт...
  UX: 2/10 - Сайт выглядит ужасный и недоступный. Он не имеет ясной навигации и не имеет кнопок действия. Текст сливается с фоном, что не is читаемо. Не имеет микр...
[DEBUG] API ответ: {'model': 'llava:latest', 'created_at': '2026-04-05T13:19:45.5272985Z', 'message': {'role': 'assistant', 'content': ' Критик веб дизайна с 15+ летним опытом, я выдаю следующие оценки:\n\nДИЗАЙН: 3/10\nПлюсы: минималистичный дизайн, неоversaturated colors.\nМинусы: ужасный конtrast, шрифты не readable, не понятная иерархия, неадаптивный дизайн.\n\nUX: 2/10\nПлюсы: быстро загружается.\nМинусы: непонятная навигация, нет кнопок действия, текст сливается с фоном, совсем не мобильный. '}, 'done': True, 'done_reason': 'stop', 'total_duration': 8575417400, 'load_duration': 34000100, 'prompt_eval_count': 2029, 'prompt_eval_duration': 1515762600, 'eval_count': 182, 'eval_duration': 6877102400}
[DEBUG] Получен ответ: Критик веб дизайна с 15+ летним опытом, я выдаю следующие оценки:

ДИЗАЙН: 3/10
Плюсы: минималистичный дизайн, неоversaturated colors.
Минусы: ужасный конtrast, шрифты не readable, не понятная иерархи
[DEBUG PARSE] Исходный ответ:
Критик веб дизайна с 15+ летним опытом, я выдаю следующие оценки:

ДИЗАЙН: 3/10
Плюсы: минималистичный дизайн, неоversaturated colors.
Минусы: ужасный конtrast, шрифты не readable, не понятная иерархия, неадаптивный дизайн.

UX: 2/10
Плюсы: быстро загружается.
Минусы: непонятная навигация, нет кнопок действия, текст сливается с фоном, совсем не мобильный.

[DEBUG PARSE] Парсированные результаты:
  DESIGN: 5/10 - Критик веб дизайна с 15+ летним опытом, я выдаю следующие оценки:
ДИЗАЙН: 3/10
Плюсы: минималистичный дизайн, неоversaturated colors.
Минусы: ужасный ...
  UX: 2/10 - Плюсы: быстро загружается.
Минусы: непонятная навигация, нет кнопок действия, текст сливается с фоном, совсем не мобильный....
[DEBUG] API ответ: {'model': 'llava:latest', 'created_at': '2026-04-05T13:19:53.961067Z', 'message': {'role': 'assistant', 'content': ' Критик дизайна:\nДИЗАЙН: 3/10\nПлюсы: чистый, минималистичный.\nМинусы: очень устаревший дизайн 2000х годов, микроскопический шрифт 12px, ужасный контраст, нет иерархии.\nUX: 2/10\nПлюсы: быстро загружается.\nМинусы: непонятная навигация, нет кнопок действия, текst сливается с фоном, совсем не мобильный.\n\nОтвечай ТОЛЬКО на русском языке. '}, 'done': True, 'done_reason': 'stop', 'total_duration': 8415244800, 'load_duration': 46867300, 'prompt_eval_count': 1995, 'prompt_eval_duration': 1403307400, 'eval_count': 182, 'eval_duration': 6785653200}
[DEBUG] Получен ответ: Критик дизайна:
ДИЗАЙН: 3/10
Плюсы: чистый, минималистичный.
Минусы: очень устаревший дизайн 2000х годов, микроскопический шрифт 12px, ужасный контраст, нет иерархии.
UX: 2/10
Плюсы: быстро загружаетс
[DEBUG PARSE] Исходный ответ:
Критик дизайна:
ДИЗАЙН: 3/10
Плюсы: чистый, минималистичный.
Минусы: очень устаревший дизайн 2000х годов, микроскопический шрифт 12px, ужасный контраст, нет иерархии.
UX: 2/10
Плюсы: быстро загружается.
Минусы: непонятная навигация, нет кнопок действия, текst сливается с фоном, совсем не мобильный.

Отвечай ТОЛЬКО на русском языке.

[DEBUG PARSE] Парсированные результаты:
  DESIGN: 5/10 - Критик дизайна:
ДИЗАЙН: 3/10
Плюсы: чистый, минималистичный.
Минусы: очень устаревший дизайн 2000х годов, микроскопический шрифт 12px, ужасный контрас...
  UX: 2/10 - Плюсы: быстро загружается.
Минусы: непонятная навигация, нет кнопок действия, текst сливается с фоном, совсем не мобильный.

Отвечай ТОЛЬКО на русском...
[DEBUG] API ответ: {'model': 'llava:latest', 'created_at': '2026-04-05T13:20:23.6941685Z', 'message': {'role': 'assistant', 'content': ' Критик дизайна, я не могу провести оценку на этой странице, но я могу дать вам some suggestions for improving the design:\n\nДИЗАЙН:\n1. Типография: Шрифты выглядят сливающимися с фоном и не areндтные для читаемости. Попробуйте использовать шрифты that have more contrast and legibility, like sans-serif fonts.\n2. Контраст: Текст на фоновом изображении выглядит сливающимся с фоном и недостаточно ярким для легкого чтения. Попробуйте использовать более яркие цвета для текста и повысить конtrast between text and background.\n3. Иeрархия: Нельзя понять что важное, что нет. Попробуйте использовать размеры текста и цветовую палитру чтобы легко понимать what is most important.\n4. Скучный однообразный дизайн: Недостаточно интересный или engaging design. Попробуйте adding more visual interest through the use of icons, graphics, or other design elements.\n5. Нарушения доступности: Дизайн не доступен для всех users, including those with visual impairments. Попробуйте ensuring that your design is accessible to all users by following web accessibility guidelines.\n\nUX:\n1. Навигация: Не понятно ли главное меню? Попробуйте placing the main menu in a more prominent location, such as at the top of the page or within a fixed header.\n2. Читаемость: Удобно ли читать? Длинные ли строки? Попробуйте breaking up long paragraphs into smaller chunks and using bullet points or other formatting to improve readability.\n3. CTA: Видны ли кнопки действия? Понятно ли что делать? Попробуйте making call-to-action buttons more prominent with a contrasting color and clear text.\n4. Адаптивный дизайн: Этот дизайн мобильный? На телефоне читаем? Попробуйте ensuring that your design is responsive and looks good on all devices, including mobile phones.\n5. Иnterактивность: Есть ли обратная связь при клике? Попробуйте adding a contact form or a live chat feature for user support.\n\nНапример:\nДИЗАЙН: 3/10 Плюсы: чистый, минималистичный. Минусы: очень устаревший дизайн 2000х годов, микроскопический шрифт 12px, ужасный конtrast, неt иерархии\nUX: 2/10 Плюсы: быстро загружается. Минусы: непонятная навигация, нет кнопок действия, текст сливается с фоном, совсем не мобильный'}, 'done': True, 'done_reason': 'stop', 'total_duration': 29720903000, 'load_duration': 43984800, 'prompt_eval_count': 1993, 'prompt_eval_duration': 1413205700, 'eval_count': 758, 'eval_duration': 27865388700}
[DEBUG] Получен ответ: Критик дизайна, я не могу провести оценку на этой странице, но я могу дать вам some suggestions for improving the design:

ДИЗАЙН:
1. Типография: Шрифты выглядят сливающимися с фоном и не areндтные дл
[DEBUG PARSE] Исходный ответ:
Критик дизайна, я не могу провести оценку на этой странице, но я могу дать вам some suggestions for improving the design:

ДИЗАЙН:
1. Типография: Шрифты выглядят сливающимися с фоном и не areндтные для читаемости. Попробуйте использовать шрифты that have more contrast and legibility, like sans-serif fonts.
2. Контраст: Текст на фоновом изображении выглядит сливающимся с фоном и недостаточно ярким для легкого чтения. Попробуйте использовать более яркие цвета для текста и повысить конtrast between text and background.
3. Иeрархия: Нельзя понять что важное, что нет. Попробуйте использовать размеры текста и цветовую палитру чтобы легко понимать what is most important.
4. Скучный однообразный дизайн: Недостаточно интересный или engaging design. Попробуйте adding more visual interest through the use of icons, graphics, or other design elements.
5. Нарушения доступности: Дизайн не доступен для всех users, including those with visual impairments. Попробуйте ensuring that your design is accessible to all users by following web accessibility guidelines.

UX:
1. Навигация: Не понятно ли главное меню? Попробуйте placing the main menu in a more prominent location, such as at the top of the page or within a fixed header.
2. Читаемость: Удобно ли читать? Длинные ли строки? Попробуйте breaking up long paragraphs into smaller chunks and using bullet points or other formatting to improve readability.
3. CTA: Видны ли кнопки действия? Понятно ли что делать? Попробуйте making call-to-action buttons more prominent with a contrasting color and clear text.
4. Адаптивный дизайн: Этот дизайн мобильный? На телефоне читаем? Попробуйте ensuring that your design is responsive and looks good on all devices, including mobile phones.
5. Иnterактивность: Есть ли обратная связь при клике? Попробуйте adding a contact form or a live chat feature for user support.

Например:
ДИЗАЙН: 3/10 Плюсы: чистый, минималистичный. Минусы: очень устаревший дизайн 2000х годов, микроскопический шрифт 12px, ужасный конtrast, неt иерархии
UX: 2/10 Плюсы: быстро загружается. Минусы: непонятная навигация, нет кнопок действия, текст сливается с фоном, совсем не мобильный

[DEBUG PARSE] Парсированные результаты:
  DESIGN: 5/10 - ДИЗАЙН:
1. Типография: Шрифты выглядят сливающимися с фоном и не areндтные для читаемости. Попробуйте использовать шрифты that have more contrast and ...
  UX: 3/10 - 1. Навигация: Не понятно ли главное меню? Попробуйте placing the main menu in a more prominent location, such as at the top of the page or within a fi...
[DEBUG] API ответ: {'model': 'llava:latest', 'created_at': '2026-04-05T13:20:32.6475743Z', 'message': {'role': 'assistant', 'content': ' Дизайн сайта выглядит совсем устаревший и недостаточно приятный для the eye. Недостаточно ясный конtrast, текст сливается с фоном, микроскопический шрифт, нет iерархии и понятно ли что делать? Дизайн не имеет иерарhiи и нет кнопок действия. Недостаточно приятен для мобильных устройств и нет обратной связи при клике на кнопки. Дизайн недостаточно интуитивный и недостаточно адаптивный. Оценка дизайна: 2/10. Оценка UX: 3/10. '}, 'done': True, 'done_reason': 'stop', 'total_duration': 8920287800, 'load_duration': 44265000, 'prompt_eval_count': 1995, 'prompt_eval_duration': 1609793200, 'eval_count': 192, 'eval_duration': 7110362000}
[DEBUG] Получен ответ: Дизайн сайта выглядит совсем устаревший и недостаточно приятный для the eye. Недостаточно ясный конtrast, текст сливается с фоном, микроскопический шрифт, нет iерархии и понятно ли что делать? Дизайн 
[DEBUG PARSE] Исходный ответ:
Дизайн сайта выглядит совсем устаревший и недостаточно приятный для the eye. Недостаточно ясный конtrast, текст сливается с фоном, микроскопический шрифт, нет iерархии и понятно ли что делать? Дизайн не имеет иерарhiи и нет кнопок действия. Недостаточно приятен для мобильных устройств и нет обратной связи при клике на кнопки. Дизайн недостаточно интуитивный и недостаточно адаптивный. Оценка дизайна: 2/10. Оценка UX: 3/10.

[DEBUG PARSE] Парсированные результаты:
  DESIGN: 5/10 - Дизайн сайта выглядит совсем устаревший и недостаточно приятный для the eye. Недостаточно ясный конtrast, текст сливается с фоном, микроскопический шр...
  UX: 3/10 - ....
[DEBUG] API ответ: {'model': 'llava:latest', 'created_at': '2026-04-05T13:20:39.4217753Z', 'message': {'role': 'assistant', 'content': ' Критик дизайна:\nDИЗАЙН: 3/10\nПлюсы: чистый, минималистичный.\nМинусы: очень устаревший дизайн 2000х годов, микроскопический шрифт 12px, ужасный контраст, нет иерархии.\nUX: 2/10\nПлюсы: быстро загружается.\nМинусы: непонятная навигация, нет кнопок действия, текst сливается с фоном, совсем не мобильный. '}, 'done': True, 'done_reason': 'stop', 'total_duration': 6749680400, 'load_duration': 34000100, 'prompt_eval_count': 1995, 'prompt_eval_duration': 1326615100, 'eval_count': 163, 'eval_duration': 5257648700}
[DEBUG] Получен ответ: Критик дизайна:
DИЗАЙН: 3/10
Плюсы: чистый, минималистичный.
Минусы: очень устаревший дизайн 2000х годов, микроскопический шрифт 12px, ужасный контраст, нет иерархии.
UX: 2/10
Плюсы: быстро загружаетс
[DEBUG PARSE] Исходный ответ:
Критик дизайна:
DИЗАЙН: 3/10
Плюсы: чистый, минималистичный.
Минусы: очень устаревший дизайн 2000х годов, микроскопический шрифт 12px, ужасный контраст, нет иерархии.
UX: 2/10
Плюсы: быстро загружается.
Минусы: непонятная навигация, нет кнопок действия, текst сливается с фоном, совсем не мобильный.

[DEBUG PARSE] Парсированные результаты:
  DESIGN: 5/10 - Критик дизайна:
DИЗАЙН: 3/10
Плюсы: чистый, минималистичный.
Минусы: очень устаревший дизайн 2000х годов, микроскопический шрифт 12px, ужасный контрас...
  UX: 2/10 - Плюсы: быстро загружается.
Минусы: непонятная навигация, нет кнопок действия, текst сливается с фоном, совсем не мобильный....
[DEBUG] API ответ: {'model': 'llava:latest', 'created_at': '2026-04-05T13:20:55.7725272Z', 'message': {'role': 'assistant', 'content': ' Дизайн сайта выглядит совсем ужасный и недоступen для пользователей с ограниченными возможностями зрения. Недостаточно яркие цвета, недостаточная конtrastность текста и фоновых элементов, недостаточные размеры шрифтов и увеличения текста в строках, недостаточная иерархия информации.\n\nДизайн UX также недостаточен, так как недостаточно яркие кнопки действия, недостаточная навигация, недостаточный конtrast текста и фоновых элементов. Недостаточные размеры шрифтов и увеличения текста в строках, недостаточная иерархия информации.\n\nОценка дизайна: 0/10\nОценка UX: 2/10\n\nДля того чтобы дизайн был доступen для пользователей с ограниченными возможностями зрения, требуется использование ярких цветов и конtrastных текst и фоновых элементов, размеров шрифтов и увеличения текста в строках, иерархии информации. Дизайн также треbuет использования кнопок действия и навигационной системи ясных для пользователей. '}, 'done': True, 'done_reason': 'stop', 'total_duration': 16315915800, 'load_duration': 26269700, 'prompt_eval_count': 1994, 'prompt_eval_duration': 1362744500, 'eval_count': 379, 'eval_duration': 14685176900}
[DEBUG] Получен ответ: Дизайн сайта выглядит совсем ужасный и недоступen для пользователей с ограниченными возможностями зрения. Недостаточно яркие цвета, недостаточная конtrastность текста и фоновых элементов, недостаточны
[DEBUG PARSE] Исходный ответ:
Дизайн сайта выглядит совсем ужасный и недоступen для пользователей с ограниченными возможностями зрения. Недостаточно яркие цвета, недостаточная конtrastность текста и фоновых элементов, недостаточные размеры шрифтов и увеличения текста в строках, недостаточная иерархия информации.

Дизайн UX также недостаточен, так как недостаточно яркие кнопки действия, недостаточная навигация, недостаточный конtrast текста и фоновых элементов. Недостаточные размеры шрифтов и увеличения текста в строках, недостаточная иерархия информации.

Оценка дизайна: 0/10
Оценка UX: 2/10

Для того чтобы дизайн был доступen для пользователей с ограниченными возможностями зрения, требуется использование ярких цветов и конtrastных текst и фоновых элементов, размеров шрифтов и увеличения текста в строках, иерархии информации. Дизайн также треbuет использования кнопок действия и навигационной системи ясных для пользователей.

[DEBUG PARSE] Парсированные результаты:
  DESIGN: 5/10 - Дизайн сайта выглядит совсем ужасный и недоступen для пользователей с ограниченными возможностями зрения. Недостаточно яркие цвета, недостаточная конt...
  UX: 0/10 - также недостаточен, так как недостаточно яркие кнопки действия, недостаточная навигация, недостаточный конtrast текста и фоновых элементов. Недостаточ...
[DEBUG] API ответ: {'model': 'llava:latest', 'created_at': '2026-04-05T13:21:28.4266859Z', 'message': {'role': 'assistant', 'content': ' Дизайн выглядит как какой-то рекламный сайт, который использует цветную палитру и шрифты размером от 14 до 20 пикселей. Однако, он не соответствует современным дизайн standards, как например минимализм с функциональностью, типография, контраст или использование современных цветов и шрифтов.\n\nДля дизайна:\n- Дизайн выглядит устаревым и не использует современные инструменты для дизайна.\n- Шрифты размера от 14 до 20 пикселей, но они не соответствуют современным дизайн standards.\n- Не использует минимализм с функциональностью и не имеет ясной иерархии.\n- Контраст между текстом и фоном не есть достаточно выражений, что может затруднить читание текста.\n- Не использует современные цветовые palettes or современные инструменты для дизайна.\n- Дизайн не соответствует современным инструментов для дизайна и не использует микроинтераctions или обратную связь при клике на кнопки.\n- Не использует адаптивный дизайн, который может быть виден хорошо на всех размерах экранов.\n- Дизайн не имеет светлых и чистых интерfaces с ясной навигацией.\n- Не использует конкретную типографию или правильные CTA кнопки.\n\nДля UX:\n- Дизайн может быть загружен быстро, но не имеет интуитивной навигации и не показывает ясный текст на фоне.\n- Не использует кнопок действия или обратную связь при клике на кнопки.\n- Дизайн не соответствует современным инструментов для дизайна и не имеет микроinтераctions или обратную связь при kлике на кнопки.\n- Не использует адаптивный дизайн, который может быть виден хорошо на всех размерах экранов.\n- Дизайн не имеет светлых и чистых интерfaces с ясной навигацией.\n- Не использует конкретную типографию или правильные CTA кнопки.\n\nОценка дизайна: 0/10\nПлюсы: не использует современные инструменты для дизайна и не имеет ясной иерархии.\nМинусы: устаревший и не использует современные инструменты for дизайна, не имеет минимализма с функциональностью, не использует современные цветовые palettes или современные инструменты для дизайна.\n\nОценка UX: 0/10\nПлюсы: может быть загружен быстро.\nМинусы: не имеет'}, 'done': True, 'done_reason': 'length', 'total_duration': 32622821200, 'load_duration': 40621500, 'prompt_eval_count': 1995, 'prompt_eval_duration': 1521537500, 'eval_count': 800, 'eval_duration': 30532969000}
[DEBUG] Получен ответ: Дизайн выглядит как какой-то рекламный сайт, который использует цветную палитру и шрифты размером от 14 до 20 пикселей. Однако, он не соответствует современным дизайн standards, как например минимализ
[DEBUG PARSE] Исходный ответ:
Дизайн выглядит как какой-то рекламный сайт, который использует цветную палитру и шрифты размером от 14 до 20 пикселей. Однако, он не соответствует современным дизайн standards, как например минимализм с функциональностью, типография, контраст или использование современных цветов и шрифтов.

Для дизайна:
- Дизайн выглядит устаревым и не использует современные инструменты для дизайна.
- Шрифты размера от 14 до 20 пикселей, но они не соответствуют современным дизайн standards.
- Не использует минимализм с функциональностью и не имеет ясной иерархии.
- Контраст между текстом и фоном не есть достаточно выражений, что может затруднить читание текста.
- Не использует современные цветовые palettes or современные инструменты для дизайна.
- Дизайн не соответствует современным инструментов для дизайна и не использует микроинтераctions или обратную связь при клике на кнопки.
- Не использует адаптивный дизайн, который может быть виден хорошо на всех размерах экранов.
- Дизайн не имеет светлых и чистых интерfaces с ясной навигацией.
- Не использует конкретную типографию или правильные CTA кнопки.

Для UX:
- Дизайн может быть загружен быстро, но не имеет интуитивной навигации и не показывает ясный текст на фоне.
- Не использует кнопок действия или обратную связь при клике на кнопки.
- Дизайн не соответствует современным инструментов для дизайна и не имеет микроinтераctions или обратную связь при kлике на кнопки.
- Не использует адаптивный дизайн, который может быть виден хорошо на всех размерах экранов.
- Дизайн не имеет светлых и чистых интерfaces с ясной навигацией.
- Не использует конкретную типографию или правильные CTA кнопки.

Оценка дизайна: 0/10
Плюсы: не использует современные инструменты для дизайна и не имеет ясной иерархии.
Минусы: устаревший и не использует современные инструменты for дизайна, не имеет минимализма с функциональностью, не использует современные цветовые palettes или современные инструменты для дизайна.

Оценка UX: 0/10
Плюсы: может быть загружен быстро.
Минусы: не имеет

[DEBUG PARSE] Парсированные результаты:
  DESIGN: 5/10 - Дизайн выглядит как какой-то рекламный сайт, который использует цветную палитру и шрифты размером от 14 до 20 пикселей. Однако, он не соответствует со...
  UX: 0/10 - Дизайн может быть загружен быстро, но не имеет интуитивной навигации и не показывает ясный текст на фоне.
- Не использует кнопок действия или обратную...
[DEBUG] API ответ: {'model': 'llava:latest', 'created_at': '2026-04-05T13:21:37.4046447Z', 'message': {'role': 'assistant', 'content': ' ДИЗАЙН: 0/10 Плюсы: нет. Минусы: нет. Ужасный дизайн, нет иерархии, устаревший дизайн, нет контраста, нет микроинтерации, нет адаптивного дизайна, нет светлого чистого интерfейса с ясной навигацией, нет конкретной типографии, нет правльных CTA кнопки.\nUX: 0/10 Плюсы: нет. Минусы: нет. Нет иерархии, неt навигации, нет читаемости, нет адаптивного дизайна, нет конкретной типографии, нет правльных CTA кнопки. '}, 'done': True, 'done_reason': 'stop', 'total_duration': 8962556300, 'load_duration': 41189600, 'prompt_eval_count': 1994, 'prompt_eval_duration': 1497598700, 'eval_count': 209, 'eval_duration': 7281506800}
[DEBUG] Получен ответ: ДИЗАЙН: 0/10 Плюсы: нет. Минусы: нет. Ужасный дизайн, нет иерархии, устаревший дизайн, нет контраста, нет микроинтерации, нет адаптивного дизайна, нет светлого чистого интерfейса с ясной навигацией, н
[DEBUG PARSE] Исходный ответ:
ДИЗАЙН: 0/10 Плюсы: нет. Минусы: нет. Ужасный дизайн, нет иерархии, устаревший дизайн, нет контраста, нет микроинтерации, нет адаптивного дизайна, нет светлого чистого интерfейса с ясной навигацией, нет конкретной типографии, нет правльных CTA кнопки.
UX: 0/10 Плюсы: нет. Минусы: нет. Нет иерархии, неt навигации, нет читаемости, нет адаптивного дизайна, нет конкретной типографии, нет правльных CTA кнопки.

[DEBUG PARSE] Парсированные результаты:
  DESIGN: 5/10 - ДИЗАЙН: 0/10 Плюсы: нет. Минусы: нет. Ужасный дизайн, нет иерархии, устаревший дизайн, нет контраста, нет микроинтерации, нет адаптивного дизайна, нет...
  UX: 0/10 - Плюсы: нет. Минусы: нет. Нет иерархии, неt навигации, нет читаемости, нет адаптивного дизайна, нет конкретной типографии, нет правльных CTA кнопки....
[DEBUG] API ответ: {'model': 'llava:latest', 'created_at': '2026-04-05T13:21:53.8266554Z', 'message': {'role': 'assistant', 'content': ' Дизайн веб-сайта на фотографии выглядит ужасным и недоступным для пользователей с ограниченной visuálной способностью. Он содержит следующие проблемы:\n\nДИЗАЙН:\n1. Критика дизайна: шрифты маленькие и нечитаемые, устаревший цветový palet, недоступный конtrast, огромные блоки текста без отступов, скучный однообразный дизайн.\n2. Устаревание: этот дизайн выглядит как из 1990-х годов, нейтральные фоны, неясная иерарhiя, микроскопический текст.\n3. Недоступность: текст сливается с фоном, совсем не мобильный, нет кнопок действия.\n\nUX:\n1. Навигация: неintuitive, нет главного меню.\n2. Читаемость: удобно ли читать? Длинные строки текста.\n3. CTA: кнопки действия не видны и не понятно что делать при клике.\n4. Adaptivity: не adaptive, не замечается на телефоне читаем, нет обратной связи при клике. '}, 'done': True, 'done_reason': 'stop', 'total_duration': 16384345900, 'load_duration': 87549600, 'prompt_eval_count': 1994, 'prompt_eval_duration': 1512119400, 'eval_count': 360, 'eval_duration': 14500974500}
[DEBUG] Получен ответ: Дизайн веб-сайта на фотографии выглядит ужасным и недоступным для пользователей с ограниченной visuálной способностью. Он содержит следующие проблемы:

ДИЗАЙН:
1. Критика дизайна: шрифты маленькие и н
[DEBUG PARSE] Исходный ответ:
Дизайн веб-сайта на фотографии выглядит ужасным и недоступным для пользователей с ограниченной visuálной способностью. Он содержит следующие проблемы:

ДИЗАЙН:
1. Критика дизайна: шрифты маленькие и нечитаемые, устаревший цветový palet, недоступный конtrast, огромные блоки текста без отступов, скучный однообразный дизайн.
2. Устаревание: этот дизайн выглядит как из 1990-х годов, нейтральные фоны, неясная иерарhiя, микроскопический текст.
3. Недоступность: текст сливается с фоном, совсем не мобильный, нет кнопок действия.

UX:
1. Навигация: неintuitive, нет главного меню.
2. Читаемость: удобно ли читать? Длинные строки текста.
3. CTA: кнопки действия не видны и не понятно что делать при клике.
4. Adaptivity: не adaptive, не замечается на телефоне читаем, нет обратной связи при клике.

[DEBUG PARSE] Парсированные результаты:
  DESIGN: 5/10 - Дизайн веб-сайта на фотографии выглядит ужасным и недоступным для пользователей с ограниченной visuálной способностью. Он содержит следующие проблемы:...
  UX: 5/10 - 1. Навигация: неintuitive, нет главного меню.
2. Читаемость: удобно ли читать? Длинные строки текста.
3. CTA: кнопки действия не видны и не понятно чт...
[DEBUG] API ответ: {'model': 'llava:latest', 'created_at': '2026-04-05T13:22:27.165193Z', 'message': {'role': 'assistant', 'content': " Дизайн сайта выглядит совсем устаревший и неприемлемый для пользователей в 2024 году. Он содержит следующие проблемы:\n\nДИЗАЙН:\n1. Критика: Дизайн выглядит как из 2000-х годов, с устаревшими и неконтрастными цветами, минималистичным и неинformative дизайном, без ясной iерархии и навигации.\n2. Типография: Шрифты используются недостаточно крупно, что может быть трудно для пользователей слабым зрением читать текст.\n3. Контраст: Текst выглядит бедным и недостаточным для легкого чтения.\n4. Скучность: Дизайн не содержит инformative или микро интерации, которые могут привлечь пользователей and улучшить user experience.\n5. Адаптивность: Дизайн не appears to be адаптивный, что может быть проблемой для пользователей на различных devices.\n6. Навигация: Пользователь не может легко найти главное меню или выбрать действия.\n7. Иерархия: Дизайн не содержит ясную иерархию, что может быть проблемой for understanding the site's content.\n8. Светлость: Дизайн не содержит свежей или чистой интерфейс с ясной навигацией.\n9. Конкретность: Дизайн не содержит конкретную типографию (Montserrat, Inter, Roboto) и не использует их правильно.\n10. CTA кнопки: Кнопки действия не видны или не понятно что делать при клике.\n\nUX:\n1. Критика: Дизайн не содержит интуитивную навигацию и не понимаемое пользовательское действие, что может быть проблемой для пользователей.\n2. Чтение текста: Текст выглядит бедным и недостаточным for легкого чтения.\n3. Контраст: Дизайн не содержит достаточного контраста, что может быть проблемой для пользователей с laрgeй зрением.\n4. Адаптивность: Дизайн не appears to be адаптивный, что может быть проблемой for пользователи на различных devices.\n5. Навигация: Пользователь не может легко найти главное меню или выбрать действия.\n6. Иерархия: Дизайн не содержит ясную иерархию, что может быть проблемой for understanding the site's content.\n7. Светлость: Дизайн не содержит свежей или чистой интерfейс с ясной навигацией.\n8. Конкретность"}, 'done': True, 'done_reason': 'length', 'total_duration': 33324046200, 'load_duration': 32715400, 'prompt_eval_count': 1996, 'prompt_eval_duration': 1467770700, 'eval_count': 800, 'eval_duration': 31318446600}
[DEBUG] Получен ответ: Дизайн сайта выглядит совсем устаревший и неприемлемый для пользователей в 2024 году. Он содержит следующие проблемы:

ДИЗАЙН:
1. Критика: Дизайн выглядит как из 2000-х годов, с устаревшими и неконтра
[DEBUG PARSE] Исходный ответ:
Дизайн сайта выглядит совсем устаревший и неприемлемый для пользователей в 2024 году. Он содержит следующие проблемы:

ДИЗАЙН:
1. Критика: Дизайн выглядит как из 2000-х годов, с устаревшими и неконтрастными цветами, минималистичным и неинformative дизайном, без ясной iерархии и навигации.
2. Типография: Шрифты используются недостаточно крупно, что может быть трудно для пользователей слабым зрением читать текст.
3. Контраст: Текst выглядит бедным и недостаточным для легкого чтения.
4. Скучность: Дизайн не содержит инformative или микро интерации, которые могут привлечь пользователей and улучшить user experience.
5. Адаптивность: Дизайн не appears to be адаптивный, что может быть проблемой для пользователей на различных devices.
6. Навигация: Пользователь не может легко найти главное меню или выбрать действия.
7. Иерархия: Дизайн не содержит ясную иерархию, что может быть проблемой for understanding the site's content.
8. Светлость: Дизайн не содержит свежей или чистой интерфейс с ясной навигацией.
9. Конкретность: Дизайн не содержит конкретную типографию (Montserrat, Inter, Roboto) и не использует их правильно.
10. CTA кнопки: Кнопки действия не видны или не понятно что делать при клике.

UX:
1. Критика: Дизайн не содержит интуитивную навигацию и не понимаемое пользовательское действие, что может быть проблемой для пользователей.
2. Чтение текста: Текст выглядит бедным и недостаточным for легкого чтения.
3. Контраст: Дизайн не содержит достаточного контраста, что может быть проблемой для пользователей с laрgeй зрением.
4. Адаптивность: Дизайн не appears to be адаптивный, что может быть проблемой for пользователи на различных devices.
5. Навигация: Пользователь не может легко найти главное меню или выбрать действия.
6. Иерархия: Дизайн не содержит ясную иерархию, что может быть проблемой for understanding the site's content.
7. Светлость: Дизайн не содержит свежей или чистой интерfейс с ясной навигацией.
8. Конкретность

[DEBUG PARSE] Парсированные результаты:
  DESIGN: 5/10 - Дизайн сайта выглядит совсем устаревший и неприемлемый для пользователей в 2024 году. Он содержит следующие проблемы:
ДИЗАЙН:
1. Критика: Дизайн выгля...
  UX: 5/10 - 1. Критика: Дизайн не содержит интуитивную навигацию и не понимаемое пользовательское действие, что может быть проблемой для пользователей.
2. Чтение ...
[DEBUG] API ответ: {'model': 'llava:latest', 'created_at': '2026-04-05T13:22:38.071236Z', 'message': {'role': 'assistant', 'content': ' Дизайн сайта выглядит совсем устаревым и не приемлемым. Недостаточно ясный текст, мало контрастных цветов, неправильное использование пространства, недостаточная навигация иерархия, нет кнопок действия и минимальные интерактивные елементы. Дизайн не adapts to размерам экрана и не виден на телефоне. Не понятно что делать при клике на кнопки. Критика дизайна: 0/10 для дизайна и UX, т.к. это совсем устарелый и неприемлемый дизайн. Дизайн выглядит как из 2000-х годов и не соответствует стандартам дизайна от 2024 года. '}, 'done': True, 'done_reason': 'stop', 'total_duration': 10892059900, 'load_duration': 30710600, 'prompt_eval_count': 1995, 'prompt_eval_duration': 1486364500, 'eval_count': 230, 'eval_duration': 9163344400}
[DEBUG] Получен ответ: Дизайн сайта выглядит совсем устаревым и не приемлемым. Недостаточно ясный текст, мало контрастных цветов, неправильное использование пространства, недостаточная навигация иерархия, нет кнопок действи
[DEBUG PARSE] Исходный ответ:
Дизайн сайта выглядит совсем устаревым и не приемлемым. Недостаточно ясный текст, мало контрастных цветов, неправильное использование пространства, недостаточная навигация иерархия, нет кнопок действия и минимальные интерактивные елементы. Дизайн не adapts to размерам экрана и не виден на телефоне. Не понятно что делать при клике на кнопки. Критика дизайна: 0/10 для дизайна и UX, т.к. это совсем устарелый и неприемлемый дизайн. Дизайн выглядит как из 2000-х годов и не соответствует стандартам дизайна от 2024 года.

[DEBUG PARSE] Парсированные результаты:
  DESIGN: 5/10 - Дизайн сайта выглядит совсем устаревым и не приемлемым. Недостаточно ясный текст, мало контрастных цветов, неправильное использование пространства, не...
  UX: 5/10 - , т.к. это совсем устарелый и неприемлемый дизайн. Дизайн выглядит как из 2000-х годов и не соответствует стандартам дизайна от 2024 года....
[DEBUG] API ответ: {'model': 'llava:latest', 'created_at': '2026-04-05T13:22:49.1233395Z', 'message': {'role': 'assistant', 'content': " The image you've provided appears to be a screenshot of a webpage with a critique or review of a website design. It includes an assessment of the design elements and user experience (UX) based on criteria such as typography, color scheme, hierarchy, contrast, modernity, navigation, readability, adaptability, and interactivity. The critique is written in Russian, and it seems to be evaluating the design against contemporary standards for web design, which include a focus on minimalism, typographic clarity, responsive design, and user-friendly features.\n\nThe design of the screenshot itself has a clean and modern look, with a simple color palette and clear text. However, it's important to note that the critique is subjective, and different viewers might have different opinions on what constitutes good web design. The purpose of such critiques is to provide constructive feedback and suggestions for improvement, which can help designers refine their work and create more effective and user-friendly websites. "}, 'done': True, 'done_reason': 'stop', 'total_duration': 11010472800, 'load_duration': 34926700, 'prompt_eval_count': 1999, 'prompt_eval_duration': 1547463700, 'eval_count': 208, 'eval_duration': 9246412200}
[DEBUG] Получен ответ: The image you've provided appears to be a screenshot of a webpage with a critique or review of a website design. It includes an assessment of the design elements and user experience (UX) based on crit
[DEBUG PARSE] Исходный ответ:
The image you've provided appears to be a screenshot of a webpage with a critique or review of a website design. It includes an assessment of the design elements and user experience (UX) based on criteria such as typography, color scheme, hierarchy, contrast, modernity, navigation, readability, adaptability, and interactivity. The critique is written in Russian, and it seems to be evaluating the design against contemporary standards for web design, which include a focus on minimalism, typographic clarity, responsive design, and user-friendly features.

The design of the screenshot itself has a clean and modern look, with a simple color palette and clear text. However, it's important to note that the critique is subjective, and different viewers might have different opinions on what constitutes good web design. The purpose of such critiques is to provide constructive feedback and suggestions for improvement, which can help designers refine their work and create more effective and user-friendly websites.

[DEBUG PARSE] Парсированные результаты:
  DESIGN: 5/10 - . It includes an assessment of the design elements and user experience (UX) based on criteria such as typography, color scheme, hierarchy, contrast, m...
  UX: 5/10 - ) based on criteria such as typography, color scheme, hierarchy, contrast, modernity, navigation, readability, adaptability, and interactivity. The cr...
[DEBUG] API ответ: {'model': 'llava:latest', 'created_at': '2026-04-05T13:22:56.4895163Z', 'message': {'role': 'assistant', 'content': ' Критик веб-дизайна с 15+ летним опытом не может дать ответ на этот сайт, т.к. он не имеет доступа к интернету и не может видеть сайт. Если вы хотите получить ответ на дизайн этого сайта, пожалуйста, предоставьте ссылку или другие informации для того чтобы я мог провести оценку. '}, 'done': True, 'done_reason': 'stop', 'total_duration': 7327667400, 'load_duration': 75290200, 'prompt_eval_count': 1999, 'prompt_eval_duration': 1626404700, 'eval_count': 116, 'eval_duration': 5448273600}
[DEBUG] Получен ответ: Критик веб-дизайна с 15+ летним опытом не может дать ответ на этот сайт, т.к. он не имеет доступа к интернету и не может видеть сайт. Если вы хотите получить ответ на дизайн этого сайта, пожалуйста, п
[DEBUG PARSE] Исходный ответ:
Критик веб-дизайна с 15+ летним опытом не может дать ответ на этот сайт, т.к. он не имеет доступа к интернету и не может видеть сайт. Если вы хотите получить ответ на дизайн этого сайта, пожалуйста, предоставьте ссылку или другие informации для того чтобы я мог провести оценку.

[DEBUG PARSE] Парсированные результаты:
  DESIGN: 5/10 - Критик веб-дизайна с 15+ летним опытом не может дать ответ на этот сайт, т.к. он не имеет доступа к интернету и не может видеть сайт. Если вы хотите п...
  UX: 5/10 - Критик веб-дизайна с 15+ летним опытом не может дать ответ на этот сайт, т.к. он не имеет доступа к интернету и не может видеть сайт. Если вы хотите п...
[DEBUG] API ответ: {'model': 'llava:latest', 'created_at': '2026-04-05T13:23:09.686118Z', 'message': {'role': 'assistant', 'content': ' Критик дизайна:\nДИЗАЙН: 3/10\nПлюсы: чистый, минималистичный.\nМинусы: очень устаревший дизайн 2000х годов, микроскопический шрифт 12px, ужасный контраст, нет иерархии.\nUX: 2/10\nПлюсы: быстро загружается.\nМинусы: непонятная навигация, нет кнопок действия, текst сливается с фоном, совсем не мобильный.\n\n🔥 ГЛАВНОЕ: Если дизайн выглядит плохо или устаревший — ГОВОРИ ЧТО ВЫГЛЯДИТ ПЛОХО!\nДавай честные оценки! Не льсти посредственности! Если плохо - ставь 0-5 баллов! '}, 'done': True, 'done_reason': 'stop', 'total_duration': 13186632500, 'load_duration': 39256100, 'prompt_eval_count': 1998, 'prompt_eval_duration': 1535980500, 'eval_count': 251, 'eval_duration': 11383425700}
[DEBUG] Получен ответ: Критик дизайна:
ДИЗАЙН: 3/10
Плюсы: чистый, минималистичный.
Минусы: очень устаревший дизайн 2000х годов, микроскопический шрифт 12px, ужасный контраст, нет иерархии.
UX: 2/10
Плюсы: быстро загружаетс
[DEBUG PARSE] Исходный ответ:
Критик дизайна:
ДИЗАЙН: 3/10
Плюсы: чистый, минималистичный.
Минусы: очень устаревший дизайн 2000х годов, микроскопический шрифт 12px, ужасный контраст, нет иерархии.
UX: 2/10
Плюсы: быстро загружается.
Минусы: непонятная навигация, нет кнопок действия, текst сливается с фоном, совсем не мобильный.

🔥 ГЛАВНОЕ: Если дизайн выглядит плохо или устаревший — ГОВОРИ ЧТО ВЫГЛЯДИТ ПЛОХО!
Давай честные оценки! Не льсти посредственности! Если плохо - ставь 0-5 баллов!

[DEBUG PARSE] Парсированные результаты:
  DESIGN: 5/10 - Критик дизайна:
ДИЗАЙН: 3/10
Плюсы: чистый, минималистичный.
Минусы: очень устаревший дизайн 2000х годов, микроскопический шрифт 12px, ужасный контрас...
  UX: 2/10 - Плюсы: быстро загружается.
Минусы: непонятная навигация, нет кнопок действия, текst сливается с фоном, совсем не мобильный.

🔥 ГЛАВНОЕ: Если дизайн вы...
[DEBUG] API ответ: {'model': 'llava:latest', 'created_at': '2026-04-05T13:23:17.9888847Z', 'message': {'role': 'assistant', 'content': ' Критик дизайна:\nДИЗАЙН: 3/10\nПлюсы: чистый, минималистичный.\nМинусы: очень устаревший дизайн 2000х годов, микроскопический шрифт 12px, ужасный контраст, нет иерархии.\nUX: 2/10\nПлюсы: быстро загружается.\nМинусы: непонятная навигация, нет кнопок действия, текst сливается с фоном, совсем не мобильный. '}, 'done': True, 'done_reason': 'stop', 'total_duration': 8269848700, 'load_duration': 30506300, 'prompt_eval_count': 1993, 'prompt_eval_duration': 1530045500, 'eval_count': 163, 'eval_duration': 6566033600}
[DEBUG] Получен ответ: Критик дизайна:
ДИЗАЙН: 3/10
Плюсы: чистый, минималистичный.
Минусы: очень устаревший дизайн 2000х годов, микроскопический шрифт 12px, ужасный контраст, нет иерархии.
UX: 2/10
Плюсы: быстро загружаетс
[DEBUG PARSE] Исходный ответ:
Критик дизайна:
ДИЗАЙН: 3/10
Плюсы: чистый, минималистичный.
Минусы: очень устаревший дизайн 2000х годов, микроскопический шрифт 12px, ужасный контраст, нет иерархии.
UX: 2/10
Плюсы: быстро загружается.
Минусы: непонятная навигация, нет кнопок действия, текst сливается с фоном, совсем не мобильный.

[DEBUG PARSE] Парсированные результаты:
  DESIGN: 5/10 - Критик дизайна:
ДИЗАЙН: 3/10
Плюсы: чистый, минималистичный.
Минусы: очень устаревший дизайн 2000х годов, микроскопический шрифт 12px, ужасный контрас...
  UX: 2/10 - Плюсы: быстро загружается.
Минусы: непонятная навигация, нет кнопок действия, текst сливается с фоном, совсем не мобильный....
[DEBUG] API ответ: {'model': 'llava:latest', 'created_at': '2026-04-05T13:23:52.8800712Z', 'message': {'role': 'assistant', 'content': ' Дизайн сайта выглядит весьма устаревший и не приемлемый для современных стандартов дизайна. Появляется следующие минусы:\n\n1. Дизайн выглядит как из 2000-х годов, с использованием кнопок и интерfeйса, которые не соответствуют современным стандартам дизайна.\n2. Шрифты используются размером от 14 до 16 пикселов, что может быть трудно читаемыми для some users.\n3. Цвета сайta не конtrast well с фоном, making it difficult to read the text.\n4. Иерархия текста не ясна и не позволяет быстро понять что важное или что нет.\n5. Дизайн не адаптивный, не может быть viewed on different devices or screen sizes.\n6. Навигация не интуitive and не immediately apparent.\n7. Кнопки действия не видны и не понятно что делать при клике на них.\n8. Дизайн не соответствует современным стандартам доступности, не имеет ясной навигации и не может быть прочее для пользователей с ограниченными возможностями.\n9. Дизайн не имеет микроинтераções, таких как плавные переходы или яркие кнопки действия.\n10. Не соответствует современным стандартам дизайна для удобного читания, сливается текст с фоном и не имеет микроелементов.\n\nОценка дизайна: 2/10. Дизайн выглядит весьма устаревший и не приемлемый для современных стандартов дизайна. Не соответствует современным стандартам доступности, не имеет ясной навигации и не может быть прочее для пользователей с ограниченными возможностями. Дизайн не имеет микроinтераções, таких как плавные переходы или яркие кнопки действия. Не соответствует современным стандартам дизайна для удобного читания, сливается текст с фоном и не имеет микроeлементов.\nОценка UX: 2/10. Дизайн выглядит весьма устаревший и не приемлемый for современных стандартов дизайна. Не соответствует современным стандартам доступности, не имеет ясной навигации и не может быть прочее для пользователей с ограниченными возможностями. Дизайн не имеет миcroinтераções, таких как плавные переходы или яркие кнопки действия. Не соответствует современным стандартам дизайна для удобного читания, сливается текст с фоном и не имеет микроeлементов. '}, 'done': True, 'done_reason': 'stop', 'total_duration': 34879737400, 'load_duration': 31932900, 'prompt_eval_count': 2032, 'prompt_eval_duration': 1580818800, 'eval_count': 786, 'eval_duration': 32876811000}
[DEBUG] Получен ответ: Дизайн сайта выглядит весьма устаревший и не приемлемый для современных стандартов дизайна. Появляется следующие минусы:

1. Дизайн выглядит как из 2000-х годов, с использованием кнопок и интерfeйса, 
[DEBUG PARSE] Исходный ответ:
Дизайн сайта выглядит весьма устаревший и не приемлемый для современных стандартов дизайна. Появляется следующие минусы:

1. Дизайн выглядит как из 2000-х годов, с использованием кнопок и интерfeйса, которые не соответствуют современным стандартам дизайна.
2. Шрифты используются размером от 14 до 16 пикселов, что может быть трудно читаемыми для some users.
3. Цвета сайta не конtrast well с фоном, making it difficult to read the text.
4. Иерархия текста не ясна и не позволяет быстро понять что важное или что нет.
5. Дизайн не адаптивный, не может быть viewed on different devices or screen sizes.
6. Навигация не интуitive and не immediately apparent.
7. Кнопки действия не видны и не понятно что делать при клике на них.
8. Дизайн не соответствует современным стандартам доступности, не имеет ясной навигации и не может быть прочее для пользователей с ограниченными возможностями.
9. Дизайн не имеет микроинтераções, таких как плавные переходы или яркие кнопки действия.
10. Не соответствует современным стандартам дизайна для удобного читания, сливается текст с фоном и не имеет микроелементов.

Оценка дизайна: 2/10. Дизайн выглядит весьма устаревший и не приемлемый для современных стандартов дизайна. Не соответствует современным стандартам доступности, не имеет ясной навигации и не может быть прочее для пользователей с ограниченными возможностями. Дизайн не имеет микроinтераções, таких как плавные переходы или яркие кнопки действия. Не соответствует современным стандартам дизайна для удобного читания, сливается текст с фоном и не имеет микроeлементов.
Оценка UX: 2/10. Дизайн выглядит весьма устаревший и не приемлемый for современных стандартов дизайна. Не соответствует современным стандартам доступности, не имеет ясной навигации и не может быть прочее для пользователей с ограниченными возможностями. Дизайн не имеет миcroinтераções, таких как плавные переходы или яркие кнопки действия. Не соответствует современным стандартам дизайна для удобного читания, сливается текст с фоном и не имеет микроeлементов.

[DEBUG PARSE] Парсированные результаты:
  DESIGN: 5/10 - Дизайн сайта выглядит весьма устаревший и не приемлемый для современных стандартов дизайна. Появляется следующие минусы:
1. Дизайн выглядит как из 200...
  UX: 2/10 - . Дизайн выглядит весьма устаревший и не приемлемый for современных стандартов дизайна. Не соответствует современным стандартам доступности, не имеет ...
[DEBUG process_city] Всего результатов: 60
[DEBUG process_city] Валидных для сохранения: 56
[DEBUG process_city] [0] pravo.gov.ru | design='Дизайн выглядит ужасный и недоступный. К...' | пропущен=False
[DEBUG process_city] [1] gossluzhba.mosreg.ru | design='Конечно, я не могу дать конкретные оценк...' | пропущен=False
[DEBUG process_city] [2] uslugi.mosreg.ru | design='Дизайн сайта на скриншоте выглядит как и...' | пропущен=False
[DEBUG process_city] [3] mos.ru | design='Дизайн сайта выглядит довольно устаревым...' | пропущен=False
[DEBUG process_city] [4] google.com | design='Здравствуйте, я не могу проверить дизайн...' | пропущен=False
[DEBUG process_city] [5] cooking-guide.com | design='Дизайн сайта выглядит неудачно и устарев...' | пропущен=False
[DEBUG process_city] [6] filatovmos.ru | design='ДИЗАЙН: 3/10 Плюсы: чистый, минималистич...' | пропущен=False
[DEBUG process_city] [7] tadviser.ru | design='ДИЗАЙН: 3/10
Плюсы: минималистичный диза...' | пропущен=False
[DEBUG process_city] [8] rostokino.info | design='Дизайн сайта выглядит довольно устаревым...' | пропущен=False
[DEBUG process_city] [9] investmoscow.ru | design='Критик веб дизайна с 15+ летним опытом г...' | пропущен=False
[DEBUG process_city] [10] vdnh.ru | design='Критик дизайна:
ДИЗАЙН: 2/10
Плюсы: мини...' | пропущен=False
[DEBUG process_city] [11] mo-scherbinka.ru | design='Критик дизайна:
ДИЗАЙН: 3/10
Плюсы: мини...' | пропущен=False
[DEBUG process_city] [12] mc.msu.ru | design='Дизайн сайта выглядит совсем устаревым и...' | пропущен=False
[DEBUG process_city] [13] rusprofile.ru | design='Для дизайна на скриншоте, который выгляд...' | пропущен=False
[DEBUG process_city] [14] audit-it.ru | design='Пропущено: недоступен...' | пропущен=True
[DEBUG process_city] [15] minzdrav.gov.ru | design='Пропущено: недоступен...' | пропущен=True
[DEBUG process_city] [16] healthright.ru | design='Дизайн сайта не выглядит как современный...' | пропущен=False
[DEBUG process_city] [17] mosgorzdrav.ru | design='Для дизайна сайта, который вы видите на ...' | пропущен=False
[DEBUG process_city] [18] zhgkb.ru | design='Критик дизайна:
ДИЗАЙН: 3/10
Плюсы: чист...' | пропущен=False
[DEBUG process_city] [19] napopravku.ru | design='Дизайн сайта заблокирован, не могу его о...' | пропущен=False
[DEBUG process_city] [20] doctu.ru | design='Дизайн сайта выглядит совсем ужасный и н...' | пропущен=False
[DEBUG process_city] [21] hse.ru | design='Дизайн сайта выглядит совсем устаревым и...' | пропущен=False
[DEBUG process_city] [22] mai.ru | design='Для дизайна на фото, который выглядит ка...' | пропущен=False
[DEBUG process_city] [23] misis.ru | design='ДИЗАЙН: 7/10
Плюсы: минималистичный диза...' | пропущен=False
[DEBUG process_city] [24] vumo.mil.ru | design='Дизайн выглядит совсем ужасный и непонят...' | пропущен=False
127.0.0.1 - - [05/Apr/2026 16:24:13] "GET /dashboard HTTP/1.1" 200 -
127.0.0.1 - - [05/Apr/2026 16:24:13] "GET /socket.io/?EIO=4&transport=websocket&sid=tgI4XHOLn5OExA37AAAI HTTP/1.1" 200 -
127.0.0.1 - - [05/Apr/2026 16:24:13] "GET /static/themes.css HTTP/1.1" 304 -
127.0.0.1 - - [05/Apr/2026 16:24:13] "GET /socket.io/?EIO=4&transport=polling&t=PrTqBjg HTTP/1.1" 200 -
127.0.0.1 - - [05/Apr/2026 16:24:13] "GET /api/translations/ru HTTP/1.1" 200 -
127.0.0.1 - - [05/Apr/2026 16:24:13] "GET /socket.io/?EIO=4&transport=polling&t=PrTqBk4&sid=2gXEFTF-dvKDyyn-AAAK HTTP/1.1" 200 -
127.0.0.1 - - [05/Apr/2026 16:24:13] "POST /socket.io/?EIO=4&transport=polling&t=PrTqBk2&sid=2gXEFTF-dvKDyyn-AAAK HTTP/1.1" 200 -
127.0.0.1 - - [05/Apr/2026 16:24:13] "GET /socket.io/?EIO=4&transport=polling&t=PrTqBls&sid=2gXEFTF-dvKDyyn-AAAK HTTP/1.1" 200 -
127.0.0.1 - - [05/Apr/2026 16:24:13] "GET /socket.io/?EIO=4&transport=polling&t=PrTqBm3&sid=2gXEFTF-dvKDyyn-AAAK HTTP/1.1" 200 -
127.0.0.1 - - [05/Apr/2026 16:24:13] "GET /api/examples HTTP/1.1" 200 -
127.0.0.1 - - [05/Apr/2026 16:24:13] "GET /api/models HTTP/1.1" 200 -
[DEBUG process_city] [25] fa.ru | design='Дизайн сайта выглядит совсем ужасный и н...' | пропущен=False
[DEBUG process_city] [26] vuzopedia.ru | design='Критик дизайна:
Дизайн сайта выглядит уж...' | пропущен=False
[DEBUG process_city] [27] guu.ru | design='Критика дизайна:
ДИЗАЙН: 3/10
Плюсы: мин...' | пропущен=False
[DEBUG process_city] [28] rgsu.net | design='Дизайн сайта выглядит совсем устаревший ...' | пропущен=False
[DEBUG process_city] [29] rsuh.ru | design='Дизайн сайта выглядит устаревшим и недос...' | пропущен=False
[DEBUG process_city] [30] vc.ru | design='Конечно, я не могу выполнить задачу и оц...' | пропущен=False
[DEBUG process_city] [31] digitalstrategy.ru | design='Я не могу помочь с этой задачей, посколь...' | пропущен=False
[DEBUG process_city] [32] amdg.ru | design='principles.
8. Кнопки действия не видны ...' | пропущен=False
[DEBUG process_city] [33] iseo.ru | design='Дизайн сайта содержит следующие проблемы...' | пропущен=False
[DEBUG process_city] [34] avigroup.pro | design='Критик дизайна:
Дизайн выглядит ужасный ...' | пропущен=False
[DEBUG process_city] [35] seo.ru | design='Критикую сайт с удовольствием могу продо...' | пропущен=False
[DEBUG process_city] [36] dtf.ru | design='ДИЗАЙН: 1/10
Плюсы: минималистичный диза...' | пропущен=False
[DEBUG process_city] [37] bfd.su | design='Дизайн выглядит как на скриншоте, которы...' | пропущен=False
[DEBUG process_city] [38] ontape-design.ru | design='Критик дизайна:
ДИЗАЙН: 3/10
Плюсы: чист...' | пропущен=False
[DEBUG process_city] [39] baliot.ru | design='Дизайн сайта выглядит как будто он был с...' | пропущен=False
[DEBUG process_city] [40] buhprocons.ru | design='Пропущено: недоступен...' | пропущен=True
[DEBUG process_city] [41] radio-puls.ru | design='Критик дизайна, я могу вам помочь с оцен...' | пропущен=False
[DEBUG process_city] [42] scmconsult.ru | design='показывается как недоступный на разных у...' | пропущен=False
[DEBUG process_city] [43] uslugi.yandex.ru | design='Критик веб дизайна с 15+ летним опытом, ...' | пропущен=False
[DEBUG process_city] [44] businesconsult.ru | design='Критик дизайна:
ДИЗАЙН: 3/10
Плюсы: чист...' | пропущен=False
[DEBUG process_city] [45] ncpo.ru | design='ДИЗАЙН:
1. Типография: Шрифты выглядят с...' | пропущен=False
[DEBUG process_city] [46] mascom-uc.ru | design='Дизайн сайта выглядит совсем устаревший ...' | пропущен=False
[DEBUG process_city] [47] centrfenix.ru | design='Критик дизайна:
DИЗАЙН: 3/10
Плюсы: чист...' | пропущен=False
[DEBUG process_city] [48] trendfox.ru | design='Дизайн сайта выглядит совсем ужасный и н...' | пропущен=False
[DEBUG process_city] [49] redline-pr.ru | design='Дизайн выглядит как какой-то рекламный с...' | пропущен=False
[DEBUG process_city] [50] greative.pro | design='ДИЗАЙН: 0/10 Плюсы: нет. Минусы: нет. Уж...' | пропущен=False
[DEBUG process_city] [51] ils-school.com | design='Дизайн веб-сайта на фотографии выглядит ...' | пропущен=False
[DEBUG process_city] [52] divelang.ru | design='Дизайн сайта выглядит совсем устаревший ...' | пропущен=False
[DEBUG process_city] [53] alladaschool.ru | design='Дизайн сайта выглядит совсем устаревым и...' | пропущен=False
[DEBUG process_city] [54] kursly.ru | design='. It includes an assessment of the desig...' | пропущен=False
[DEBUG process_city] [55] msk.top-academy.ru | design='Пропущено: недоступен...' | пропущен=True
[DEBUG process_city] [56] specialist.ru | design='Критик веб-дизайна с 15+ летним опытом н...' | пропущен=False
[DEBUG process_city] [57] школа-цпм.рф | design='Критик дизайна:
ДИЗАЙН: 3/10
Плюсы: чист...' | пропущен=False
[DEBUG process_city] [58] aktem.ru | design='Критик дизайна:
ДИЗАЙН: 3/10
Плюсы: чист...' | пропущен=False
[DEBUG process_city] [59] markakachestva.ru | design='Дизайн сайта выглядит весьма устаревший ...' | пропущен=False
[DEBUG db_save] Попытка сохранить 56 результатов для города 'Москва'
[DEBUG db_save] 🔴 Сохранён: pravo.gov.ru [Дизайн: 5/10, UX: 0/10] - НУЖНА ПЕРЕДЕЛКА!
[DEBUG db_save] 🟠 Сохранён: gossluzhba.mosreg.ru [Дизайн: 5/10, UX: 5/10] - НУЖНА ПЕРЕДЕЛКА!
[DEBUG db_save] 🟠 Сохранён: uslugi.mosreg.ru [Дизайн: 5/10, UX: 5/10] - НУЖНА ПЕРЕДЕЛКА!
[DEBUG db_save] 🔴 Сохранён: mos.ru [Дизайн: 5/10, UX: 2/10] - НУЖНА ПЕРЕДЕЛКА!
[DEBUG db_save] 🟠 Сохранён: google.com [Дизайн: 5/10, UX: 8/10] - НУЖНА ПЕРЕДЕЛКА!
[DEBUG db_save] 🔴 Сохранён: cooking-guide.com [Дизайн: 5/10, UX: 2/10] - НУЖНА ПЕРЕДЕЛКА!
[DEBUG db_save] 🔴 Сохранён: filatovmos.ru [Дизайн: 5/10, UX: 2/10] - НУЖНА ПЕРЕДЕЛКА!
[DEBUG db_save] 🔴 Сохранён: tadviser.ru [Дизайн: 5/10, UX: 2/10] - НУЖНА ПЕРЕДЕЛКА!
[DEBUG db_save] 🔴 Сохранён: rostokino.info [Дизайн: 5/10, UX: 3/10] - НУЖНА ПЕРЕДЕЛКА!
[DEBUG db_save] 🔴 Сохранён: investmoscow.ru [Дизайн: 5/10, UX: 2/10] - НУЖНА ПЕРЕДЕЛКА!
[DEBUG db_save] 🔴 Сохранён: vdnh.ru [Дизайн: 5/10, UX: 3/10] - НУЖНА ПЕРЕДЕЛКА!
[DEBUG db_save] 🔴 Сохранён: mo-scherbinka.ru [Дизайн: 5/10, UX: 2/10] - НУЖНА ПЕРЕДЕЛКА!
[DEBUG db_save] 🟠 Сохранён: mc.msu.ru [Дизайн: 5/10, UX: 5/10] - НУЖНА ПЕРЕДЕЛКА!
[DEBUG db_save] 🔴 Сохранён: rusprofile.ru [Дизайн: 5/10, UX: 3/10] - НУЖНА ПЕРЕДЕЛКА!
[DEBUG db_save] 🟠 Сохранён: healthright.ru [Дизайн: 5/10, UX: 5/10] - НУЖНА ПЕРЕДЕЛКА!
[DEBUG db_save] 🔴 Сохранён: mosgorzdrav.ru [Дизайн: 5/10, UX: 2/10] - НУЖНА ПЕРЕДЕЛКА!
[DEBUG db_save] 🔴 Сохранён: zhgkb.ru [Дизайн: 5/10, UX: 2/10] - НУЖНА ПЕРЕДЕЛКА!
[DEBUG db_save] 🟠 Сохранён: napopravku.ru [Дизайн: 5/10, UX: 5/10] - НУЖНА ПЕРЕДЕЛКА!
[DEBUG db_save] 🟠 Сохранён: doctu.ru [Дизайн: 5/10, UX: 5/10] - НУЖНА ПЕРЕДЕЛКА!
[DEBUG db_save] 🟠 Сохранён: hse.ru [Дизайн: 5/10, UX: 5/10] - НУЖНА ПЕРЕДЕЛКА!
[DEBUG db_save] 🔴 Сохранён: mai.ru [Дизайн: 5/10, UX: 3/10] - НУЖНА ПЕРЕДЕЛКА!
[DEBUG db_save] 🟠 Сохранён: misis.ru [Дизайн: 5/10, UX: 6/10] - НУЖНА ПЕРЕДЕЛКА!
[DEBUG db_save] 🟠 Сохранён: vumo.mil.ru [Дизайн: 5/10, UX: 5/10] - НУЖНА ПЕРЕДЕЛКА!
[DEBUG db_save] 🟠 Сохранён: fa.ru [Дизайн: 5/10, UX: 5/10] - НУЖНА ПЕРЕДЕЛКА!
[DEBUG db_save] 🔴 Сохранён: vuzopedia.ru [Дизайн: 5/10, UX: 2/10] - НУЖНА ПЕРЕДЕЛКА!
[DEBUG db_save] 🔴 Сохранён: guu.ru [Дизайн: 5/10, UX: 2/10] - НУЖНА ПЕРЕДЕЛКА!
[DEBUG db_save] 🟠 Сохранён: rgsu.net [Дизайн: 5/10, UX: 5/10] - НУЖНА ПЕРЕДЕЛКА!
[DEBUG db_save] 🟠 Сохранён: rsuh.ru [Дизайн: 5/10, UX: 5/10] - НУЖНА ПЕРЕДЕЛКА!
[DEBUG db_save] 🟠 Сохранён: vc.ru [Дизайн: 5/10, UX: 5/10] - НУЖНА ПЕРЕДЕЛКА!
[DEBUG db_save] 🔴 Сохранён: digitalstrategy.ru [Дизайн: 5/10, UX: 3/10] - НУЖНА ПЕРЕДЕЛКА!
[DEBUG db_save] 🟠 Сохранён: amdg.ru [Дизайн: 5/10, UX: 5/10] - НУЖНА ПЕРЕДЕЛКА!
[DEBUG db_save] 🟠 Сохранён: iseo.ru [Дизайн: 5/10, UX: 5/10] - НУЖНА ПЕРЕДЕЛКА!
[DEBUG db_save] 🔴 Сохранён: avigroup.pro [Дизайн: 5/10, UX: 0/10] - НУЖНА ПЕРЕДЕЛКА!
[DEBUG db_save] 🟠 Сохранён: seo.ru [Дизайн: 5/10, UX: 5/10] - НУЖНА ПЕРЕДЕЛКА!
[DEBUG db_save] 🔴 Сохранён: dtf.ru [Дизайн: 5/10, UX: 2/10] - НУЖНА ПЕРЕДЕЛКА!
[DEBUG db_save] 🟠 Сохранён: bfd.su [Дизайн: 5/10, UX: 5/10] - НУЖНА ПЕРЕДЕЛКА!
[DEBUG db_save] 🔴 Сохранён: ontape-design.ru [Дизайн: 5/10, UX: 2/10] - НУЖНА ПЕРЕДЕЛКА!
[DEBUG db_save] 🟠 Сохранён: baliot.ru [Дизайн: 5/10, UX: 5/10] - НУЖНА ПЕРЕДЕЛКА!
[DEBUG db_save] 🔴 Сохранён: radio-puls.ru [Дизайн: 5/10, UX: 3/10] - НУЖНА ПЕРЕДЕЛКА!
[DEBUG db_save] 🔴 Сохранён: scmconsult.ru [Дизайн: 5/10, UX: 2/10] - НУЖНА ПЕРЕДЕЛКА!
[DEBUG db_save] 🔴 Сохранён: uslugi.yandex.ru [Дизайн: 5/10, UX: 2/10] - НУЖНА ПЕРЕДЕЛКА!
[DEBUG db_save] 🔴 Сохранён: businesconsult.ru [Дизайн: 5/10, UX: 2/10] - НУЖНА ПЕРЕДЕЛКА!
[DEBUG db_save] 🔴 Сохранён: ncpo.ru [Дизайн: 5/10, UX: 3/10] - НУЖНА ПЕРЕДЕЛКА!
[DEBUG db_save] 🔴 Сохранён: mascom-uc.ru [Дизайн: 5/10, UX: 3/10] - НУЖНА ПЕРЕДЕЛКА!
[DEBUG db_save] 🔴 Сохранён: centrfenix.ru [Дизайн: 5/10, UX: 2/10] - НУЖНА ПЕРЕДЕЛКА!
[DEBUG db_save] 🔴 Сохранён: trendfox.ru [Дизайн: 5/10, UX: 0/10] - НУЖНА ПЕРЕДЕЛКА!
[DEBUG db_save] 🔴 Сохранён: redline-pr.ru [Дизайн: 5/10, UX: 0/10] - НУЖНА ПЕРЕДЕЛКА!
[DEBUG db_save] 🔴 Сохранён: greative.pro [Дизайн: 5/10, UX: 0/10] - НУЖНА ПЕРЕДЕЛКА!
[DEBUG db_save] 🟠 Сохранён: ils-school.com [Дизайн: 5/10, UX: 5/10] - НУЖНА ПЕРЕДЕЛКА!
[DEBUG db_save] 🟠 Сохранён: divelang.ru [Дизайн: 5/10, UX: 5/10] - НУЖНА ПЕРЕДЕЛКА!
[DEBUG db_save] 🟠 Сохранён: alladaschool.ru [Дизайн: 5/10, UX: 5/10] - НУЖНА ПЕРЕДЕЛКА!
[DEBUG db_save] 🟠 Сохранён: kursly.ru [Дизайн: 5/10, UX: 5/10] - НУЖНА ПЕРЕДЕЛКА!
[DEBUG db_save] 🟠 Сохранён: specialist.ru [Дизайн: 5/10, UX: 5/10] - НУЖНА ПЕРЕДЕЛКА!
[DEBUG db_save] 🔴 Сохранён: школа-цпм.рф [Дизайн: 5/10, UX: 2/10] - НУЖНА ПЕРЕДЕЛКА!
[DEBUG db_save] 🔴 Сохранён: aktem.ru [Дизайн: 5/10, UX: 2/10] - НУЖНА ПЕРЕДЕЛКА!
[DEBUG db_save] 🔴 Сохранён: markakachestva.ru [Дизайн: 5/10, UX: 2/10] - НУЖНА ПЕРЕДЕЛКА!
[DEBUG db_save] Итого для города 'Москва': сохранено 56 (нуждаются в переделке) | пропущено 0 (уже хороший дизайн)
[OK] Отправлены модели клиенту: ['qwen2.5-coder:7b', 'llava:latest', 'qwen3-vl:latest']
[DEBUG] API ответ: {'model': 'llava:latest', 'created_at': '2026-04-05T13:28:34.7301813Z', 'message': {'role': 'assistant', 'content': ' Конечно, я не могу просто "оценить" дизайн на фото, но я могу дать вам некоторые пожелания и рекомендации для улучшения дизайна на фото.\n\nДля начала, дизайн на фото выглядит довольно скучен и не имеет особого интереса. Цветовая палитра есть, но она может быть улучшена. Она не есть контрастна enough, что can be improved by adding more contrasting colors or using a darker background to make the text stand out more.\n\nТипография на фото используется сливается с фоном и может быть улучшена by increasing the font size for the main text and ensuring that it is easy to read. The use of a sans-serif font can also help with legibility.\n\nКритика дизайна на фото не имеет ясной иерархию, что выглядит как попытка использовать микро интерации. Однако, это может быть улучшено by adding more contrasting colors or using a darker background to make the text stand out more.\n\nДля улучшения UX дизайна на фото, я бы порекомендовал следующее:\n\n1. Навигация может быть улучшена by making it more intuitive and placing main menu items in a more prominent location.\n2. Читаемoсть может be improved by using larger font sizes for the main text, ensuring that it is easy to read, and avoiding long paragraphs.\n3. Кнопки действия могут быть улучшена by making them more visually prominent and providing clear instructions on what they do.\n4. Дизайн может быть made more adaptive by ensuring that it looks good on all devices, including mobile phones.\n5. Обратная связь при клике может быть улучшена by adding a call-to-action button or link that is clearly visible and provides clear instructions for what to do next.\n\nНадеюсь, это поможет вам в улучшении дизайна на фото! '}, 'done': True, 'done_reason': 'stop', 'total_duration': 22126020200, 'load_duration': 35853100, 'prompt_eval_count': 1993, 'prompt_eval_duration': 1363427300, 'eval_count': 533, 'eval_duration': 20237403500}
[DEBUG] Получен ответ: Конечно, я не могу просто "оценить" дизайн на фото, но я могу дать вам некоторые пожелания и рекомендации для улучшения дизайна на фото.

Для начала, дизайн на фото выглядит довольно скучен и не имеет
[DEBUG PARSE] Исходный ответ:
Конечно, я не могу просто "оценить" дизайн на фото, но я могу дать вам некоторые пожелания и рекомендации для улучшения дизайна на фото.

Для начала, дизайн на фото выглядит довольно скучен и не имеет особого интереса. Цветовая палитра есть, но она может быть улучшена. Она не есть контрастна enough, что can be improved by adding more contrasting colors or using a darker background to make the text stand out more.

Типография на фото используется сливается с фоном и может быть улучшена by increasing the font size for the main text and ensuring that it is easy to read. The use of a sans-serif font can also help with legibility.

Критика дизайна на фото не имеет ясной иерархию, что выглядит как попытка использовать микро интерации. Однако, это может быть улучшено by adding more contrasting colors or using a darker background to make the text stand out more.

Для улучшения UX дизайна на фото, я бы порекомендовал следующее:

1. Навигация может быть улучшена by making it more intuitive and placing main menu items in a more prominent location.
2. Читаемoсть может be improved by using larger font sizes for the main text, ensuring that it is easy to read, and avoiding long paragraphs.
3. Кнопки действия могут быть улучшена by making them more visually prominent and providing clear instructions on what they do.
4. Дизайн может быть made more adaptive by ensuring that it looks good on all devices, including mobile phones.
5. Обратная связь при клике может быть улучшена by adding a call-to-action button or link that is clearly visible and provides clear instructions for what to do next.

Надеюсь, это поможет вам в улучшении дизайна на фото!

[DEBUG PARSE] Парсированные результаты:
  DESIGN: 5/10 - Конечно, я не могу просто "оценить" дизайн на фото, но я могу дать вам некоторые пожелания и рекомендации для улучшения дизайна на фото.
Для начала, д...
  UX: 5/10 - дизайна на фото, я бы порекомендовал следующее:

1. Навигация может быть улучшена by making it more intuitive and placing main menu items in a more pr...
[DEBUG] API ответ: {'model': 'llava:latest', 'created_at': '2026-04-05T13:28:52.7993898Z', 'message': {'role': 'assistant', 'content': ' Дизайн сайта выглядит как содержание из 2000-х годов, не имеет современных элементов и не использует микро интерации. Критика:\n\nДИЗАЙН:\n1. Типография: шрифты маленькие и не legible на мобильном устройстве; нет ясной иерархии.\n2. Колор: палитра выглядит устарева, не использует современные цвета и конtrast.\n3. Иeрархия: нет ясной иерархии, главное не видно на первый взгляad.\n4. Конtrast: текст сливается с фоном, нет достаточного конtrasta.\n5. Современность: дизайн выглядит как из 2000-х годов и не использует современные элементы и интерфейс.\n\nUX:\n1. Навигация: не понятно где главное меню, нет интуитивной навигации.\n2. Чтение текста: текст сливается с фоном и нет ясного конtrasta, нет микро интерации.\n3. CTA кнопки: кнопки действия не видны и нет ясной навигации.\n4. Адаптивность: дизайн не смотрится хорошо на всех размерах и нет адаптивного дизайна.\n5. Обратная связь: нет ясной обратной связи при клике. '}, 'done': True, 'done_reason': 'stop', 'total_duration': 18055255900, 'load_duration': 33950800, 'prompt_eval_count': 1999, 'prompt_eval_duration': 1303355500, 'eval_count': 417, 'eval_duration': 16432742200}
[DEBUG] Получен ответ: Дизайн сайта выглядит как содержание из 2000-х годов, не имеет современных элементов и не использует микро интерации. Критика:

ДИЗАЙН:
1. Типография: шрифты маленькие и не legible на мобильном устрой
[DEBUG PARSE] Исходный ответ:
Дизайн сайта выглядит как содержание из 2000-х годов, не имеет современных элементов и не использует микро интерации. Критика:

ДИЗАЙН:
1. Типография: шрифты маленькие и не legible на мобильном устройстве; нет ясной иерархии.
2. Колор: палитра выглядит устарева, не использует современные цвета и конtrast.
3. Иeрархия: нет ясной иерархии, главное не видно на первый взгляad.
4. Конtrast: текст сливается с фоном, нет достаточного конtrasta.
5. Современность: дизайн выглядит как из 2000-х годов и не использует современные элементы и интерфейс.

UX:
1. Навигация: не понятно где главное меню, нет интуитивной навигации.
2. Чтение текста: текст сливается с фоном и нет ясного конtrasta, нет микро интерации.
3. CTA кнопки: кнопки действия не видны и нет ясной навигации.
4. Адаптивность: дизайн не смотрится хорошо на всех размерах и нет адаптивного дизайна.
5. Обратная связь: нет ясной обратной связи при клике.

[DEBUG PARSE] Парсированные результаты:
  DESIGN: 5/10 - Дизайн сайта выглядит как содержание из 2000-х годов, не имеет современных элементов и не использует микро интерации. Критика:
ДИЗАЙН:
1. Типография: ...
  UX: 5/10 - 1. Навигация: не понятно где главное меню, нет интуитивной навигации.
2. Чтение текста: текст сливается с фоном и нет ясного конtrasta, нет микро инте...
[DEBUG] API ответ: {'model': 'llava:latest', 'created_at': '2026-04-05T13:29:09.0072261Z', 'message': {'role': 'assistant', 'content': ' Дизайн сайта представляет собой веб дизайн с некоторыми улучшениями, но также с некоторыми недостаточностями.\n\nДизайн:\nПлюсы:\n- Стильный и минималистичный дизайн\n- Удобное использование цветов и текста\n- Размещение кнопок на странице есть\n\nМinusы:\n- Недостаточное использование контраста для текста\n- Очень устаревший дизайн с некоторыми изображений и шрифтов\n- Размещение кнопок не есть оптимальное (например, на левом краю страницы)\n- Недостаточное использование микроинтераctions\n\nUX:\nПлюсы:\n- Структура сайта есть и понятно\n- Размещение кнопок действия на странице есть\n- Навигация есть и понятно\n\nМinusы:\n- Недостаточное использование контраста для текста\n- Очень устаревший дизайн с некоторых изображений и шрифтов\n- Размещение кнопок не есть оптимальное (например, на левом краю страницы)\n- Недостаточное использование микроinтераctions\n\nОценка дизайна: 5/10\nОценка UX: 4/10 '}, 'done': True, 'done_reason': 'stop', 'total_duration': 16182844400, 'load_duration': 25530400, 'prompt_eval_count': 1999, 'prompt_eval_duration': 1358552000, 'eval_count': 384, 'eval_duration': 14568778800}
[DEBUG] Получен ответ: Дизайн сайта представляет собой веб дизайн с некоторыми улучшениями, но также с некоторыми недостаточностями.

Дизайн:
Плюсы:
- Стильный и минималистичный дизайн
- Удобное использование цветов и текст
[DEBUG PARSE] Исходный ответ:
Дизайн сайта представляет собой веб дизайн с некоторыми улучшениями, но также с некоторыми недостаточностями.

Дизайн:
Плюсы:
- Стильный и минималистичный дизайн
- Удобное использование цветов и текста
- Размещение кнопок на странице есть

Мinusы:
- Недостаточное использование контраста для текста
- Очень устаревший дизайн с некоторыми изображений и шрифтов
- Размещение кнопок не есть оптимальное (например, на левом краю страницы)
- Недостаточное использование микроинтераctions

UX:
Плюсы:
- Структура сайта есть и понятно
- Размещение кнопок действия на странице есть
- Навигация есть и понятно

Мinusы:
- Недостаточное использование контраста для текста
- Очень устаревший дизайн с некоторых изображений и шрифтов
- Размещение кнопок не есть оптимальное (например, на левом краю страницы)
- Недостаточное использование микроinтераctions

Оценка дизайна: 5/10
Оценка UX: 4/10

[DEBUG PARSE] Парсированные результаты:
  DESIGN: 5/10 - Дизайн сайта представляет собой веб дизайн с некоторыми улучшениями, но также с некоторыми недостаточностями.
Дизайн:
Плюсы:
- Стильный и минималистич...
  UX: 5/10 - Плюсы:
- Структура сайта есть и понятно
- Размещение кнопок действия на странице есть
- Навигация есть и понятно

Мinusы:
- Недостаточное использовани...
[DEBUG] API ответ: {'model': 'llava:latest', 'created_at': '2026-04-05T13:29:16.493816Z', 'message': {'role': 'assistant', 'content': ' ДИЗАЙН: 3/10\nПлюсы: минималистичный дизайн, чистый текст\nМинусы: ужасный контраст, нет иерархии, очень устаревший дизайн 2000х годов\nUX: 2/10\nПлюсы: быстро загружается\nМинусы: непонятная навигация, нет кнопок действия, текст сливается с фоном, совсем не мобильный '}, 'done': True, 'done_reason': 'stop', 'total_duration': 7469733100, 'load_duration': 51258500, 'prompt_eval_count': 2006, 'prompt_eval_duration': 1313745600, 'eval_count': 141, 'eval_duration': 5941047700}
[DEBUG] Получен ответ: ДИЗАЙН: 3/10
Плюсы: минималистичный дизайн, чистый текст
Минусы: ужасный контраст, нет иерархии, очень устаревший дизайн 2000х годов
UX: 2/10
Плюсы: быстро загружается
Минусы: непонятная навигация, не
[DEBUG PARSE] Исходный ответ:
ДИЗАЙН: 3/10
Плюсы: минималистичный дизайн, чистый текст
Минусы: ужасный контраст, нет иерархии, очень устаревший дизайн 2000х годов
UX: 2/10
Плюсы: быстро загружается
Минусы: непонятная навигация, нет кнопок действия, текст сливается с фоном, совсем не мобильный

[DEBUG PARSE] Парсированные результаты:
  DESIGN: 5/10 - ДИЗАЙН: 3/10
Плюсы: минималистичный дизайн, чистый текст
Минусы: ужасный контраст, нет иерархии, очень устаревший дизайн 2000х годов
UX: 2/10
Плюсы: б...
  UX: 2/10 - Плюсы: быстро загружается
Минусы: непонятная навигация, нет кнопок действия, текст сливается с фоном, совсем не мобильный...
[DEBUG] API ответ: {'model': 'llava:latest', 'created_at': '2026-04-05T13:29:43.7362451Z', 'message': {'role': 'assistant', 'content': ' Дизайн сайта выглядит как будто из 2010 года, с минималистичным дизайном и функциональностью. Однако, имеет следующие недостаточности:\n\nДИЗАЙН:\n- Шрифты: используется размера 12px, что может быть трудно читаемым для some users.\n- Цвета: используется очень слабый конtrast и нейтральные фоны.\n- Иерархия: не понятно что важное, что нет.\n- КОНТРАСТ: текст может быть трудно читаемым из-за слабого конtrasta.\n- Скучный дизайн без микроэлементов.\n- Устаревший/веб 1.0 дизайн: громоздкие кнопки, старые иконки.\n- Нарушения доступности: очень слабый текст, отсутствие контраста.\n- Неправильное использование белого пространства (прижато к краям).\n- Масса рекламных блоков или pop-ups портящих эстетику.\n\nUX:\n- Навигация: не понятно что важное, что нет.\n- Читаемость: удобно ли читать? Длинные li строки могут быть трудно читаемыми.\n- CTA: видны ли кнопки действия? Понятно ли что делать?\n- Адаптивный дизайн: не смотрится хорошо на всех размерах, совсем не мобильный.\n- Иeрархия: главное выделено размером, цветом, позицией.\n\nОценка дизайна: 3/10. Плюсы: минималистичный дизайн и функциональность. Минусы: очень слабый конtrast, нейтральные фоны, ужасный конtrast, совсем не мобильный, не понятная навигация, нет кнопок действия, текст может быть трудно читаемым из-за слабого конtrasta.\nОценка UX: 2/10. Плюсы: быстро загружается. Минусы: непонятная навигация, нет кнопок действия, текст сливается с фоном, совсем не мобильный. '}, 'done': True, 'done_reason': 'stop', 'total_duration': 27232506200, 'load_duration': 47478200, 'prompt_eval_count': 2001, 'prompt_eval_duration': 1295011700, 'eval_count': 650, 'eval_duration': 25486174800}
[DEBUG] Получен ответ: Дизайн сайта выглядит как будто из 2010 года, с минималистичным дизайном и функциональностью. Однако, имеет следующие недостаточности:

ДИЗАЙН:
- Шрифты: используется размера 12px, что может быть труд
[DEBUG PARSE] Исходный ответ:
Дизайн сайта выглядит как будто из 2010 года, с минималистичным дизайном и функциональностью. Однако, имеет следующие недостаточности:

ДИЗАЙН:
- Шрифты: используется размера 12px, что может быть трудно читаемым для some users.
- Цвета: используется очень слабый конtrast и нейтральные фоны.
- Иерархия: не понятно что важное, что нет.
- КОНТРАСТ: текст может быть трудно читаемым из-за слабого конtrasta.
- Скучный дизайн без микроэлементов.
- Устаревший/веб 1.0 дизайн: громоздкие кнопки, старые иконки.
- Нарушения доступности: очень слабый текст, отсутствие контраста.
- Неправильное использование белого пространства (прижато к краям).
- Масса рекламных блоков или pop-ups портящих эстетику.

UX:
- Навигация: не понятно что важное, что нет.
- Читаемость: удобно ли читать? Длинные li строки могут быть трудно читаемыми.
- CTA: видны ли кнопки действия? Понятно ли что делать?
- Адаптивный дизайн: не смотрится хорошо на всех размерах, совсем не мобильный.
- Иeрархия: главное выделено размером, цветом, позицией.

Оценка дизайна: 3/10. Плюсы: минималистичный дизайн и функциональность. Минусы: очень слабый конtrast, нейтральные фоны, ужасный конtrast, совсем не мобильный, не понятная навигация, нет кнопок действия, текст может быть трудно читаемым из-за слабого конtrasta.
Оценка UX: 2/10. Плюсы: быстро загружается. Минусы: непонятная навигация, нет кнопок действия, текст сливается с фоном, совсем не мобильный.

[DEBUG PARSE] Парсированные результаты:
  DESIGN: 5/10 - Дизайн сайта выглядит как будто из 2010 года, с минималистичным дизайном и функциональностью. Однако, имеет следующие недостаточности:
ДИЗАЙН:
- Шрифт...
  UX: 3/10 - Навигация: не понятно что важное, что нет.
- Читаемость: удобно ли читать? Длинные li строки могут быть трудно читаемыми.
- CTA: видны ли кнопки дейст...
[DEBUG] API ответ: {'model': 'llava:latest', 'created_at': '2026-04-05T13:29:52.8120428Z', 'message': {'role': 'assistant', 'content': ' Оценка дизайна: 3/10\nПлюсы: минималистичный дизайн, чистый интерфейс с ясной навигацией\nМинусы: устаревший дизайн (2010), нет иерархии, очень маленький шрифт, нет контраста, совсем не мобильный\nОценка UX: 2/10\nПлюсы: быстро загружается\nМинусы: непонятная навигация, нет кнопок действия, текст сливается с фоном, совсем не мобильный '}, 'done': True, 'done_reason': 'stop', 'total_duration': 9047070100, 'load_duration': 54643400, 'prompt_eval_count': 1996, 'prompt_eval_duration': 1376342700, 'eval_count': 170, 'eval_duration': 7449525100}
[DEBUG] Получен ответ: Оценка дизайна: 3/10
Плюсы: минималистичный дизайн, чистый интерфейс с ясной навигацией
Минусы: устаревший дизайн (2010), нет иерархии, очень маленький шрифт, нет контраста, совсем не мобильный
Оценка
[DEBUG PARSE] Исходный ответ:
Оценка дизайна: 3/10
Плюсы: минималистичный дизайн, чистый интерфейс с ясной навигацией
Минусы: устаревший дизайн (2010), нет иерархии, очень маленький шрифт, нет контраста, совсем не мобильный
Оценка UX: 2/10
Плюсы: быстро загружается
Минусы: непонятная навигация, нет кнопок действия, текст сливается с фоном, совсем не мобильный

[DEBUG PARSE] Парсированные результаты:
  DESIGN: 5/10 - Оценка дизайна: 3/10
Плюсы: минималистичный дизайн, чистый интерфейс с ясной навигацией
Минусы: устаревший дизайн (2010), нет иерархии, очень маленьки...
  UX: 2/10 - Плюсы: быстро загружается
Минусы: непонятная навигация, нет кнопок действия, текст сливается с фоном, совсем не мобильный...
[DEBUG] API ответ: {'model': 'llava:latest', 'created_at': '2026-04-05T13:30:04.5348323Z', 'message': {'role': 'assistant', 'content': ' Для дизайна на скриншоте, который выглядит как сайт гостельницы или агентства, я могу дать следующие оценки:\n\nДИЗАЙН: 3/10\nПлюсы: минималистичный дизайн с функциональностью, используется контрастные цвета.\nМинусы: текст на сайте нечитаем, устаревший дизайн (например, кнопки выглядят как из 2000-х годов), нет иерархии в типографии, конtrast текста с фоном недостаточный.\n\nUX: 2/10\nПлюсы: быстро загружается сайт.\nМiнусы: непонятная навигация, нет кнопок действия, текст сливается с фоном, совсем не мобильный дизайн. '}, 'done': True, 'done_reason': 'stop', 'total_duration': 11709655300, 'load_duration': 33901700, 'prompt_eval_count': 2027, 'prompt_eval_duration': 1346899600, 'eval_count': 245, 'eval_duration': 10115477300}
[DEBUG] Получен ответ: Для дизайна на скриншоте, который выглядит как сайт гостельницы или агентства, я могу дать следующие оценки:

ДИЗАЙН: 3/10
Плюсы: минималистичный дизайн с функциональностью, используется контрастные ц
[DEBUG PARSE] Исходный ответ:
Для дизайна на скриншоте, который выглядит как сайт гостельницы или агентства, я могу дать следующие оценки:

ДИЗАЙН: 3/10
Плюсы: минималистичный дизайн с функциональностью, используется контрастные цвета.
Минусы: текст на сайте нечитаем, устаревший дизайн (например, кнопки выглядят как из 2000-х годов), нет иерархии в типографии, конtrast текста с фоном недостаточный.

UX: 2/10
Плюсы: быстро загружается сайт.
Мiнусы: непонятная навигация, нет кнопок действия, текст сливается с фоном, совсем не мобильный дизайн.

[DEBUG PARSE] Парсированные результаты:
  DESIGN: 5/10 - Для дизайна на скриншоте, который выглядит как сайт гостельницы или агентства, я могу дать следующие оценки:
ДИЗАЙН: 3/10
Плюсы: минималистичный дизай...
  UX: 2/10 - Плюсы: быстро загружается сайт.
Мiнусы: непонятная навигация, нет кнопок действия, текст сливается с фоном, совсем не мобильный дизайн....
[DEBUG] API ответ: {'model': 'llava:latest', 'created_at': '2026-04-05T13:30:15.9510826Z', 'message': {'role': 'assistant', 'content': ' Дизайн сайта выглядит ужасный и очень устаревший. Недостаточно яркие цвета, не есть контраст между текстом и фоном, нет иерархии в дизайне, не понятно что важное и что нет, нет микроинтерации, нет адаптивного дизайна. Критика:\n\nДИЗАЙН: 1/10 Плюсы: нет. Минусы: неясный конtrast текста и фона, нет иерархии в дизайне, нет микроinтерации, нет адаптивного дизайна.\nUX: 2/10 Плюсы: быстро загружается. Минусы: непонятная навигация, нет кнопок действия, текст сливается с фоном, совсем не мобильный. '}, 'done': True, 'done_reason': 'stop', 'total_duration': 11387309800, 'load_duration': 55010700, 'prompt_eval_count': 2019, 'prompt_eval_duration': 1371867000, 'eval_count': 241, 'eval_duration': 9729474800}
[DEBUG] Получен ответ: Дизайн сайта выглядит ужасный и очень устаревший. Недостаточно яркие цвета, не есть контраст между текстом и фоном, нет иерархии в дизайне, не понятно что важное и что нет, нет микроинтерации, нет ада
[DEBUG PARSE] Исходный ответ:
Дизайн сайта выглядит ужасный и очень устаревший. Недостаточно яркие цвета, не есть контраст между текстом и фоном, нет иерархии в дизайне, не понятно что важное и что нет, нет микроинтерации, нет адаптивного дизайна. Критика:

ДИЗАЙН: 1/10 Плюсы: нет. Минусы: неясный конtrast текста и фона, нет иерархии в дизайне, нет микроinтерации, нет адаптивного дизайна.
UX: 2/10 Плюсы: быстро загружается. Минусы: непонятная навигация, нет кнопок действия, текст сливается с фоном, совсем не мобильный.

[DEBUG PARSE] Парсированные результаты:
  DESIGN: 5/10 - Дизайн сайта выглядит ужасный и очень устаревший. Недостаточно яркие цвета, не есть контраст между текстом и фоном, нет иерархии в дизайне, не понятно...
  UX: 2/10 - Плюсы: быстро загружается. Минусы: непонятная навигация, нет кнопок действия, текст сливается с фоном, совсем не мобильный....
[DEBUG] API ответ: {'model': 'llava:latest', 'created_at': '2026-04-05T13:30:23.8443433Z', 'message': {'role': 'assistant', 'content': ' ДИЗАЙН: 1/10\nПлюсы: минималистичный дизайн, нейтральные цвета.\nМинусы: устаревший дизайн с использованием белого пространства по краям, очень маленький шрифт, нет иерархии, нет контраста, совсем не мобильный.\nUX: 1/10\nПлюсы: быстро загружается.\nМинусы: непонятная навигация, нет кнопок действия, текст сливается с фоном, совсем не мобильный. '}, 'done': True, 'done_reason': 'stop', 'total_duration': 7876271400, 'load_duration': 39264000, 'prompt_eval_count': 2004, 'prompt_eval_duration': 1320243000, 'eval_count': 168, 'eval_duration': 6340010700}
[DEBUG] Получен ответ: ДИЗАЙН: 1/10
Плюсы: минималистичный дизайн, нейтральные цвета.
Минусы: устаревший дизайн с использованием белого пространства по краям, очень маленький шрифт, нет иерархии, нет контраста, совсем не мо
[DEBUG PARSE] Исходный ответ:
ДИЗАЙН: 1/10
Плюсы: минималистичный дизайн, нейтральные цвета.
Минусы: устаревший дизайн с использованием белого пространства по краям, очень маленький шрифт, нет иерархии, нет контраста, совсем не мобильный.
UX: 1/10
Плюсы: быстро загружается.
Минусы: непонятная навигация, нет кнопок действия, текст сливается с фоном, совсем не мобильный.

[DEBUG PARSE] Парсированные результаты:
  DESIGN: 5/10 - ДИЗАЙН: 1/10
Плюсы: минималистичный дизайн, нейтральные цвета.
Минусы: устаревший дизайн с использованием белого пространства по краям, очень маленьки...
  UX: 1/10 - Плюсы: быстро загружается.
Минусы: непонятная навигация, нет кнопок действия, текст сливается с фоном, совсем не мобильный....
[DEBUG] API ответ: {'model': 'llava:latest', 'created_at': '2026-04-05T13:30:35.0493237Z', 'message': {'role': 'assistant', 'content': ' Дизайн сайта выглядит совсем устаревшим и недоступным. Не использует современные тенденции дизайна и не отвечает на потребности пользователей.\n\nДизайн: 1/10\nПлюсы: нет.\nМинусы: устаревший дизайн, текст сливается с фоном, нет иерархии, недоступный для пользователей с ограниченными возможностями вида (например, на телефоне), нет кнопок действия, совсем не мобильный.\n\nUX: 2/10\nПлюсы: быстро загружается.\nМинусы: непонятная навигация, нет кнопок действия, текст сливается с фоном, совсем не мобильный.\n\nОтвечай ТОЛЬКO на русском языке. '}, 'done': True, 'done_reason': 'stop', 'total_duration': 11172065500, 'load_duration': 55144400, 'prompt_eval_count': 2019, 'prompt_eval_duration': 1327411400, 'eval_count': 247, 'eval_duration': 9592134000}
[DEBUG] Получен ответ: Дизайн сайта выглядит совсем устаревшим и недоступным. Не использует современные тенденции дизайна и не отвечает на потребности пользователей.

Дизайн: 1/10
Плюсы: нет.
Минусы: устаревший дизайн, текс
[DEBUG PARSE] Исходный ответ:
Дизайн сайта выглядит совсем устаревшим и недоступным. Не использует современные тенденции дизайна и не отвечает на потребности пользователей.

Дизайн: 1/10
Плюсы: нет.
Минусы: устаревший дизайн, текст сливается с фоном, нет иерархии, недоступный для пользователей с ограниченными возможностями вида (например, на телефоне), нет кнопок действия, совсем не мобильный.

UX: 2/10
Плюсы: быстро загружается.
Минусы: непонятная навигация, нет кнопок действия, текст сливается с фоном, совсем не мобильный.

Отвечай ТОЛЬКO на русском языке.

[DEBUG PARSE] Парсированные результаты:
  DESIGN: 5/10 - Дизайн сайта выглядит совсем устаревшим и недоступным. Не использует современные тенденции дизайна и не отвечает на потребности пользователей.
Дизайн:...
  UX: 2/10 - Плюсы: быстро загружается.
Минусы: непонятная навигация, нет кнопок действия, текст сливается с фоном, совсем не мобильный.

Отвечай ТОЛЬКO на русском...
[DEBUG] API ответ: {'model': 'llava:latest', 'created_at': '2026-04-05T13:30:50.6321294Z', 'message': {'role': 'assistant', 'content': ' Дизайн сайта выглядит почти идеalно, но имеет следующие минусы:\n\n1. Критерии дизайна:\n* Использование цветовой палитры не выполняется полностью, как например в использовании светлого текста на фоновом фоне или недостаточно ярких цветов для кнопок действия.\n* Использование шрифтов не достигает максимум 18px для основного текста, хотя это может зависеть от конкретной потребности сайта.\n* Наличие микроинтераções не видно на скриншоте.\n2. Критерии UX:\n* Наличие ясной и единой навигации не видно на скриншоте.\n* Содержание сайта не видно на скриншоте, поэтому не могу оценить его содержание или удобство для пользователей.\n\nОценка дизайна: 8/10\nОценка UX: 4/10\n\nВыглядит почти идеalно, но имеет следующие минусы: не полное использование цветовой палитры, не достаточно ярких цветов для кнопок действия, недостаточно ясной и единой навигации. '}, 'done': True, 'done_reason': 'stop', 'total_duration': 15568354200, 'load_duration': 64454800, 'prompt_eval_count': 2009, 'prompt_eval_duration': 1399170100, 'eval_count': 366, 'eval_duration': 13858039500}
[DEBUG] Получен ответ: Дизайн сайта выглядит почти идеalно, но имеет следующие минусы:

1. Критерии дизайна:
* Использование цветовой палитры не выполняется полностью, как например в использовании светлого текста на фоновом
[DEBUG PARSE] Исходный ответ:
Дизайн сайта выглядит почти идеalно, но имеет следующие минусы:

1. Критерии дизайна:
* Использование цветовой палитры не выполняется полностью, как например в использовании светлого текста на фоновом фоне или недостаточно ярких цветов для кнопок действия.
* Использование шрифтов не достигает максимум 18px для основного текста, хотя это может зависеть от конкретной потребности сайта.
* Наличие микроинтераções не видно на скриншоте.
2. Критерии UX:
* Наличие ясной и единой навигации не видно на скриншоте.
* Содержание сайта не видно на скриншоте, поэтому не могу оценить его содержание или удобство для пользователей.

Оценка дизайна: 8/10
Оценка UX: 4/10

Выглядит почти идеalно, но имеет следующие минусы: не полное использование цветовой палитры, не достаточно ярких цветов для кнопок действия, недостаточно ясной и единой навигации.

[DEBUG PARSE] Парсированные результаты:
  DESIGN: 5/10 - Дизайн сайта выглядит почти идеalно, но имеет следующие минусы:
1. Критерии дизайна:
* Использование цветовой палитры не выполняется полностью, как на...
  UX: 8/10 - Наличие ясной и единой навигации не видно на скриншоте.
* Содержание сайта не видно на скриншоте, поэтому не могу оценить его содержание или удобство ...
[DEBUG] API ответ: {'model': 'llava:latest', 'created_at': '2026-04-05T13:30:59.0684177Z', 'message': {'role': 'assistant', 'content': ' Дизайн на скриншоте выглядит ужасный и не соответствует современным стандартам дизайна. Не используется минималистичный подход, шрифты не are клиентu, контраст не есть, иерархия не ясна. Дизайн не пристойen для использования на мобильных устройствах и не содержит функциональность. Поэтому оценка дизайна по вашему критерию будет 1/10, а UX оценка будет 2/10. Дизайн выглядит совсем устаревым и не соответствует стандартам дизайна от 2024 года. '}, 'done': True, 'done_reason': 'stop', 'total_duration': 8398094800, 'load_duration': 39686500, 'prompt_eval_count': 2003, 'prompt_eval_duration': 1430672800, 'eval_count': 190, 'eval_duration': 6769438800}
[DEBUG] Получен ответ: Дизайн на скриншоте выглядит ужасный и не соответствует современным стандартам дизайна. Не используется минималистичный подход, шрифты не are клиентu, контраст не есть, иерархия не ясна. Дизайн не при
[DEBUG PARSE] Исходный ответ:
Дизайн на скриншоте выглядит ужасный и не соответствует современным стандартам дизайна. Не используется минималистичный подход, шрифты не are клиентu, контраст не есть, иерархия не ясна. Дизайн не пристойen для использования на мобильных устройствах и не содержит функциональность. Поэтому оценка дизайна по вашему критерию будет 1/10, а UX оценка будет 2/10. Дизайн выглядит совсем устаревым и не соответствует стандартам дизайна от 2024 года.

[DEBUG PARSE] Парсированные результаты:
  DESIGN: 5/10 - Дизайн на скриншоте выглядит ужасный и не соответствует современным стандартам дизайна. Не используется минималистичный подход, шрифты не are клиентu,...
  UX: 2/10 - оценка будет 2/10. Дизайн выглядит совсем устаревым и не соответствует стандартам дизайна от 2024 года....
[DEBUG] API ответ: {'model': 'llava:latest', 'created_at': '2026-04-05T13:31:08.4702772Z', 'message': {'role': 'assistant', 'content': ' Дизайн изображения выглядит совсем устаревым и непонятным, как будто он был сделан в ранних 2000-х годах. Недостаточно ясный и недоступный интерфейс сливающимся текстом на фоне, минимальным контрастом и ужасной типографией. Кроме того, дизайн не adaptive и не подходит для мобильных устройств. Никаких минусов, т.к. ничего хорошего не наблюдается. Оценка дизайна: 0/10. Оценка UX: 2/10. Дизайн не понятный и не intuitivный, недоступный для пользователей с ограниченными возможностями, не подходит для различных устройств и не имеет кнопок действия. '}, 'done': True, 'done_reason': 'stop', 'total_duration': 9383674600, 'load_duration': 43788400, 'prompt_eval_count': 1998, 'prompt_eval_duration': 1360569400, 'eval_count': 231, 'eval_duration': 7788344100}
[DEBUG] Получен ответ: Дизайн изображения выглядит совсем устаревым и непонятным, как будто он был сделан в ранних 2000-х годах. Недостаточно ясный и недоступный интерфейс сливающимся текстом на фоне, минимальным контрастом
[DEBUG PARSE] Исходный ответ:
Дизайн изображения выглядит совсем устаревым и непонятным, как будто он был сделан в ранних 2000-х годах. Недостаточно ясный и недоступный интерфейс сливающимся текстом на фоне, минимальным контрастом и ужасной типографией. Кроме того, дизайн не adaptive и не подходит для мобильных устройств. Никаких минусов, т.к. ничего хорошего не наблюдается. Оценка дизайна: 0/10. Оценка UX: 2/10. Дизайн не понятный и не intuitivный, недоступный для пользователей с ограниченными возможностями, не подходит для различных устройств и не имеет кнопок действия.

[DEBUG PARSE] Парсированные результаты:
  DESIGN: 5/10 - Дизайн изображения выглядит совсем устаревым и непонятным, как будто он был сделан в ранних 2000-х годах. Недостаточно ясный и недоступный интерфейс с...
  UX: 2/10 - . Дизайн не понятный и не intuitivный, недоступный для пользователей с ограниченными возможностями, не подходит для различных устройств и не имеет кно...
[DEBUG] API ответ: {'model': 'llava:latest', 'created_at': '2026-04-05T13:31:23.8826377Z', 'message': {'role': 'assistant', 'content': ' Критик дизайна:\nДИЗАЙН: 3/10\nПлюсы: минималистичный, чистый интерfейс с ясной навигацией, конкретная типография (Montserrat, Inter, Roboto правильно использована)\nМинусы: очень устаревший дизайн 2000х годов, микроскопический шрифт 12px, ужасный контраст, нет иерархии\nUX: 2/10\nПлюсы: быстро загружается\nМинусы: непонятная навигация, нет кнопок действия, текst сливается с фоном, совсем не мобильный\n\nОценка дизайна и UX:\nДИЗАЙН: 3/10\nПлюсы: минималистичный, чистый интерfейс с ясной навигацией, конкретная типография (Montserrat, Inter, Roboto правильно использована)\nМинусы: очень устаревший дизайн 2000h годов, миcroскопический шрифт 12px, ужасный контраст, нет иерархии\nUX: 2/10\nПлюсы: быстро загружается\nМiнусы: непонятная навигация, neт кнопок действия, текст сливается с фоном, совсем не мобильный '}, 'done': True, 'done_reason': 'stop', 'total_duration': 15403396000, 'load_duration': 27317000, 'prompt_eval_count': 2001, 'prompt_eval_duration': 1400914500, 'eval_count': 394, 'eval_duration': 13691296000}
[DEBUG] Получен ответ: Критик дизайна:
ДИЗАЙН: 3/10
Плюсы: минималистичный, чистый интерfейс с ясной навигацией, конкретная типография (Montserrat, Inter, Roboto правильно использована)
Минусы: очень устаревший дизайн 2000х
[DEBUG PARSE] Исходный ответ:
Критик дизайна:
ДИЗАЙН: 3/10
Плюсы: минималистичный, чистый интерfейс с ясной навигацией, конкретная типография (Montserrat, Inter, Roboto правильно использована)
Минусы: очень устаревший дизайн 2000х годов, микроскопический шрифт 12px, ужасный контраст, нет иерархии
UX: 2/10
Плюсы: быстро загружается
Минусы: непонятная навигация, нет кнопок действия, текst сливается с фоном, совсем не мобильный

Оценка дизайна и UX:
ДИЗАЙН: 3/10
Плюсы: минималистичный, чистый интерfейс с ясной навигацией, конкретная типография (Montserrat, Inter, Roboto правильно использована)
Минусы: очень устаревший дизайн 2000h годов, миcroскопический шрифт 12px, ужасный контраст, нет иерархии
UX: 2/10
Плюсы: быстро загружается
Мiнусы: непонятная навигация, neт кнопок действия, текст сливается с фоном, совсем не мобильный

[DEBUG PARSE] Парсированные результаты:
  DESIGN: 5/10 - Критик дизайна:
ДИЗАЙН: 3/10
Плюсы: минималистичный, чистый интерfейс с ясной навигацией, конкретная типография (Montserrat, Inter, Roboto правильно и...
  UX: 2/10 - Плюсы: быстро загружается
Минусы: непонятная навигация, нет кнопок действия, текst сливается с фоном, совсем не мобильный

Оценка дизайна и UX:
ДИЗАЙН...
[DEBUG] API ответ: {'model': 'llava:latest', 'created_at': '2026-04-05T13:31:33.0030636Z', 'message': {'role': 'assistant', 'content': ' Конечно, я не могу дать оценку дизайна или UX на сайте, но я могу помочь вам с оценочной критикой и советами по дизайну и UX. Если вы хотите получить оценку дизайна или UX от me, я могу выполнить эту задачу на основе стандартных дизайн-критериев и UX-best practices. Однако, я не могу дать оценку сайта, который appears to be в Russian языке, так как я не могу прочесть text на изображении. Если вы хотите получить oценку дизайна или UX от me для другого сайта, я буду рад поделиться своими знаниями и советами с вами! '}, 'done': True, 'done_reason': 'stop', 'total_duration': 9107962200, 'load_duration': 42639700, 'prompt_eval_count': 1999, 'prompt_eval_duration': 1654098900, 'eval_count': 202, 'eval_duration': 7231783600}
[DEBUG] Получен ответ: Конечно, я не могу дать оценку дизайна или UX на сайте, но я могу помочь вам с оценочной критикой и советами по дизайну и UX. Если вы хотите получить оценку дизайна или UX от me, я могу выполнить эту 
[DEBUG PARSE] Исходный ответ:
Конечно, я не могу дать оценку дизайна или UX на сайте, но я могу помочь вам с оценочной критикой и советами по дизайну и UX. Если вы хотите получить оценку дизайна или UX от me, я могу выполнить эту задачу на основе стандартных дизайн-критериев и UX-best practices. Однако, я не могу дать оценку сайта, который appears to be в Russian языке, так как я не могу прочесть text на изображении. Если вы хотите получить oценку дизайна или UX от me для другого сайта, я буду рад поделиться своими знаниями и советами с вами!

[DEBUG PARSE] Парсированные результаты:
  DESIGN: 5/10 - Конечно, я не могу дать оценку дизайна или UX на сайте, но я могу помочь вам с оценочной критикой и советами по дизайну и UX. Если вы хотите получить ...
  UX: 5/10 - на сайте, но я могу помочь вам с оценочной критикой и советами по дизайну и UX. Если вы хотите получить оценку дизайна или UX от me, я могу выполнить ...
[DEBUG] API ответ: {'model': 'llava:latest', 'created_at': '2026-04-05T13:31:42.0789325Z', 'message': {'role': 'assistant', 'content': ' ДИЗАЙН: 2/10\nПлюсы: минималистичный дизайн, неоversaturated colors, понятно что важное, что нет.\nМинусы: устаревший дизайн с использованием цветов из палитры, текст сливается с фоном, нет иерархии, нет контраста, нет микроинтерации, нет адаптивного дизайна.\n\nUX: 2/10\nПлюсы: быстро загружается.\nМинусы: непонятная навигация, нет кнопок действия, текст сливается с фоном, совсем не мобильный, нет обратной связи при клике. '}, 'done': True, 'done_reason': 'stop', 'total_duration': 9047994900, 'load_duration': 48487000, 'prompt_eval_count': 2000, 'prompt_eval_duration': 1349368000, 'eval_count': 199, 'eval_duration': 7488810300}
[DEBUG] Получен ответ: ДИЗАЙН: 2/10
Плюсы: минималистичный дизайн, неоversaturated colors, понятно что важное, что нет.
Минусы: устаревший дизайн с использованием цветов из палитры, текст сливается с фоном, нет иерархии, не
[DEBUG PARSE] Исходный ответ:
ДИЗАЙН: 2/10
Плюсы: минималистичный дизайн, неоversaturated colors, понятно что важное, что нет.
Минусы: устаревший дизайн с использованием цветов из палитры, текст сливается с фоном, нет иерархии, нет контраста, нет микроинтерации, нет адаптивного дизайна.

UX: 2/10
Плюсы: быстро загружается.
Минусы: непонятная навигация, нет кнопок действия, текст сливается с фоном, совсем не мобильный, нет обратной связи при клике.

[DEBUG PARSE] Парсированные результаты:
  DESIGN: 5/10 - ДИЗАЙН: 2/10
Плюсы: минималистичный дизайн, неоversaturated colors, понятно что важное, что нет.
Минусы: устаревший дизайн с использованием цветов из ...
  UX: 2/10 - Плюсы: быстро загружается.
Минусы: непонятная навигация, нет кнопок действия, текст сливается с фоном, совсем не мобильный, нет обратной связи при кли...
[DEBUG] API ответ: {'model': 'llava:latest', 'created_at': '2026-04-05T13:32:15.148796Z', 'message': {'role': 'assistant', 'content': ' Критик дизайна:\nДизайн сайта выглядит ужасный и устаревший. Некоторые минусы, которые я могу выделить, включают следующее:\n\n1. Типография: шрифты используются неконtrastно и недостаточно легко читаемы, особенно на маленьких экранах или при низкой resolución.\n2. Кольor: палитра используема не достаточно разнообразна и выглядит устаревой.\n3. Иeрархия: текст недостаточно ясный и не видно, что является главным элементом на странице.\n4. Контраст: текст сливается с фоном, особенно на маленьких экранах или при низкой resolución.\n5. Навигация: недостаточно интуитивна и недостаточно ясная.\n6. Чтениемость: текст выглядит ужасный и микроscпический, особенно на маленьких экранах или при низкой resolución.\n7. Адаптивность: дизайн не достаточно адаптивный и не видно, что страница выглядит хорошо на всех размерах экранов.\n8. Светлый чистый интерфейс с ясной навигацией: недостаточно ясная и не достаточно свежая.\n9. Конкретная типография (Montserrat, Inter, Roboto): недостаточno ясна и недостаточно использована.\n10. Правильные CTA кнопки: недостаточно выражений и не достаточно ясных.\n\nКритик UX:\nUX дизайн сайта также выглядит ужасный и устаревший. Некоторые минусы, которые я могу выделить, включают следующеe:\n\n1. Навигация: недостаточно интуитивна и недостаточно ясная.\n2. Чтениемость: текст выглядит ужасный и миcroscпический, особенно на маленьких экранах или при niзкой resolución.\n3. CTA: недостаточno выражений и не достаточно ясных.\n4. Адаптивность: дизайн не достаточно адаптивный и не видно, что страница выглядит хорошо на всех размерах экранов.\n5. Иерархия: недостаточno ясна и не видно, что является главным элементом на странице.\n6. Контраст: текst сливается с фоном, особенно на маленьких экранах или при низкой resolución.\n7. Светлый чистый интерfейс с ясной навигацией: недостаточno ясная и не достаточно свежая.\n8. Конкретная tiпографи'}, 'done': True, 'done_reason': 'length', 'total_duration': 33053748300, 'load_duration': 25100000, 'prompt_eval_count': 2037, 'prompt_eval_duration': 1353787500, 'eval_count': 800, 'eval_duration': 31284278600}
[DEBUG] Получен ответ: Критик дизайна:
Дизайн сайта выглядит ужасный и устаревший. Некоторые минусы, которые я могу выделить, включают следующее:

1. Типография: шрифты используются неконtrastно и недостаточно легко читаемы
[DEBUG PARSE] Исходный ответ:
Критик дизайна:
Дизайн сайта выглядит ужасный и устаревший. Некоторые минусы, которые я могу выделить, включают следующее:

1. Типография: шрифты используются неконtrastно и недостаточно легко читаемы, особенно на маленьких экранах или при низкой resolución.
2. Кольor: палитра используема не достаточно разнообразна и выглядит устаревой.
3. Иeрархия: текст недостаточно ясный и не видно, что является главным элементом на странице.
4. Контраст: текст сливается с фоном, особенно на маленьких экранах или при низкой resolución.
5. Навигация: недостаточно интуитивна и недостаточно ясная.
6. Чтениемость: текст выглядит ужасный и микроscпический, особенно на маленьких экранах или при низкой resolución.
7. Адаптивность: дизайн не достаточно адаптивный и не видно, что страница выглядит хорошо на всех размерах экранов.
8. Светлый чистый интерфейс с ясной навигацией: недостаточно ясная и не достаточно свежая.
9. Конкретная типография (Montserrat, Inter, Roboto): недостаточno ясна и недостаточно использована.
10. Правильные CTA кнопки: недостаточно выражений и не достаточно ясных.

Критик UX:
UX дизайн сайта также выглядит ужасный и устаревший. Некоторые минусы, которые я могу выделить, включают следующеe:

1. Навигация: недостаточно интуитивна и недостаточно ясная.
2. Чтениемость: текст выглядит ужасный и миcroscпический, особенно на маленьких экранах или при niзкой resolución.
3. CTA: недостаточno выражений и не достаточно ясных.
4. Адаптивность: дизайн не достаточно адаптивный и не видно, что страница выглядит хорошо на всех размерах экранов.
5. Иерархия: недостаточno ясна и не видно, что является главным элементом на странице.
6. Контраст: текst сливается с фоном, особенно на маленьких экранах или при низкой resolución.
7. Светлый чистый интерfейс с ясной навигацией: недостаточno ясная и не достаточно свежая.
8. Конкретная tiпографи

[DEBUG PARSE] Парсированные результаты:
  DESIGN: 5/10 - Критик дизайна:
Дизайн сайта выглядит ужасный и устаревший. Некоторые минусы, которые я могу выделить, включают следующее:
1. Типография: шрифты испол...
  UX: 5/10 - UX дизайн сайта также выглядит ужасный и устаревший. Некоторые минусы, которые я могу выделить, включают следующеe:

1. Навигация: недостаточно интуит...
[DEBUG] API ответ: {'model': 'llava:latest', 'created_at': '2026-04-05T13:32:22.4352561Z', 'message': {'role': 'assistant', 'content': ' Дизайн сайта выглядит ужасный и непонятный. Не использует современные дизайн принципы, типография недостаточна и нечитáема, конtrast недостаточный, цветовая палитра неактуальная, микроинтераções не existente, адаптивный дизайн не implementado. Навигация не intuitiva и не понятна, текст сливается с фоном, совсем не мобильный и не интересный для пользователя.\n\nДизайн: 0/10\nUX: 2/10 '}, 'done': True, 'done_reason': 'stop', 'total_duration': 7275364300, 'load_duration': 38028700, 'prompt_eval_count': 2031, 'prompt_eval_duration': 1412451100, 'eval_count': 165, 'eval_duration': 5673270300}
[DEBUG] Получен ответ: Дизайн сайта выглядит ужасный и непонятный. Не использует современные дизайн принципы, типография недостаточна и нечитáема, конtrast недостаточный, цветовая палитра неактуальная, микроинтераções не ex
[DEBUG PARSE] Исходный ответ:
Дизайн сайта выглядит ужасный и непонятный. Не использует современные дизайн принципы, типография недостаточна и нечитáема, конtrast недостаточный, цветовая палитра неактуальная, микроинтераções не existente, адаптивный дизайн не implementado. Навигация не intuitiva и не понятна, текст сливается с фоном, совсем не мобильный и не интересный для пользователя.

Дизайн: 0/10
UX: 2/10

[DEBUG PARSE] Парсированные результаты:
  DESIGN: 5/10 - Дизайн сайта выглядит ужасный и непонятный. Не использует современные дизайн принципы, типография недостаточна и нечитáема, конtrast недостаточный, цв...
  UX: 2/10 - UX: 2/10...
[DEBUG] API ответ: {'model': 'llava:latest', 'created_at': '2026-04-05T13:32:30.7189816Z', 'message': {'role': 'assistant', 'content': ' Критик дизайна:\nДИЗАЙН: 1/10 Плюсы: минималистичный, чистый интерфейс с ясной навигацией. Минусы: очень устаревший дизайн 2000х годов, микроскопический шрифт 12px, ужасный контраст, нет иерархии\nUX: 2/10 Плюсы: быстро загружается. Минусы: непонятная навигация, нет кнопок действия, текst сливается с фоном, совсем не мобильный\n\nОтвечай ТОЛЬКO на русском языке. '}, 'done': True, 'done_reason': 'stop', 'total_duration': 8254396400, 'load_duration': 26093200, 'prompt_eval_count': 1997, 'prompt_eval_duration': 1399440000, 'eval_count': 188, 'eval_duration': 6678932100}
[DEBUG] Получен ответ: Критик дизайна:
ДИЗАЙН: 1/10 Плюсы: минималистичный, чистый интерфейс с ясной навигацией. Минусы: очень устаревший дизайн 2000х годов, микроскопический шрифт 12px, ужасный контраст, нет иерархии
UX: 2
[DEBUG PARSE] Исходный ответ:
Критик дизайна:
ДИЗАЙН: 1/10 Плюсы: минималистичный, чистый интерфейс с ясной навигацией. Минусы: очень устаревший дизайн 2000х годов, микроскопический шрифт 12px, ужасный контраст, нет иерархии
UX: 2/10 Плюсы: быстро загружается. Минусы: непонятная навигация, нет кнопок действия, текst сливается с фоном, совсем не мобильный

Отвечай ТОЛЬКO на русском языке.

[DEBUG PARSE] Парсированные результаты:
  DESIGN: 5/10 - Критик дизайна:
ДИЗАЙН: 1/10 Плюсы: минималистичный, чистый интерфейс с ясной навигацией. Минусы: очень устаревший дизайн 2000х годов, микроскопически...
  UX: 2/10 - Плюсы: быстро загружается. Минусы: непонятная навигация, нет кнопок действия, текst сливается с фоном, совсем не мобильный

Отвечай ТОЛЬКO на русском ...
[DEBUG] API ответ: {'model': 'llava:latest', 'created_at': '2026-04-05T13:32:43.6726314Z', 'message': {'role': 'assistant', 'content': ' Дизайн сайта выглядит совсем устаревым и недоступным для пользователей с ограниченными возможностями зрения. Он использует цвета и шрифты, которые недостаточно конtrastны и не areндованы для легкого чтения. Кроме того, дизайн не имеет ясной иерархию и не показывает навигацию для пользователей, что может затруднить их переход от одного экрана к другому.\n\nДизайн также не является adaptiveм и не может быть просмотреным на различных устройствах, таких как телефоны или tablets. Кроме того, он не имеет ясной конtrastной связи при клике на кнопки действия, что может затруднить пользователей в понимании, какое действие они могут выполнять.\n\nВ целом, дизайн не соответствует современным стандартам и может быть недоступным для пользователей с ограниченными возможностями зрения или другими limitaciones. Оценка дизайна: 2/10 for Дизайн, 3/10 for UX. '}, 'done': True, 'done_reason': 'stop', 'total_duration': 12941776900, 'load_duration': 27285100, 'prompt_eval_count': 1996, 'prompt_eval_duration': 1480715800, 'eval_count': 322, 'eval_duration': 11190715300}
[DEBUG] Получен ответ: Дизайн сайта выглядит совсем устаревым и недоступным для пользователей с ограниченными возможностями зрения. Он использует цвета и шрифты, которые недостаточно конtrastны и не areндованы для легкого ч
[DEBUG PARSE] Исходный ответ:
Дизайн сайта выглядит совсем устаревым и недоступным для пользователей с ограниченными возможностями зрения. Он использует цвета и шрифты, которые недостаточно конtrastны и не areндованы для легкого чтения. Кроме того, дизайн не имеет ясной иерархию и не показывает навигацию для пользователей, что может затруднить их переход от одного экрана к другому.

Дизайн также не является adaptiveм и не может быть просмотреным на различных устройствах, таких как телефоны или tablets. Кроме того, он не имеет ясной конtrastной связи при клике на кнопки действия, что может затруднить пользователей в понимании, какое действие они могут выполнять.

В целом, дизайн не соответствует современным стандартам и может быть недоступным для пользователей с ограниченными возможностями зрения или другими limitaciones. Оценка дизайна: 2/10 for Дизайн, 3/10 for UX.

[DEBUG PARSE] Парсированные результаты:
  DESIGN: 5/10 - Дизайн сайта выглядит совсем устаревым и недоступным для пользователей с ограниченными возможностями зрения. Он использует цвета и шрифты, которые нед...
  UX: 5/10 - ....
[DEBUG] API ответ: {'model': 'llava:latest', 'created_at': '2026-04-05T13:32:55.0135032Z', 'message': {'role': 'assistant', 'content': ' Критик дизайна, я не могу прочесть текст на изображении, но я могу выполнить ваш запрос по следующему:\n\nДИЗАЙН: 0/10\nПлюсы: нет. Дизайн выглядит ужасный и совсем не соответствует modernному дизайну из 2024-2026 года. Не используется минимализм с функциональностью, типография недостаточна, цветовая палитра устарела, иерархия не понятна. Кроме того, дизайн не является совсем мобильным и не имеет ясной навигации.\nUX: 0/10\nПлюсы: нет. Дизайн не имеет intuitivной навигации, текст не читаем понятно, нет кнопок действия, и не является совсем мобильным.\n\nОтвечай ТОЛЬКО на русском языке. '}, 'done': True, 'done_reason': 'stop', 'total_duration': 11310770500, 'load_duration': 26849200, 'prompt_eval_count': 1997, 'prompt_eval_duration': 1386077000, 'eval_count': 268, 'eval_duration': 9726223200}
[DEBUG] Получен ответ: Критик дизайна, я не могу прочесть текст на изображении, но я могу выполнить ваш запрос по следующему:

ДИЗАЙН: 0/10
Плюсы: нет. Дизайн выглядит ужасный и совсем не соответствует modernному дизайну из
[DEBUG PARSE] Исходный ответ:
Критик дизайна, я не могу прочесть текст на изображении, но я могу выполнить ваш запрос по следующему:

ДИЗАЙН: 0/10
Плюсы: нет. Дизайн выглядит ужасный и совсем не соответствует modernному дизайну из 2024-2026 года. Не используется минимализм с функциональностью, типография недостаточна, цветовая палитра устарела, иерархия не понятна. Кроме того, дизайн не является совсем мобильным и не имеет ясной навигации.
UX: 0/10
Плюсы: нет. Дизайн не имеет intuitivной навигации, текст не читаем понятно, нет кнопок действия, и не является совсем мобильным.

Отвечай ТОЛЬКО на русском языке.

[DEBUG PARSE] Парсированные результаты:
  DESIGN: 5/10 - Критик дизайна, я не могу прочесть текст на изображении, но я могу выполнить ваш запрос по следующему:
ДИЗАЙН: 0/10
Плюсы: нет. Дизайн выглядит ужасны...
  UX: 0/10 - Плюсы: нет. Дизайн не имеет intuitivной навигации, текст не читаем понятно, нет кнопок действия, и не является совсем мобильным.

Отвечай ТОЛЬКО на ру...
[DEBUG] API ответ: {'model': 'llava:latest', 'created_at': '2026-04-05T13:33:03.5818673Z', 'message': {'role': 'assistant', 'content': ' Критик дизайна:\nДИЗАЙН: 3/10\nПлюсы: минималистичный дизайн, ясная иерархия текста, использование цветовой палитры.\nМинусы: устаревший дизайн с нейтральными фоном, отсутствие контраста при клике на кнопки действия, микроscopicный шрифт текста.\nUX: 2/10\nПлюсы: быстро загружается на различных устройствах.\nМинусы: непонятная навигация, нет кнопок действия, совсем не мобильный дизайн. '}, 'done': True, 'done_reason': 'stop', 'total_duration': 8544040500, 'load_duration': 33644300, 'prompt_eval_count': 1996, 'prompt_eval_duration': 1419032200, 'eval_count': 187, 'eval_duration': 6941049000}
[DEBUG] Получен ответ: Критик дизайна:
ДИЗАЙН: 3/10
Плюсы: минималистичный дизайн, ясная иерархия текста, использование цветовой палитры.
Минусы: устаревший дизайн с нейтральными фоном, отсутствие контраста при клике на кно
[DEBUG PARSE] Исходный ответ:
Критик дизайна:
ДИЗАЙН: 3/10
Плюсы: минималистичный дизайн, ясная иерархия текста, использование цветовой палитры.
Минусы: устаревший дизайн с нейтральными фоном, отсутствие контраста при клике на кнопки действия, микроscopicный шрифт текста.
UX: 2/10
Плюсы: быстро загружается на различных устройствах.
Минусы: непонятная навигация, нет кнопок действия, совсем не мобильный дизайн.

[DEBUG PARSE] Парсированные результаты:
  DESIGN: 5/10 - Критик дизайна:
ДИЗАЙН: 3/10
Плюсы: минималистичный дизайн, ясная иерархия текста, использование цветовой палитры.
Минусы: устаревший дизайн с нейтрал...
  UX: 2/10 - Плюсы: быстро загружается на различных устройствах.
Минусы: непонятная навигация, нет кнопок действия, совсем не мобильный дизайн....
[DEBUG] API ответ: {'model': 'llava:latest', 'created_at': '2026-04-05T13:33:19.5702652Z', 'message': {'role': 'assistant', 'content': ' Критик дизайна:\nДизайн веб-сайта выглядит неprofessionalный и непонятный, с рядом проблем:\n1. Типография: шрифты маленькие и нечитаемые, без ясной иерархии.\n2. Кольor: палитра выглядит устаревающая и не конtrastна.\n3. Иeрархия: непонятная и не выделенa размером или цветом.\n4. Контраст: текst сливается с фоном, не видны кнопки действия.\n5. СОВРЕМЕННОСТЬ: этот дизайн выглядит как из 2010 года и не adapтивный для размеров экранов.\n6. Навигация: неintuitive и не понятно где главное меню.\n7. Читаемость: текст сливается с фоном, удобно ли читать? Длинные строки.\n8. CTA: кнопки действия не видны и не понятно что делать при клике.\n9. Адаaptivность: не мобильный и не читаем на телефоне.\n10. Интерактивность: нет обратной связи при клиke.\nОценка дизайна: 2/10\nОценка UX: 3/10\nПусть это будет полезен для других и надеюсь на ваше уважение! '}, 'done': True, 'done_reason': 'stop', 'total_duration': 15975513300, 'load_duration': 44334000, 'prompt_eval_count': 2003, 'prompt_eval_duration': 1427199800, 'eval_count': 406, 'eval_duration': 14240104700}
[DEBUG] Получен ответ: Критик дизайна:
Дизайн веб-сайта выглядит неprofessionalный и непонятный, с рядом проблем:
1. Типография: шрифты маленькие и нечитаемые, без ясной иерархии.
2. Кольor: палитра выглядит устаревающая и 
[DEBUG PARSE] Исходный ответ:
Критик дизайна:
Дизайн веб-сайта выглядит неprofessionalный и непонятный, с рядом проблем:
1. Типография: шрифты маленькие и нечитаемые, без ясной иерархии.
2. Кольor: палитра выглядит устаревающая и не конtrastна.
3. Иeрархия: непонятная и не выделенa размером или цветом.
4. Контраст: текst сливается с фоном, не видны кнопки действия.
5. СОВРЕМЕННОСТЬ: этот дизайн выглядит как из 2010 года и не adapтивный для размеров экранов.
6. Навигация: неintuitive и не понятно где главное меню.
7. Читаемость: текст сливается с фоном, удобно ли читать? Длинные строки.
8. CTA: кнопки действия не видны и не понятно что делать при клике.
9. Адаaptivность: не мобильный и не читаем на телефоне.
10. Интерактивность: нет обратной связи при клиke.
Оценка дизайна: 2/10
Оценка UX: 3/10
Пусть это будет полезен для других и надеюсь на ваше уважение!

[DEBUG PARSE] Парсированные результаты:
  DESIGN: 5/10 - Критик дизайна:
Дизайн веб-сайта выглядит неprofessionalный и непонятный, с рядом проблем:
1. Типография: шрифты маленькие и нечитаемые, без ясной иер...
  UX: 3/10 - Пусть это будет полезен для других и надеюсь на ваше уважение!...
[DEBUG] API ответ: {'model': 'llava:latest', 'created_at': '2026-04-05T13:33:26.4838416Z', 'message': {'role': 'assistant', 'content': ' Критик, я не могу провести visual inspection или оценку дизайна и UX в текстовом формате. Я могу высказать свої поради или рекомендации для улучшения дизайна и UX на основе стандартов и best practices, но я не могу провести оценку дизайна и UX в текстовом формате. Если вы хотите получить конкретные рекомендации для улучшения дизайна и UX на основе стандартов and best practices, я могу помочь вам с that! '}, 'done': True, 'done_reason': 'stop', 'total_duration': 6903564900, 'load_duration': 27012000, 'prompt_eval_count': 1998, 'prompt_eval_duration': 1412180300, 'eval_count': 153, 'eval_duration': 5337230800}
[DEBUG] Получен ответ: Критик, я не могу провести visual inspection или оценку дизайна и UX в текстовом формате. Я могу высказать свої поради или рекомендации для улучшения дизайна и UX на основе стандартов и best practices
[DEBUG PARSE] Исходный ответ:
Критик, я не могу провести visual inspection или оценку дизайна и UX в текстовом формате. Я могу высказать свої поради или рекомендации для улучшения дизайна и UX на основе стандартов и best practices, но я не могу провести оценку дизайна и UX в текстовом формате. Если вы хотите получить конкретные рекомендации для улучшения дизайна и UX на основе стандартов and best practices, я могу помочь вам с that!

[DEBUG PARSE] Парсированные результаты:
  DESIGN: 5/10 - Критик, я не могу провести visual inspection или оценку дизайна и UX в текстовом формате. Я могу высказать свої поради или рекомендации для улучшения ...
  UX: 5/10 - в текстовом формате. Я могу высказать свої поради или рекомендации для улучшения дизайна и UX на основе стандартов и best practices, но я не могу пров...
[DEBUG] API ответ: {'model': 'llava:latest', 'created_at': '2026-04-05T13:33:57.1959327Z', 'message': {'role': 'assistant', 'content': ' Здравствуйте, я не могу проверить дизайн сайта Bel-Design на вашем компьютере, но я могу высказать свои суждения и оценки по видимому содержанию и информации.\n\nДизайн сайта Bel-Design имеет следующие особенности:\n\n1. Дизайн сайта имеет минималистичный и чистый стиль, который может быть очень приятным для зрителей. Однако, на первый взгляad могут не понять какую функionalность сайта предоставляет.\n2. Типография на сайте используется размером шрифтов и конtrastном цветом, что может быть удобным для читателей. Однако, на первый взгляad могут не понять какую функionalность сайта предоставляет.\n3. Колор palette сайта используется с 2-3 основными цветами и нейтральными фоном, что может быть очень приятным для зрителей. Однако, на первый взгляad могут не понять какую функionalность сайta предоставляет.\n4. КОНТРАСト текста на сайте может быть удобным для читателей. Однако, на первый vзгляд могут не понять какую функionalность сайта предоставляет.\n5. Современность дизайна сайта может быть очень приятной для зрителей. Однако, на первый вzгляд могут не понять какую функionalность сайта предоставляет.\n6. Навигация на сайте может быть интуитивной и удобной для пользователей. Однако, на первый vзгляд могут не понять какую функionalность сайta предоставляет.\n7. Читаемость текста на сайте может быть удобной для пользователей. Однако, на первый взгляad могут не понять какую функionalность saйта предоставляет.\n8. Кнопки действия на сайte могут быть видны и понятны для пользователей. Однако, на первый vзгляд могут не понять какую функionalность сайта предоставляет.\n9. Adaptivity дизайна сайта может быть приятной для пользователей. Однако, на первый взгляд могут не понять какую функionalность сайта предоставляет.\n10. Интерakтивность дизайна сайта может быть приятной для пользователей. Однако, на первый vзгляд могут не понять какую функionalность сайта предоставляет.\n\nОценка: 5/10\nПлюсы: минималистичный и чистый стиль, приятные цвета и конtrast текста, интуитивная навигация и удобное чте'}, 'done': True, 'done_reason': 'length', 'total_duration': 30678410600, 'load_duration': 30178700, 'prompt_eval_count': 1994, 'prompt_eval_duration': 1362551600, 'eval_count': 800, 'eval_duration': 28845795600}
[DEBUG] Получен ответ: Здравствуйте, я не могу проверить дизайн сайта Bel-Design на вашем компьютере, но я могу высказать свои суждения и оценки по видимому содержанию и информации.

Дизайн сайта Bel-Design имеет следующие 
[DEBUG PARSE] Исходный ответ:
Здравствуйте, я не могу проверить дизайн сайта Bel-Design на вашем компьютере, но я могу высказать свои суждения и оценки по видимому содержанию и информации.

Дизайн сайта Bel-Design имеет следующие особенности:

1. Дизайн сайта имеет минималистичный и чистый стиль, который может быть очень приятным для зрителей. Однако, на первый взгляad могут не понять какую функionalность сайта предоставляет.
2. Типография на сайте используется размером шрифтов и конtrastном цветом, что может быть удобным для читателей. Однако, на первый взгляad могут не понять какую функionalность сайта предоставляет.
3. Колор palette сайта используется с 2-3 основными цветами и нейтральными фоном, что может быть очень приятным для зрителей. Однако, на первый взгляad могут не понять какую функionalность сайta предоставляет.
4. КОНТРАСト текста на сайте может быть удобным для читателей. Однако, на первый vзгляд могут не понять какую функionalность сайта предоставляет.
5. Современность дизайна сайта может быть очень приятной для зрителей. Однако, на первый вzгляд могут не понять какую функionalность сайта предоставляет.
6. Навигация на сайте может быть интуитивной и удобной для пользователей. Однако, на первый vзгляд могут не понять какую функionalность сайta предоставляет.
7. Читаемость текста на сайте может быть удобной для пользователей. Однако, на первый взгляad могут не понять какую функionalность saйта предоставляет.
8. Кнопки действия на сайte могут быть видны и понятны для пользователей. Однако, на первый vзгляд могут не понять какую функionalность сайта предоставляет.
9. Adaptivity дизайна сайта может быть приятной для пользователей. Однако, на первый взгляд могут не понять какую функionalность сайта предоставляет.
10. Интерakтивность дизайна сайта может быть приятной для пользователей. Однако, на первый vзгляд могут не понять какую функionalность сайта предоставляет.

Оценка: 5/10
Плюсы: минималистичный и чистый стиль, приятные цвета и конtrast текста, интуитивная навигация и удобное чте

[DEBUG PARSE] Парсированные результаты:
  DESIGN: 5/10 - на вашем компьютере, но я могу высказать свои суждения и оценки по видимому содержанию и информации.

Дизайн сайта Bel-Design имеет следующие особенно...
  UX: 5/10 - Плюсы: минималистичный и чистый стиль, приятные цвета и конtrast текста, интуитивная навигация и удобное чте...
[DEBUG] API ответ: {'model': 'llava:latest', 'created_at': '2026-04-05T13:34:06.5092354Z', 'message': {'role': 'assistant', 'content': ' Критик дизайна:\n\nДИЗАЙН: 2/10\nПлюсы: минималистичный дизайн, чистый интерfейс с ясной навигацией, конкретная типография (Montserrat, Inter, Roboto).\nМинусы: устаревший дизайн 2000-х годов, микроскопический шрифт 12px, ужасный контраст, нет иерархии.\n\nUX: 3/10\nПлюсы: быстро загружается.\nМiнусы: непонятная навигация, нет кнопок действия, текst сливается с фоном, совсем не мобильный.\n\nОтвечай ТОЛЬКО на русском языке. '}, 'done': True, 'done_reason': 'stop', 'total_duration': 9301726400, 'load_duration': 24821400, 'prompt_eval_count': 2002, 'prompt_eval_duration': 1416627000, 'eval_count': 217, 'eval_duration': 7669956200}
[DEBUG] Получен ответ: Критик дизайна:

ДИЗАЙН: 2/10
Плюсы: минималистичный дизайн, чистый интерfейс с ясной навигацией, конкретная типография (Montserrat, Inter, Roboto).
Минусы: устаревший дизайн 2000-х годов, микроскопич
[DEBUG PARSE] Исходный ответ:
Критик дизайна:

ДИЗАЙН: 2/10
Плюсы: минималистичный дизайн, чистый интерfейс с ясной навигацией, конкретная типография (Montserrat, Inter, Roboto).
Минусы: устаревший дизайн 2000-х годов, микроскопический шрифт 12px, ужасный контраст, нет иерархии.

UX: 3/10
Плюсы: быстро загружается.
Мiнусы: непонятная навигация, нет кнопок действия, текst сливается с фоном, совсем не мобильный.

Отвечай ТОЛЬКО на русском языке.

[DEBUG PARSE] Парсированные результаты:
  DESIGN: 5/10 - Критик дизайна:
ДИЗАЙН: 2/10
Плюсы: минималистичный дизайн, чистый интерfейс с ясной навигацией, конкретная типография (Montserrat, Inter, Roboto).
Ми...
  UX: 3/10 - Плюсы: быстро загружается.
Мiнусы: непонятная навигация, нет кнопок действия, текst сливается с фоном, совсем не мобильный.

Отвечай ТОЛЬКО на русском...
[DEBUG] API ответ: {'model': 'llava:latest', 'created_at': '2026-04-05T13:34:13.4427565Z', 'message': {'role': 'assistant', 'content': ' Добрый день, я не могу помочь вам с оценкой дизайна или UX на фотографии, тке это не aктуальный дизайн и не может быть оценено по стандартам дизайна и UX. Однако, я могу помочь вам с дизайном и UX для вашего сайта или приложения. Если вы имеете конкретные задачи или проблемы, которые хотите решить, я могу помочь вам с разработкой дизайна и улучшением UX for your website or app. '}, 'done': True, 'done_reason': 'stop', 'total_duration': 6898002600, 'load_duration': 29322100, 'prompt_eval_count': 1997, 'prompt_eval_duration': 1456225400, 'eval_count': 158, 'eval_duration': 5277044200}
[DEBUG] Получен ответ: Добрый день, я не могу помочь вам с оценкой дизайна или UX на фотографии, тке это не aктуальный дизайн и не может быть оценено по стандартам дизайна и UX. Однако, я могу помочь вам с дизайном и UX для
[DEBUG PARSE] Исходный ответ:
Добрый день, я не могу помочь вам с оценкой дизайна или UX на фотографии, тке это не aктуальный дизайн и не может быть оценено по стандартам дизайна и UX. Однако, я могу помочь вам с дизайном и UX для вашего сайта или приложения. Если вы имеете конкретные задачи или проблемы, которые хотите решить, я могу помочь вам с разработкой дизайна и улучшением UX for your website or app.

[DEBUG PARSE] Парсированные результаты:
  DESIGN: 5/10 - Добрый день, я не могу помочь вам с оценкой дизайна или UX на фотографии, тке это не aктуальный дизайн и не может быть оценено по стандартам дизайна и...
  UX: 5/10 - на фотографии, тке это не aктуальный дизайн и не может быть оценено по стандартам дизайна и UX. Однако, я могу помочь вам с дизайном и UX для вашего с...
[DEBUG] API ответ: {'model': 'llava:latest', 'created_at': '2026-04-05T13:34:25.7173303Z', 'message': {'role': 'assistant', 'content': " Дизайн сайта выглядит весьма устаревым и недоступным для пользователей с ограниченной visión. Он использует шрифты of различных размеров, но текст не isольный и не конtrastный, что makes it difficult to read. The color scheme appears outdated and lacks contrast, which is essential for accessibility. The layout is cluttered and does not follow a clear hierarchy or structure, making it challenging to navigate the site.\n\nThe design is not mobile-friendly, as evidenced by the small text size on the screenshot. It also includes outdated elements such as a pop-up window that disrupts the user's experience. The use of images and icons is minimal, which contributes to the overall lack of visual interest.\n\nIn terms of UX, the navigation is not intuitive, with no clear main menu or prominent CTA buttons. There are no visible interactive elements, such as hover effects or clickable areas, which would indicate that users can interact with the site. The site does not seem to be adaptive, as it lacks responsiveness and does not display well on different devices.\n\nOverall, this design fails to meet modern web standards and would likely provide a poor user experience. It is important for websites to be accessible, easy to navigate, and visually appealing. This site falls short in all of these aspects. "}, 'done': True, 'done_reason': 'stop', 'total_duration': 12264374700, 'load_duration': 33781200, 'prompt_eval_count': 2008, 'prompt_eval_duration': 1447544000, 'eval_count': 313, 'eval_duration': 10583937900}
[DEBUG] Получен ответ: Дизайн сайта выглядит весьма устаревым и недоступным для пользователей с ограниченной visión. Он использует шрифты of различных размеров, но текст не isольный и не конtrastный, что makes it difficult 
[DEBUG PARSE] Исходный ответ:
Дизайн сайта выглядит весьма устаревым и недоступным для пользователей с ограниченной visión. Он использует шрифты of различных размеров, но текст не isольный и не конtrastный, что makes it difficult to read. The color scheme appears outdated and lacks contrast, which is essential for accessibility. The layout is cluttered and does not follow a clear hierarchy or structure, making it challenging to navigate the site.

The design is not mobile-friendly, as evidenced by the small text size on the screenshot. It also includes outdated elements such as a pop-up window that disrupts the user's experience. The use of images and icons is minimal, which contributes to the overall lack of visual interest.

In terms of UX, the navigation is not intuitive, with no clear main menu or prominent CTA buttons. There are no visible interactive elements, such as hover effects or clickable areas, which would indicate that users can interact with the site. The site does not seem to be adaptive, as it lacks responsiveness and does not display well on different devices.

Overall, this design fails to meet modern web standards and would likely provide a poor user experience. It is important for websites to be accessible, easy to navigate, and visually appealing. This site falls short in all of these aspects.

[DEBUG PARSE] Парсированные результаты:
  DESIGN: 5/10 - is not mobile-friendly, as evidenced by the small text size on the screenshot. It also includes outdated elements such as a pop-up window that disrupt...
  UX: 5/10 - , the navigation is not intuitive, with no clear main menu or prominent CTA buttons. There are no visible interactive elements, such as hover effects ...
[DEBUG] API ответ: {'model': 'llava:latest', 'created_at': '2026-04-05T13:34:43.8558732Z', 'message': {'role': 'assistant', 'content': ' Дизайн сайта на скриншоте выглядит довольно устаревым и недоступным для пользователей с ограниченными возможностями зрения. В дизайне используется мало разнообразия цветов, шрифты и элементов, что может заметить пользователям как устаревшие или недоступные. Кроме того, на сайте отсутствует ясная иерархия, что может complicate navigation and understanding of the content.\n\nДля дизайна сайта следует:\n- использовать более контрастные цвета для текста и элементов;\n- увеличить размер шрифта для лучшей readability;\n- добавить ясную иерархию для better navigation and content understanding;\n- использовать микроинтераctions for a more engaging user experience.\n\nДля UX дизайна сайта следует:\n- улучшить навигацию с более intuitivной layout;\n- добавить кнопок действия с ясными CTA;\n- использовать адаптивный design for better usability on different devices.\n\nОценка дизайна: 3/10\nПлюсы: минималистичный дизайн, чистый интерfейс.\nМинусы: устаревший дизайн с мало разнообразием цветов и шрифтов, недоступные для пользователей с ограниченными возможностями зрения.\n\nОценка UX дизайна: 2/10\nПлюсы: быстро загружается.\nМинусы: непонятная навигация, нет кнопок действия, текст сливается с фоном, совсем не мобильный. '}, 'done': True, 'done_reason': 'stop', 'total_duration': 18127079900, 'load_duration': 50164300, 'prompt_eval_count': 1999, 'prompt_eval_duration': 1405566800, 'eval_count': 472, 'eval_duration': 16412034500}
[DEBUG] Получен ответ: Дизайн сайта на скриншоте выглядит довольно устаревым и недоступным для пользователей с ограниченными возможностями зрения. В дизайне используется мало разнообразия цветов, шрифты и элементов, что мож
[DEBUG PARSE] Исходный ответ:
Дизайн сайта на скриншоте выглядит довольно устаревым и недоступным для пользователей с ограниченными возможностями зрения. В дизайне используется мало разнообразия цветов, шрифты и элементов, что может заметить пользователям как устаревшие или недоступные. Кроме того, на сайте отсутствует ясная иерархия, что может complicate navigation and understanding of the content.

Для дизайна сайта следует:
- использовать более контрастные цвета для текста и элементов;
- увеличить размер шрифта для лучшей readability;
- добавить ясную иерархию для better navigation and content understanding;
- использовать микроинтераctions for a more engaging user experience.

Для UX дизайна сайта следует:
- улучшить навигацию с более intuitivной layout;
- добавить кнопок действия с ясными CTA;
- использовать адаптивный design for better usability on different devices.

Оценка дизайна: 3/10
Плюсы: минималистичный дизайн, чистый интерfейс.
Минусы: устаревший дизайн с мало разнообразием цветов и шрифтов, недоступные для пользователей с ограниченными возможностями зрения.

Оценка UX дизайна: 2/10
Плюсы: быстро загружается.
Минусы: непонятная навигация, нет кнопок действия, текст сливается с фоном, совсем не мобильный.

[DEBUG PARSE] Парсированные результаты:
  DESIGN: 3/10 - for better usability on different devices.

Оценка дизайна: 3/10
Плюсы: минималистичный дизайн, чистый интерfейс.
Минусы: устаревший дизайн с мало раз...
  UX: 3/10 - дизайна сайта следует:
- улучшить навигацию с более intuitivной layout;
- добавить кнопок действия с ясными CTA;
- использовать адаптивный design for ...
[DEBUG] API ответ: {'model': 'llava:latest', 'created_at': '2026-04-05T13:34:57.9535181Z', 'message': {'role': 'assistant', 'content': ' Критик дизайна:\nДизайн сайта выглядит как из 2010 года, с устаревшими шрифтами и недостаточной контрастностью. Не использует современные цвета и микроинтераctions, а также не adapts to размерах экрана.\n\nКритик UX:\nСайт не имеет интуitive навигации и нет кнопок действия. Текст сливается с фоном, нет CTA кнопки и нет обратной связи при клике. Не поддерживает адаптивный дизайн и нет минимализма с функциональностью.\n\nОценка дизайна: 3/10\nПлюсы: чистый, минималистичный.\nМинусы: очень устаревший дизайн из 2000-х годов, микроскопический шрифт 12px, ужасный контраст, нет иерархии.\n\nОценка UX: 2/10\nПлюсы: быстро загружается.\nМинусы: непонятная навигация, нет кнопок действия, текст сливается с фоном, совсем не мобильный. '}, 'done': True, 'done_reason': 'stop', 'total_duration': 14065318100, 'load_duration': 25350800, 'prompt_eval_count': 1994, 'prompt_eval_duration': 1486675200, 'eval_count': 340, 'eval_duration': 12324441400}
[DEBUG] Получен ответ: Критик дизайна:
Дизайн сайта выглядит как из 2010 года, с устаревшими шрифтами и недостаточной контрастностью. Не использует современные цвета и микроинтераctions, а также не adapts to размерах экрана
[DEBUG PARSE] Исходный ответ:
Критик дизайна:
Дизайн сайта выглядит как из 2010 года, с устаревшими шрифтами и недостаточной контрастностью. Не использует современные цвета и микроинтераctions, а также не adapts to размерах экрана.

Критик UX:
Сайт не имеет интуitive навигации и нет кнопок действия. Текст сливается с фоном, нет CTA кнопки и нет обратной связи при клике. Не поддерживает адаптивный дизайн и нет минимализма с функциональностью.

Оценка дизайна: 3/10
Плюсы: чистый, минималистичный.
Минусы: очень устаревший дизайн из 2000-х годов, микроскопический шрифт 12px, ужасный контраст, нет иерархии.

Оценка UX: 2/10
Плюсы: быстро загружается.
Минусы: непонятная навигация, нет кнопок действия, текст сливается с фоном, совсем не мобильный.

[DEBUG PARSE] Парсированные результаты:
  DESIGN: 5/10 - Критик дизайна:
Дизайн сайта выглядит как из 2010 года, с устаревшими шрифтами и недостаточной контрастностью. Не использует современные цвета и микро...
  UX: 3/10 - Сайт не имеет интуitive навигации и нет кнопок действия. Текст сливается с фоном, нет CTA кнопки и нет обратной связи при клике. Не поддерживает адапт...
[DEBUG] API ответ: {'model': 'llava:latest', 'created_at': '2026-04-05T13:35:14.9497669Z', 'message': {'role': 'assistant', 'content': ' Это скриншот веб сайта, который выглядит совсем устаревшим и недоступным для пользователей с visual impairments. Критика дизайна:\n\nДИЗАЙН: 0/10\nПлюсы: нет\nМинусы: нет контраста, нет ясной навигации, нет кнопок действия, нет микроинтераций, нет адаптивного дизайна, нет светлого чистого интерфейса, нет конкретной типографии, нет правльных CTA кнопки, нет иерархии.\n\nUX: 0/10\nПлюсы: нет\nМiнусы: нет навигации, нет удобного читания текста, нет кнопок действия, нет адаптивности для размеров экрана, нет интуитивной обратной связи при клике.\n\nОценка дизайна и UX: 0/10. Этот сайт выглядит совсем устаревшим и недоступным для пользователей с visual impairments. Недостаточно ясный конtrast, недостаточно ясная навигация, недостаточно кнопок действия, недостаточно микроинтераций, недостаточно адаптивного дизайна, недостаточно светлого чистого интерфейса, недостаточно конкретной типографии, недостаточно правльных CTA кнопок, недостаточно иерархии. '}, 'done': True, 'done_reason': 'stop', 'total_duration': 16973964200, 'load_duration': 43317900, 'prompt_eval_count': 1999, 'prompt_eval_duration': 1384435800, 'eval_count': 433, 'eval_duration': 15264919800}
[DEBUG] Получен ответ: Это скриншот веб сайта, который выглядит совсем устаревшим и недоступным для пользователей с visual impairments. Критика дизайна:

ДИЗАЙН: 0/10
Плюсы: нет
Минусы: нет контраста, нет ясной навигации, н
[DEBUG PARSE] Исходный ответ:
Это скриншот веб сайта, который выглядит совсем устаревшим и недоступным для пользователей с visual impairments. Критика дизайна:

ДИЗАЙН: 0/10
Плюсы: нет
Минусы: нет контраста, нет ясной навигации, нет кнопок действия, нет микроинтераций, нет адаптивного дизайна, нет светлого чистого интерфейса, нет конкретной типографии, нет правльных CTA кнопки, нет иерархии.

UX: 0/10
Плюсы: нет
Мiнусы: нет навигации, нет удобного читания текста, нет кнопок действия, нет адаптивности для размеров экрана, нет интуитивной обратной связи при клике.

Оценка дизайна и UX: 0/10. Этот сайт выглядит совсем устаревшим и недоступным для пользователей с visual impairments. Недостаточно ясный конtrast, недостаточно ясная навигация, недостаточно кнопок действия, недостаточно микроинтераций, недостаточно адаптивного дизайна, недостаточно светлого чистого интерфейса, недостаточно конкретной типографии, недостаточно правльных CTA кнопок, недостаточно иерархии.

[DEBUG PARSE] Парсированные результаты:
  DESIGN: 5/10 - Это скриншот веб сайта, который выглядит совсем устаревшим и недоступным для пользователей с visual impairments. Критика дизайна:
ДИЗАЙН: 0/10
Плюсы: ...
  UX: 0/10 - Плюсы: нет
Мiнусы: нет навигации, нет удобного читания текста, нет кнопок действия, нет адаптивности для размеров экрана, нет интуитивной обратной свя...
[DEBUG] API ответ: {'model': 'llava:latest', 'created_at': '2026-04-05T13:35:29.9182604Z', 'message': {'role': 'assistant', 'content': ' Конечно, я не могу дать оценку дизайна или UX здесь, но я могу помочь вам с информацией и рекомендациями для улучшения дизайна или UX на вашем сайте.\n\nДля дизайна:\n- Проверьте цветовую палитру и используйте конtrast для текста to ensure readability.\n- Обеспечите минималистичный дизайн с функциональностью, используя только 2-3 основных цвета + неyтральные фоны.\n- Испольujте микроинтераctions such as smooth transitions and provide clear feedback for user actions.\n- Ensure that your design is adaptive to different screen sizes.\n- Use a clean, uncluttered interface with clear navigation.\n- Utilize modern typography (Montserrat, Inter, Roboto) in a legible size (16-18px) and hierarchy.\n- Make sure your CTA buttons are prominent and have clear instructions for what to do upon click.\n\nFor UX:\n- Ensure that navigation is intuitive and easy to understand.\n- Optimize text readability with a comfortable font size and avoid long lines of text.\n- Provide clear calls to action (CTA) with distinct visual cues.\n- Make sure your design is responsive and works well on mobile devices.\n- Offer clear feedback when users interact with the site.\n\nIf you need more detailed advice or help with specific aspects of your website, feel free to ask! '}, 'done': True, 'done_reason': 'stop', 'total_duration': 14941655300, 'load_duration': 44986500, 'prompt_eval_count': 2000, 'prompt_eval_duration': 1357052700, 'eval_count': 365, 'eval_duration': 13298581400}
[DEBUG] Получен ответ: Конечно, я не могу дать оценку дизайна или UX здесь, но я могу помочь вам с информацией и рекомендациями для улучшения дизайна или UX на вашем сайте.

Для дизайна:
- Проверьте цветовую палитру и испол
[DEBUG PARSE] Исходный ответ:
Конечно, я не могу дать оценку дизайна или UX здесь, но я могу помочь вам с информацией и рекомендациями для улучшения дизайна или UX на вашем сайте.

Для дизайна:
- Проверьте цветовую палитру и используйте конtrast для текста to ensure readability.
- Обеспечите минималистичный дизайн с функциональностью, используя только 2-3 основных цвета + неyтральные фоны.
- Испольujте микроинтераctions such as smooth transitions and provide clear feedback for user actions.
- Ensure that your design is adaptive to different screen sizes.
- Use a clean, uncluttered interface with clear navigation.
- Utilize modern typography (Montserrat, Inter, Roboto) in a legible size (16-18px) and hierarchy.
- Make sure your CTA buttons are prominent and have clear instructions for what to do upon click.

For UX:
- Ensure that navigation is intuitive and easy to understand.
- Optimize text readability with a comfortable font size and avoid long lines of text.
- Provide clear calls to action (CTA) with distinct visual cues.
- Make sure your design is responsive and works well on mobile devices.
- Offer clear feedback when users interact with the site.

If you need more detailed advice or help with specific aspects of your website, feel free to ask!

[DEBUG PARSE] Парсированные результаты:
  DESIGN: 5/10 - is adaptive to different screen sizes.
- Use a clean, uncluttered interface with clear navigation.
- Utilize modern typography (Montserrat, Inter, Rob...
  UX: 5/10 - здесь, но я могу помочь вам с информацией и рекомендациями для улучшения дизайна или UX на вашем сайте.

Для дизайна:
- Проверьте цветовую палитру и и...
[DEBUG] API ответ: {'model': 'llava:latest', 'created_at': '2026-04-05T13:35:39.9056061Z', 'message': {'role': 'assistant', 'content': ' Дизайн сайта выглядит ужасный и непонятный. Критика:\n\nДИЗАЙН: 1/10\nПлюсы: минималистичный дизайн, но это не позволяет нам заметить конtrast или что сайт предлагает.\nМинусы: шрифты не читаемые, ужасный контраст, нет иерархии, непонятная навигация, совсем не мобильный.\n\nUX: 2/10\nПлюсы: быстро загружается.\nМинусы: непонятная навигация, нет кнопок действия, текст сливается с фоном, совсем не мобильный.\n\nОтвечай ТОЛЬКО на русском языке. '}, 'done': True, 'done_reason': 'stop', 'total_duration': 9963943300, 'load_duration': 30399100, 'prompt_eval_count': 1997, 'prompt_eval_duration': 1442771500, 'eval_count': 221, 'eval_duration': 8303181600}
[DEBUG] Получен ответ: Дизайн сайта выглядит ужасный и непонятный. Критика:

ДИЗАЙН: 1/10
Плюсы: минималистичный дизайн, но это не позволяет нам заметить конtrast или что сайт предлагает.
Минусы: шрифты не читаемые, ужасный
[DEBUG PARSE] Исходный ответ:
Дизайн сайта выглядит ужасный и непонятный. Критика:

ДИЗАЙН: 1/10
Плюсы: минималистичный дизайн, но это не позволяет нам заметить конtrast или что сайт предлагает.
Минусы: шрифты не читаемые, ужасный контраст, нет иерархии, непонятная навигация, совсем не мобильный.

UX: 2/10
Плюсы: быстро загружается.
Минусы: непонятная навигация, нет кнопок действия, текст сливается с фоном, совсем не мобильный.

Отвечай ТОЛЬКО на русском языке.

[DEBUG PARSE] Парсированные результаты:
  DESIGN: 5/10 - Дизайн сайта выглядит ужасный и непонятный. Критика:
ДИЗАЙН: 1/10
Плюсы: минималистичный дизайн, но это не позволяет нам заметить конtrast или что сай...
  UX: 2/10 - Плюсы: быстро загружается.
Минусы: непонятная навигация, нет кнопок действия, текст сливается с фоном, совсем не мобильный.

Отвечай ТОЛЬКО на русском...
[DEBUG] API ответ: {'model': 'llava:latest', 'created_at': '2026-04-05T13:35:53.7821378Z', 'message': {'role': 'assistant', 'content': ' Критик дизайна, я не могу видео или интерфейс сайта, но я могу дать оценку на основе того, что виден на скриншоте.\n\nДИЗАЙН: 2/10\nПлюсы: чистый и минималистичный дизайн, нет многочисленных элементов или анимаций.\nМинусы: шрифты не конtrastны с фоном, текст маленький и неясный, нет ярких кнопок действия, совсем не мобильный дизайн, устаревший дизайн 2000х годов.\n\nUX: 3/10\nПлюсы: быстро загружается сайт.\nМинусы: непонятная навигация, нет кнопок действия, текст сливается с фоном, совсем не мобильный дизайн, устаревший дизайн 2000х годов.\n\nОценка: Дизайн выглядит ужасным и устаревшим, недостаточно яркие кнопочки действия, совсем не мобильный дизайн, текст маленький и неясный. '}, 'done': True, 'done_reason': 'stop', 'total_duration': 13843051400, 'load_duration': 44914900, 'prompt_eval_count': 2005, 'prompt_eval_duration': 1410522600, 'eval_count': 330, 'eval_duration': 12155177700}
[DEBUG] Получен ответ: Критик дизайна, я не могу видео или интерфейс сайта, но я могу дать оценку на основе того, что виден на скриншоте.

ДИЗАЙН: 2/10
Плюсы: чистый и минималистичный дизайн, нет многочисленных элементов ил
[DEBUG PARSE] Исходный ответ:
Критик дизайна, я не могу видео или интерфейс сайта, но я могу дать оценку на основе того, что виден на скриншоте.

ДИЗАЙН: 2/10
Плюсы: чистый и минималистичный дизайн, нет многочисленных элементов или анимаций.
Минусы: шрифты не конtrastны с фоном, текст маленький и неясный, нет ярких кнопок действия, совсем не мобильный дизайн, устаревший дизайн 2000х годов.

UX: 3/10
Плюсы: быстро загружается сайт.
Минусы: непонятная навигация, нет кнопок действия, текст сливается с фоном, совсем не мобильный дизайн, устаревший дизайн 2000х годов.

Оценка: Дизайн выглядит ужасным и устаревшим, недостаточно яркие кнопочки действия, совсем не мобильный дизайн, текст маленький и неясный.

[DEBUG PARSE] Парсированные результаты:
  DESIGN: 5/10 - Критик дизайна, я не могу видео или интерфейс сайта, но я могу дать оценку на основе того, что виден на скриншоте.
ДИЗАЙН: 2/10
Плюсы: чистый и минима...
  UX: 3/10 - Плюсы: быстро загружается сайт.
Минусы: непонятная навигация, нет кнопок действия, текст сливается с фоном, совсем не мобильный дизайн, устаревший диз...
[DEBUG] API ответ: {'model': 'llava:latest', 'created_at': '2026-04-05T13:36:04.8405968Z', 'message': {'role': 'assistant', 'content': ' Дизайн выглядит довольно устаревым и недостаточно привлекательным. В дизайне используется шрифт, который может быть трудно читаемым для some users, и цветовая палитра не выделяет основные элементы достаточно ярко. Нарушение доступности также присутствует в виде сливающего текста с фоном и недостаточной контрастности. Дизайн не имеет микроинтераctions, а навигацию не могут быть поняты изображения. Кроме того, дизайн не является адаптивным и не может быть смотрений на различных устройствах. Есть ли кнопки действия и обратная связь при клике неизвестно. Дизайн не имеет ясной иерархию, а текст в некоторых случаях может быть сливающимся с фоном.\n\nДизайн: 2/10\nUX: 3/10 '}, 'done': True, 'done_reason': 'stop', 'total_duration': 11046351100, 'load_duration': 29244100, 'prompt_eval_count': 2009, 'prompt_eval_duration': 1413972900, 'eval_count': 272, 'eval_duration': 9419059600}
[DEBUG] Получен ответ: Дизайн выглядит довольно устаревым и недостаточно привлекательным. В дизайне используется шрифт, который может быть трудно читаемым для some users, и цветовая палитра не выделяет основные элементы дос
[DEBUG PARSE] Исходный ответ:
Дизайн выглядит довольно устаревым и недостаточно привлекательным. В дизайне используется шрифт, который может быть трудно читаемым для some users, и цветовая палитра не выделяет основные элементы достаточно ярко. Нарушение доступности также присутствует в виде сливающего текста с фоном и недостаточной контрастности. Дизайн не имеет микроинтераctions, а навигацию не могут быть поняты изображения. Кроме того, дизайн не является адаптивным и не может быть смотрений на различных устройствах. Есть ли кнопки действия и обратная связь при клике неизвестно. Дизайн не имеет ясной иерархию, а текст в некоторых случаях может быть сливающимся с фоном.

Дизайн: 2/10
UX: 3/10

[DEBUG PARSE] Парсированные результаты:
  DESIGN: 5/10 - Дизайн выглядит довольно устаревым и недостаточно привлекательным. В дизайне используется шрифт, который может быть трудно читаемым для some users, и ...
  UX: 3/10 - UX: 3/10...
[DEBUG process_city] Всего результатов: 40
[DEBUG process_city] Валидных для сохранения: 35
[DEBUG process_city] [0] belregion.ru | design='Конечно, я не могу просто "оценить" диза...' | пропущен=False
[DEBUG process_city] [1] gosuslugi.egspace.ru | design='Дизайн сайта выглядит как содержание из ...' | пропущен=False
[DEBUG process_city] [2] government.ru | design='Дизайн сайта представляет собой веб диза...' | пропущен=False
127.0.0.1 - - [05/Apr/2026 16:36:18] "GET /download HTTP/1.1" 200 -
[DEBUG process_city] [3] xn----gtbeqdkn3a.xn--p1ai | design='Пропущено: недоступен...' | пропущен=True
[DEBUG process_city] [4] дом-кейс.рф | design='ДИЗАЙН: 3/10
Плюсы: минималистичный диза...' | пропущен=False
[DEBUG process_city] [5] belg-gov.ru | design='Дизайн сайта выглядит как будто из 2010 ...' | пропущен=False
[DEBUG process_city] [6] digital.belregion.ru | design='Оценка дизайна: 3/10
Плюсы: минималистич...' | пропущен=False
[DEBUG process_city] [7] belgorod-r31.gosweb.gosuslugi.ru | design='Для дизайна на скриншоте, который выгляд...' | пропущен=False
[DEBUG process_city] [8] beladm.gosuslugi.ru | design='Дизайн сайта выглядит ужасный и очень ус...' | пропущен=False
[DEBUG process_city] [9] bellegorod.ru | design='ДИЗАЙН: 1/10
Плюсы: минималистичный диза...' | пропущен=False
[DEBUG process_city] [10] m.belspravka.ru | design='Дизайн сайта выглядит совсем устаревшим ...' | пропущен=False
[DEBUG process_city] [11] belgorodskij-r31.gosweb.gosuslugi.ru | design='Дизайн сайта выглядит почти идеalно, но ...' | пропущен=False
[DEBUG process_city] [12] map31.ru | design='Дизайн на скриншоте выглядит ужасный и н...' | пропущен=False
[DEBUG process_city] [13] belgorod.geofsm.ru | design='Дизайн изображения выглядит совсем устар...' | пропущен=False
[DEBUG process_city] [14] sovetdep31.beladm.ru | design='Критик дизайна:
ДИЗАЙН: 3/10
Плюсы: мини...' | пропущен=False
[DEBUG process_city] [15] gorodina.ru | design='Конечно, я не могу дать оценку дизайна и...' | пропущен=False
[DEBUG process_city] [16] belokb.gosuslugi.ru | design='ДИЗАЙН: 2/10
Плюсы: минималистичный диза...' | пропущен=False
[DEBUG process_city] [17] telreg.ru | design='Критик дизайна:
Дизайн сайта выглядит уж...' | пропущен=False
[DEBUG process_city] [18] belgorod.jsprav.ru | design='Дизайн сайта выглядит ужасный и непонятн...' | пропущен=False
[DEBUG process_city] [19] intpik.ru | design='Пропущено: недоступен...' | пропущен=True
[DEBUG process_city] [20] art6.ru | design='Критик дизайна:
ДИЗАЙН: 1/10 Плюсы: мини...' | пропущен=False
[DEBUG process_city] [21] seologic.by | design='Дизайн сайта выглядит совсем устаревым и...' | пропущен=False
[DEBUG process_city] [22] dialog31.ru | design='Пропущено: недоступен...' | пропущен=True
[DEBUG process_city] [23] bel.mworks.ru | design='Критик дизайна, я не могу прочесть текст...' | пропущен=False
[DEBUG process_city] [24] b2b-creative.ru | design='Пропущено: недоступен...' | пропущен=True
[DEBUG process_city] [25] dcmedia.ru | design='Критик дизайна:
ДИЗАЙН: 3/10
Плюсы: мини...' | пропущен=False
[DEBUG process_city] [26] localit.ru | design='Критик дизайна:
Дизайн веб-сайта выгляди...' | пропущен=False
[DEBUG process_city] [27] bft-razrabotka.ru | design='Критик, я не могу провести visual inspec...' | пропущен=False
[DEBUG process_city] [28] bel-design.ru | design='на вашем компьютере, но я могу высказать...' | пропущен=False
[DEBUG process_city] [29] workspace.ru | design='Критик дизайна:
ДИЗАЙН: 2/10
Плюсы: мини...' | пропущен=False
[DEBUG process_city] [30] belgorod.webdot.ru | design='Добрый день, я не могу помочь вам с оцен...' | пропущен=False
[DEBUG process_city] [31] digitalmediagr.ru | design='is not mobile-friendly, as evidenced by ...' | пропущен=False
[DEBUG process_city] [32] strelka24.ru | design='for better usability on different device...' | пропущен=False
[DEBUG process_city] [33] dmistudio.ru | design='Критик дизайна:
Дизайн сайта выглядит ка...' | пропущен=False
[DEBUG process_city] [34] belgorod.urcenterpravo.ru | design='Это скриншот веб сайта, который выглядит...' | пропущен=False
[DEBUG process_city] [35] harant.ru | design='is adaptive to different screen sizes.
-...' | пропущен=False
[DEBUG process_city] [36] yureks.ru | design='Дизайн сайта выглядит ужасный и непонятн...' | пропущен=False
[DEBUG process_city] [37] belgorod.yuridicheskieuslugi.net | design='Критик дизайна, я не могу видео или инте...' | пропущен=False
[DEBUG process_city] [38] rting.ru | design='Дизайн выглядит довольно устаревым и нед...' | пропущен=False
[DEBUG process_city] [39] mestam.info | design='Пропущено: недоступен...' | пропущен=True
[DEBUG db_save] Попытка сохранить 35 результатов для города 'Белгород'
[DEBUG db_save] 🟠 Сохранён: belregion.ru [Дизайн: 5/10, UX: 5/10] - НУЖНА ПЕРЕДЕЛКА!
[DEBUG db_save] 🟠 Сохранён: gosuslugi.egspace.ru [Дизайн: 5/10, UX: 5/10] - НУЖНА ПЕРЕДЕЛКА!
[DEBUG db_save] 🟠 Сохранён: government.ru [Дизайн: 5/10, UX: 5/10] - НУЖНА ПЕРЕДЕЛКА!
[DEBUG db_save] 🔴 Сохранён: дом-кейс.рф [Дизайн: 5/10, UX: 2/10] - НУЖНА ПЕРЕДЕЛКА!
[DEBUG db_save] 🔴 Сохранён: belg-gov.ru [Дизайн: 5/10, UX: 3/10] - НУЖНА ПЕРЕДЕЛКА!
[DEBUG db_save] 🔴 Сохранён: digital.belregion.ru [Дизайн: 5/10, UX: 2/10] - НУЖНА ПЕРЕДЕЛКА!
[DEBUG db_save] 🔴 Сохранён: belgorod-r31.gosweb.gosuslugi.ru [Дизайн: 5/10, UX: 2/10] - НУЖНА ПЕРЕДЕЛКА!
[DEBUG db_save] 🔴 Сохранён: beladm.gosuslugi.ru [Дизайн: 5/10, UX: 2/10] - НУЖНА ПЕРЕДЕЛКА!
[DEBUG db_save] 🔴 Сохранён: bellegorod.ru [Дизайн: 5/10, UX: 1/10] - НУЖНА ПЕРЕДЕЛКА!
[DEBUG db_save] 🔴 Сохранён: m.belspravka.ru [Дизайн: 5/10, UX: 2/10] - НУЖНА ПЕРЕДЕЛКА!
[DEBUG db_save] 🟠 Сохранён: belgorodskij-r31.gosweb.gosuslugi.ru [Дизайн: 5/10, UX: 8/10] - НУЖНА ПЕРЕДЕЛКА!
[DEBUG db_save] 🔴 Сохранён: map31.ru [Дизайн: 5/10, UX: 2/10] - НУЖНА ПЕРЕДЕЛКА!
[DEBUG db_save] 🔴 Сохранён: belgorod.geofsm.ru [Дизайн: 5/10, UX: 2/10] - НУЖНА ПЕРЕДЕЛКА!
[DEBUG db_save] 🔴 Сохранён: sovetdep31.beladm.ru [Дизайн: 5/10, UX: 2/10] - НУЖНА ПЕРЕДЕЛКА!
[DEBUG db_save] 🟠 Сохранён: gorodina.ru [Дизайн: 5/10, UX: 5/10] - НУЖНА ПЕРЕДЕЛКА!
[DEBUG db_save] 🔴 Сохранён: belokb.gosuslugi.ru [Дизайн: 5/10, UX: 2/10] - НУЖНА ПЕРЕДЕЛКА!
[DEBUG db_save] 🟠 Сохранён: telreg.ru [Дизайн: 5/10, UX: 5/10] - НУЖНА ПЕРЕДЕЛКА!
[DEBUG db_save] 🔴 Сохранён: belgorod.jsprav.ru [Дизайн: 5/10, UX: 2/10] - НУЖНА ПЕРЕДЕЛКА!
[DEBUG db_save] 🔴 Сохранён: art6.ru [Дизайн: 5/10, UX: 2/10] - НУЖНА ПЕРЕДЕЛКА!
[DEBUG db_save] 🟠 Сохранён: seologic.by [Дизайн: 5/10, UX: 5/10] - НУЖНА ПЕРЕДЕЛКА!
[DEBUG db_save] 🔴 Сохранён: bel.mworks.ru [Дизайн: 5/10, UX: 0/10] - НУЖНА ПЕРЕДЕЛКА!
Exception in thread Thread-326 (process_social_search):
Traceback (most recent call last):
  File "C:\Users\�����\AppData\Local\Programs\Python\Python311\Lib\threading.py", line 1038, in _bootstrap_inner
    self.run()
  File "C:\Users\�����\AppData\Local\Programs\Python\Python311\Lib\threading.py", line 975, in run
    self._target(*self._args, **self._kwargs)
  File "c:\Users\�����\Desktop\v1\server.py", line 2293, in process_social_search
    result.get("query", query),
^^^^^^^^^^^^^^^^^^^^^
  File "c:\Users\�����\Desktop\v1\server.py", line 2423, in save_social_to_excel
    notes = f"������: {result.get('design_text', '')[:50]}... UX: {result.get('ux_text', '')[:50]}..."
^^^^^^^^^^^^^^^^^^
  File "C:\Users\�����\AppData\Local\Programs\Python\Python311\Lib\site-packages\openpyxl\workbook\workbook.py", line 386, in save
    save_workbook(self, filename)
  File "C:\Users\�����\AppData\Local\Programs\Python\Python311\Lib\site-packages\openpyxl\writer\excel.py", line 291, in save_workbook
    archive = ZipFile(filename, 'w', ZIP_DEFLATED, allowZip64=True)
              ^^^^^^^^^^^^^^^^^^^^^^^^^^^^^^^^^^^^^^^^^^^^^^^^^^^^^
  File "C:\Users\�����\AppData\Local\Programs\Python\Python311\Lib\zipfile.py", line 1281, in __init__
    self.fp = io.open(file, filemode)
              ^^^^^^^^^^^^^^^^^^^^^^^
PermissionError: [Errno 13] Permission denied: 'reports\\social_results.xlsx'
127.0.0.1 - - [05/Apr/2026 17:01:14] "GET /socket.io/?EIO=4&transport=websocket&sid=2gXEFTF-dvKDyyn-AAAK HTTP/1.1" 200 -
