2026-04-12 22:17:55,651 | INFO | Thread-32 (process_youtube_trends) | [YouTube Trends] Поиск: query='крипта', max=50, lang=EN
2026-04-12 22:17:55,651 | INFO | Thread-32 (process_youtube_trends) | [YouTube Trends] Фильтры: duration=4-25min, subs=19000-964000
2026-04-12 22:17:55,651 | INFO | Thread-32 (process_youtube_trends) | [YouTube Trends] Запрос: site:youtube.com/watch крипта
2026-04-12 22:17:58,863 | INFO | Thread-32 (process_youtube_trends) | [YouTube Trends] Сырых результатов: 28
2026-04-12 22:18:01,258 | INFO | Thread-32 (process_youtube_trends) | [YouTube Trends] Пропущено (длительность): Как разобраться в крипте в 2026 году с нуля? С чег
2026-04-12 22:18:03,348 | INFO | Thread-32 (process_youtube_trends) | [YouTube Trends] Пропущено (длительность): Крипта в 2026: вывел все деньги и что делаю дальше
2026-04-12 22:18:05,264 | INFO | Thread-32 (process_youtube_trends) | [YouTube Trends] Пропущено (подписчики 444 вне диапазона): Крипта стала легальна в России! - YouTube
2026-04-12 22:18:07,019 | INFO | Thread-32 (process_youtube_trends) | [YouTube Trends] Пропущено (подписчики 393 вне диапазона): Крипта в 2026: начинается то, чего никто не ждёт -
2026-04-12 22:18:09,123 | INFO | Thread-32 (process_youtube_trends) | [YouTube Trends] Пропущено (подписчики 393 вне диапазона): Крипта: как заработать НИЧЕГО не понимая? - YouTub
2026-04-12 22:18:10,711 | INFO | Thread-32 (process_youtube_trends) | [YouTube Trends] Пропущено (подписчики 393 вне диапазона): Крипта: самый ПРОСТОЙ способ заработка для новичко
2026-04-12 22:18:12,461 | INFO | Thread-32 (process_youtube_trends) | [YouTube Trends] Пропущено (подписчики 34 вне диапазона): КРИПТА. Начало - обзор настольной игры от Geek Med
2026-04-12 22:18:14,274 | INFO | Thread-32 (process_youtube_trends) | [YouTube Trends] Пропущено (подписчики 110 вне диапазона): ГРИВНЯ чи КРИПТА: що краще для ЗАОЩАДЖЕНЬ? - YouTu
2026-04-12 22:18:16,279 | INFO | Thread-32 (process_youtube_trends) | [YouTube Trends] Пропущено (подписчики 13 вне диапазона): 🚨КРИПТА СТАВИТЬ ДНО? 🔴 ЧОМУ НАТОВП ЗНОВУ ПОМИЛЯЄТЬ
2026-04-12 22:18:18,110 | INFO | Thread-32 (process_youtube_trends) | [YouTube Trends] Пропущено (длительность): ФРС, доллар и крипта: что сейчас ломает рынок. Рек
2026-04-12 22:18:20,011 | INFO | Thread-32 (process_youtube_trends) | [YouTube Trends] Пропущено (длительность): КриптаI Яндекс про Директ 2.0 - YouTube
2026-04-12 22:18:22,320 | INFO | Thread-32 (process_youtube_trends) | [YouTube Trends] Пропущено (длительность): Цвет настроения красный...криптабыла для всех для.
2026-04-12 22:18:24,318 | INFO | Thread-32 (process_youtube_trends) | [YouTube Trends] Пропущено (длительность): Крипта: как на ней зарабатывают и теряют миллионы?
2026-04-12 22:18:26,039 | INFO | Thread-32 (process_youtube_trends) | [YouTube Trends] Пропущено (подписчики 67 вне диапазона): Твоя крипта может быть «грязной». Даже если ты нич
2026-04-12 22:18:27,710 | INFO | Thread-32 (process_youtube_trends) | [YouTube Trends] Пропущено (подписчики 67 вне диапазона): Как начать инвестировать в крипту в 2026 и не пожа
2026-04-12 22:18:29,367 | INFO | Thread-32 (process_youtube_trends) | [YouTube Trends] Пропущено (подписчики 125 вне диапазона): Крипта — ВСЕ? Куда идет Биткоин? Золото на ATH и с
2026-04-12 22:18:31,227 | INFO | Thread-32 (process_youtube_trends) | [YouTube Trends] Пропущено (подписчики 67 вне диапазона): Крипта 2025: деньги, за которыми приходят - YouTub
2026-04-12 22:18:32,913 | INFO | Thread-32 (process_youtube_trends) | [YouTube Trends] Пропущено (длительность): Крипта и обман: разоблачение схем, курсов и прогре
2026-04-12 22:18:34,608 | INFO | Thread-32 (process_youtube_trends) | [YouTube Trends] Пропущено (длительность): НОВЫЕ ПРАВИЛА ИГРЫ - Нефть, Крипта, Индексы - Что
2026-04-12 22:18:36,173 | INFO | Thread-32 (process_youtube_trends) | [YouTube Trends] Пропущено (длительность): Чиновники, аресты, санкции, многомиллиардные крахи
2026-04-12 22:18:38,146 | INFO | Thread-32 (process_youtube_trends) | [YouTube Trends] Пропущено (длительность): P2P УМЕР! Что дальше? | Легальная крипта в России
2026-04-12 22:18:39,876 | INFO | Thread-32 (process_youtube_trends) | [YouTube Trends] Пропущено (длительность): Геополитика и крипта, рынок меняется! Bitcoin, Xst
2026-04-12 22:18:41,821 | INFO | Thread-32 (process_youtube_trends) | [YouTube Trends] Пропущено (подписчики 649 вне диапазона): Криптадля абсолютных новичков. Пошаговая инструкци
2026-04-12 22:18:43,561 | INFO | Thread-32 (process_youtube_trends) | [YouTube Trends] Пропущено (подписчики 4 вне диапазона): КРИПТА- РАЗОЧАРОВАНИЕ! / Не совершай моих... - You
2026-04-12 22:18:45,242 | INFO | Thread-32 (process_youtube_trends) | [YouTube Trends] Пропущено (подписчики 9 вне диапазона): Криптадля занятых: Аирдроп Арбитрума... - YouTube
2026-04-12 22:18:47,029 | INFO | Thread-32 (process_youtube_trends) | [YouTube Trends] Пропущено (длительность): Что-то странное готовит намкрипта. - YouTube
2026-04-12 22:18:47,381 | INFO | Thread-32 (process_youtube_trends) | [YouTube Trends] Запрос: site:youtube.com/watch крипта viral
2026-04-12 22:18:48,592 | INFO | Thread-32 (process_youtube_trends) | [YouTube Trends] Сырых результатов: 36
2026-04-12 22:18:50,318 | INFO | Thread-32 (process_youtube_trends) | [YouTube Trends] Пропущено (длительность): Mortal Kombat XKRYPT(Крипта) - Полное прохождение.
2026-04-12 22:18:52,032 | INFO | Thread-32 (process_youtube_trends) | [YouTube Trends] Пропущено (длительность): #? ゚viral#крипта#crypto #fypシ #капкут #shorts #inv
2026-04-12 22:18:53,840 | INFO | Thread-32 (process_youtube_trends) | [YouTube Trends] Пропущено (подписчики 2 вне диапазона): CRYPTA- From The Ashes (Official Video) | Napalm R
2026-04-12 22:18:55,380 | INFO | Thread-32 (process_youtube_trends) | [YouTube Trends] Пропущено (длительность): Тг-@bullforgecrypto# #crypto #зароботок #тапалки..
2026-04-12 22:18:57,351 | INFO | Thread-32 (process_youtube_trends) | [YouTube Trends] Пропущено (длительность): КРИПТА от А до Я: ВВОД-ВЫВОД / СПАСТИ РУБЛИ / МЕТА
2026-04-12 22:18:59,026 | INFO | Thread-32 (process_youtube_trends) | [YouTube Trends] Пропущено (длительность): Ставка ФРС | Сериал про FTX | Криптоафера таксиста
2026-04-12 22:19:00,976 | INFO | Thread-32 (process_youtube_trends) | [YouTube Trends] Пропущено (длительность): Большой выпуск про крипту: Трамп, тренды, TON и по
2026-04-12 22:19:02,826 | INFO | Thread-32 (process_youtube_trends) | [YouTube Trends] Пропущено (длительность): За что экономисты ругают крипту? Экономически смыс
2026-04-12 22:19:04,459 | INFO | Thread-32 (process_youtube_trends) | [YouTube Trends] Пропущено (подписчики 1 вне диапазона): Крипта, блокчейн и два биткоина: что было, есть и
2026-04-12 22:19:06,301 | INFO | Thread-32 (process_youtube_trends) | [YouTube Trends] Пропущено (подписчики 1 вне диапазона): Исповедь Маркетмейкера: ПРАВДА: Как и почему обвал
2026-04-12 22:19:10,815 | INFO | Thread-32 (process_youtube_trends) | [YouTube Trends] Пропущено (длительность): Крипта cкоро начнет расти? Почему 2026 САМЫЙ ВАЖНЫ
2026-04-12 22:19:12,720 | INFO | Thread-32 (process_youtube_trends) | [YouTube Trends] Пропущено (подписчики 14 вне диапазона): 🚨КРИПТА — Скільки Ще Падати?? Прогноз Біткоїн та А
2026-04-12 22:19:14,769 | INFO | Thread-32 (process_youtube_trends) | [YouTube Trends] Пропущено (длительность): Неудобная правда окрипте
2026-04-12 22:19:15,121 | INFO | Thread-32 (process_youtube_trends) | [YouTube Trends] Запрос: site:youtube.com/watch крипта trending
2026-04-12 22:19:17,574 | INFO | Thread-32 (process_youtube_trends) | [YouTube Trends] Сырых результатов: 26
2026-04-12 22:19:19,461 | INFO | Thread-32 (process_youtube_trends) | [YouTube Trends] Пропущено (длительность): Криптовалюта для начинающих. Путь новичка в крипте
2026-04-12 22:19:21,525 | INFO | Thread-32 (process_youtube_trends) | [YouTube Trends] Пропущено (подписчики 1 вне диапазона): ЭТО БЫЛ НЕ ОБВАЛ. ТАК РАБОТАЕТ РЫНОК КРИПТЫ - YouT
2026-04-12 22:19:22,964 | INFO | Thread-32 (process_youtube_trends) | [YouTube Trends] Пропущено (длительность): Трендырынка в 2025 году!?! #крипта#тренды- YouTube
2026-04-12 22:19:24,603 | INFO | Thread-32 (process_youtube_trends) | [YouTube Trends] Пропущено (длительность): ГЛАВНЫЕТРЕНДЫКРИПТЫВ 2025 - YouTube
2026-04-12 22:19:26,404 | INFO | Thread-32 (process_youtube_trends) | [YouTube Trends] Пропущено (длительность): Трендна упрощение!?! #крипта#тренды- YouTube
2026-04-12 22:19:28,068 | INFO | Thread-32 (process_youtube_trends) | [YouTube Trends] Пропущено (подписчики 2 вне диапазона): RWA — главныйтрендвкриптев 2025? - YouTube
2026-04-12 22:19:30,022 | INFO | Thread-32 (process_youtube_trends) | [YouTube Trends] Пропущено (подписчики 7 вне диапазона): BlackRock Уже В Игре: Почему Токенизация — Самый..
2026-04-12 22:19:33,275 | INFO | Thread-32 (process_youtube_trends) | [YouTube Trends] Пропущено (подписчики 52 вне диапазона): Криптовалюта прогноз. Биткоин достиг дна или следу
2026-04-12 22:19:35,210 | INFO | Thread-32 (process_youtube_trends) | [YouTube Trends] Пропущено (подписчики 138 вне диапазона): Вот почему на бирже НЕВОЗМОЖНО выиграть в долгую.
2026-04-12 22:19:36,966 | INFO | Thread-32 (process_youtube_trends) | [YouTube Trends] Пропущено (длительность): Улучшенная стратегия инвестиций в крипту. - YouTub
2026-04-12 22:19:38,602 | INFO | Thread-32 (process_youtube_trends) | [YouTube Trends] Пропущено (подписчики 54 вне диапазона): Крипта упала, что делать дальше? Прогноз по рынку
2026-04-12 22:19:40,449 | INFO | Thread-32 (process_youtube_trends) | [YouTube Trends] Пропущено (длительность): 3 главныхтрендакриптыдо 2025 года которые нельзя п
2026-04-12 22:19:40,801 | INFO | Thread-32 (process_youtube_trends) | [YouTube Trends] Итого: 0 видео
2026-04-12 22:31:20,138 | INFO | Thread-31 (process_youtube_trends) | [YouTube Trends] Поиск: query='крипта', max=50, lang=RU
2026-04-12 22:31:20,139 | INFO | Thread-31 (process_youtube_trends) | [YouTube Trends] Фильтры: duration=4-25min, subs=8000-100000
2026-04-12 22:31:20,139 | INFO | Thread-31 (process_youtube_trends) | [YouTube Trends] Запрос: site:youtube.com/watch крипта
2026-04-12 22:31:22,352 | INFO | Thread-31 (process_youtube_trends) | [YouTube Trends] Сырых результатов: 26
2026-04-12 22:31:24,009 | INFO | Thread-31 (process_youtube_trends) | [YouTube Trends] Пропущено (длительность): КриптаI Яндекс про Директ 2.0 - YouTube
2026-04-12 22:31:25,725 | INFO | Thread-31 (process_youtube_trends) | [YouTube Trends] Пропущено (длительность): Цвет настроения красный...криптабыла для всех для.
2026-04-12 22:31:27,568 | INFO | Thread-31 (process_youtube_trends) | [YouTube Trends] Пропущено (длительность): Как разобраться в крипте в 2026 году с нуля? С чег
2026-04-12 22:31:29,418 | INFO | Thread-31 (process_youtube_trends) | [YouTube Trends] Пропущено (длительность): Крипта в 2026: вывел все деньги и что делаю дальше
2026-04-12 22:31:31,037 | INFO | Thread-31 (process_youtube_trends) | [YouTube Trends] Пропущено (подписчики 444 вне диапазона): Крипта стала легальна в России! - YouTube
2026-04-12 22:31:32,690 | INFO | Thread-31 (process_youtube_trends) | [YouTube Trends] Пропущено (подписчики 393 вне диапазона): Крипта в 2026: начинается то, чего никто не ждёт -
2026-04-12 22:31:34,384 | INFO | Thread-31 (process_youtube_trends) | [YouTube Trends] Пропущено (подписчики 393 вне диапазона): Крипта: как заработать НИЧЕГО не понимая? - YouTub
2026-04-12 22:31:35,962 | INFO | Thread-31 (process_youtube_trends) | [YouTube Trends] Пропущено (подписчики 393 вне диапазона): Крипта: самый ПРОСТОЙ способ заработка для новичко
2026-04-12 22:31:37,676 | INFO | Thread-31 (process_youtube_trends) | [YouTube Trends] Пропущено (подписчики 34 вне диапазона): КРИПТА. Начало - обзор настольной игры от Geek Med
2026-04-12 22:31:39,790 | INFO | Thread-31 (process_youtube_trends) | [YouTube Trends] Пропущено (подписчики 110 вне диапазона): ГРИВНЯ чи КРИПТА: що краще для ЗАОЩАДЖЕНЬ? - YouTu
2026-04-12 22:31:41,449 | INFO | Thread-31 (process_youtube_trends) | [YouTube Trends] Пропущено (подписчики 13 вне диапазона): 🚨КРИПТА СТАВИТЬ ДНО? 🔴 ЧОМУ НАТОВП ЗНОВУ ПОМИЛЯЄТЬ
2026-04-12 22:31:42,966 | INFO | Thread-31 (process_youtube_trends) | [YouTube Trends] Пропущено (длительность): ФРС, доллар и крипта: что сейчас ломает рынок. Рек
2026-04-12 22:31:44,604 | INFO | Thread-31 (process_youtube_trends) | [YouTube Trends] Пропущено (подписчики 649 вне диапазона): Криптадля абсолютных новичков. Пошаговая инструкци
2026-04-12 22:31:46,337 | INFO | Thread-31 (process_youtube_trends) | [YouTube Trends] Пропущено (длительность): Что-то странное готовит намкрипта. - YouTube
2026-04-12 22:31:48,081 | INFO | Thread-31 (process_youtube_trends) | [YouTube Trends] Пропущено (подписчики 60 вне диапазона): Блеск золота, паника рубля и уныниекрипты#Доллар..
2026-04-12 22:31:49,693 | INFO | Thread-31 (process_youtube_trends) | [YouTube Trends] Пропущено (подписчики 4 вне диапазона): КРИПТА- РАЗОЧАРОВАНИЕ! / Не совершай моих... - You
2026-04-12 22:31:51,367 | INFO | Thread-31 (process_youtube_trends) | [YouTube Trends] Пропущено (длительность): Крипта: как на ней зарабатывают и теряют миллионы?
2026-04-12 22:31:52,920 | INFO | Thread-31 (process_youtube_trends) | [YouTube Trends] Пропущено (подписчики 67 вне диапазона): Твоя крипта может быть «грязной». Даже если ты нич
2026-04-12 22:31:54,341 | INFO | Thread-31 (process_youtube_trends) | [YouTube Trends] Пропущено (подписчики 67 вне диапазона): Как начать инвестировать в крипту в 2026 и не пожа
2026-04-12 22:31:55,706 | INFO | Thread-31 (process_youtube_trends) | [YouTube Trends] Пропущено (подписчики 125 вне диапазона): Крипта — ВСЕ? Куда идет Биткоин? Золото на ATH и с
2026-04-12 22:31:57,516 | INFO | Thread-31 (process_youtube_trends) | [YouTube Trends] Пропущено (подписчики 67 вне диапазона): Крипта 2025: деньги, за которыми приходят - YouTub
2026-04-12 22:31:59,290 | INFO | Thread-31 (process_youtube_trends) | [YouTube Trends] Пропущено (длительность): Крипта и обман: разоблачение схем, курсов и прогре
2026-04-12 22:32:00,920 | INFO | Thread-31 (process_youtube_trends) | [YouTube Trends] Пропущено (длительность): НОВЫЕ ПРАВИЛА ИГРЫ - Нефть, Крипта, Индексы - Что
2026-04-12 22:32:02,644 | INFO | Thread-31 (process_youtube_trends) | [YouTube Trends] Пропущено (длительность): Чиновники, аресты, санкции, многомиллиардные крахи
2026-04-12 22:32:04,409 | INFO | Thread-31 (process_youtube_trends) | [YouTube Trends] Пропущено (длительность): P2P УМЕР! Что дальше? | Легальная крипта в России
2026-04-12 22:32:06,067 | INFO | Thread-31 (process_youtube_trends) | [YouTube Trends] Пропущено (длительность): Геополитика и крипта, рынок меняется! Bitcoin, Xst
2026-04-12 22:32:06,421 | INFO | Thread-31 (process_youtube_trends) | [YouTube Trends] Запрос: site:youtube.com/watch крипта смотреть
2026-04-12 22:32:08,788 | INFO | Thread-31 (process_youtube_trends) | [YouTube Trends] Сырых результатов: 27
2026-04-12 22:32:10,584 | INFO | Thread-31 (process_youtube_trends) | [YouTube Trends] Пропущено (длительность): Крипто. Криминальная Драма. Лучшие фильмы - YouTub
2026-04-12 22:32:12,517 | INFO | Thread-31 (process_youtube_trends) | [YouTube Trends] Пропущено (длительность): Полный выпуск смотреть на канале☝🏻 #крипта #биткои
2026-04-12 22:32:14,256 | INFO | Thread-31 (process_youtube_trends) | [YouTube Trends] Пропущено (длительность): Крипто — Русский трейлер (2020) - YouTube
2026-04-12 22:32:15,954 | INFO | Thread-31 (process_youtube_trends) | [YouTube Trends] Пропущено (подписчики 3 вне диапазона): The Door in the Woods | "The Door" |CryptTV Monste
2026-04-12 22:32:17,695 | INFO | Thread-31 (process_youtube_trends) | [YouTube Trends] Пропущено (длительность): Крипто / Crypto / триллер, криминал, драма _Action
2026-04-12 22:32:19,534 | INFO | Thread-31 (process_youtube_trends) | [YouTube Trends] Пропущено (длительность): Криптокоролева: самая разыскиваемая аферистка в ми
2026-04-12 22:32:29,178 | INFO | Thread-31 (process_youtube_trends) | [YouTube Trends] Пропущено (подписчики 1 вне диапазона): ЗАХВАТЫВАЮЩИЙ ФИЛЬМ НЕ ОСТАВИТ НИКОГО РАВНОДУШНЫМ!
2026-04-12 22:32:31,200 | INFO | Thread-31 (process_youtube_trends) | [YouTube Trends] Пропущено (длительность): Криптовалюта: возможность заработать или финансовы
2026-04-12 22:32:32,886 | INFO | Thread-31 (process_youtube_trends) | [YouTube Trends] Пропущено (длительность): Крип — трейлер (2004) #54 - YouTube
2026-04-12 22:32:38,909 | INFO | Thread-31 (process_youtube_trends) | [YouTube Trends] Пропущено (подписчики 138 вне диапазона): Вот почему на бирже НЕВОЗМОЖНО выиграть в долгую.
2026-04-12 22:32:40,429 | INFO | Thread-31 (process_youtube_trends) | [YouTube Trends] Пропущено (длительность): Ставка ФРС | Сериал про FTX | Криптоафера таксиста
2026-04-12 22:32:42,435 | INFO | Thread-31 (process_youtube_trends) | [YouTube Trends] Пропущено (подписчики 2 вне диапазона): УжасыCryptTV #2: Паучиха Мисс Эннити - YouTube
2026-04-12 22:32:44,317 | INFO | Thread-31 (process_youtube_trends) | [YouTube Trends] Пропущено (длительность): ANAR DREAMS: из долга 15.000.000 в плюс 35 млн. за
2026-04-12 22:32:46,070 | INFO | Thread-31 (process_youtube_trends) | [YouTube Trends] Пропущено (подписчики 3 вне диапазона): MISS ANNITY | "Kiss And Make Up" | S1E3 |CryptTV..
2026-04-12 22:32:49,364 | INFO | Thread-31 (process_youtube_trends) | [YouTube Trends] Пропущено (подписчики 3 вне диапазона): BEAST UNDER THE BED | "Flesh And Blood" |CryptTV..
2026-04-12 22:32:51,447 | INFO | Thread-31 (process_youtube_trends) | [YouTube Trends] Кандидат без данных по подписчикам: ЗАХВАТЫВАЮЩИЙ КРИМИНАЛЬНЫЙ ДЕТЕКТИВ ...
2026-04-12 22:32:51,800 | INFO | Thread-31 (process_youtube_trends) | [YouTube Trends] Запрос: site:youtube.com/watch крипта видео
2026-04-12 22:32:55,018 | INFO | Thread-31 (process_youtube_trends) | [YouTube Trends] Сырых результатов: 31
2026-04-12 22:32:56,761 | INFO | Thread-31 (process_youtube_trends) | [YouTube Trends] Пропущено (длительность): #топ #шортс #криптовалюта #биткоин #bitcoinnews #к
2026-04-12 22:33:02,496 | INFO | Thread-31 (process_youtube_trends) | [YouTube Trends] Пропущено (длительность): Буллран продолжается? Цели роста - YouTube
2026-04-12 22:33:04,620 | INFO | Thread-31 (process_youtube_trends) | [YouTube Trends] Пропущено (длительность): Ты изменишь отношение к КРИПТЕ после этого видео.
2026-04-12 22:33:07,369 | INFO | Thread-31 (process_youtube_trends) | [YouTube Trends] Пропущено (длительность): Крипта в 2026: как заработать, когда мало денег? -
2026-04-12 22:33:23,266 | INFO | Thread-31 (process_youtube_trends) | [YouTube Metadata Error] HTTPSConnectionPool(host='www.youtube.com', port=443): Read timed out. (read timeout=15)
2026-04-12 22:33:23,267 | INFO | Thread-31 (process_youtube_trends) | [YouTube Trends] Кандидат без данных по подписчикам: Музей за икони в крипта Александър Невски(видео) -
2026-04-12 22:33:25,038 | INFO | Thread-31 (process_youtube_trends) | [YouTube Trends] Пропущено (подписчики 2 вне диапазона): CRYPTA- From The Ashes (OfficialVideo) | Napalm...
2026-04-12 22:33:26,759 | INFO | Thread-31 (process_youtube_trends) | [YouTube Trends] Пропущено (подписчики 112 вне диапазона): Криптовалюта Для Чайников! Все что Нужно Знать в О
2026-04-12 22:33:28,638 | INFO | Thread-31 (process_youtube_trends) | [YouTube Trends] Пропущено (длительность): Как заработать на крипте СЕЙЧАС новичку? Это после
2026-04-12 22:33:30,919 | INFO | Thread-31 (process_youtube_trends) | [YouTube Trends] Пропущено (длительность): Не покупай крипту БЕЗ этих 21 уроков - YouTube
2026-04-12 22:33:32,743 | INFO | Thread-31 (process_youtube_trends) | [YouTube Trends] Пропущено (подписчики 1 вне диапазона): Крипта, блокчейн и два биткоина: что было, есть и
2026-04-12 22:33:34,122 | INFO | Thread-31 (process_youtube_trends) | [YouTube Trends] Пропущено (длительность): Крипта для новичков: с чего начать? #криптовалюта
2026-04-12 22:33:35,857 | INFO | Thread-31 (process_youtube_trends) | [YouTube Trends] Пропущено (подписчики 255 вне диапазона): В чем подвох криптовалюты или Кто стоит за биткоин
2026-04-12 22:33:37,729 | INFO | Thread-31 (process_youtube_trends) | [YouTube Trends] Пропущено (подписчики 214 вне диапазона): Что такое криптовалюта простыми словами? Даже двое
2026-04-12 22:33:39,893 | INFO | Thread-31 (process_youtube_trends) | [YouTube Trends] Пропущено (длительность): Биткойн всех обманул - Что с криптовалютой в 2023
2026-04-12 22:33:43,402 | INFO | Thread-31 (process_youtube_trends) | [YouTube Trends] Пропущено (длительность): Большой выпуск про крипту: Трамп, тренды, TON и по
2026-04-12 22:33:45,678 | INFO | Thread-31 (process_youtube_trends) | [YouTube Trends] Пропущено (подписчики 1 вне диапазона): Деньги, которых нет. На чем держится криптовалюта?
2026-04-12 22:33:47,540 | INFO | Thread-31 (process_youtube_trends) | [YouTube Trends] Пропущено (длительность): Криптовалюта: самое ПРОСТОЕ объяснение как заработ
2026-04-12 22:33:49,705 | INFO | Thread-31 (process_youtube_trends) | [YouTube Trends] Пропущено (длительность): Sofia the First - Sofia transforms into Crystal Bi
2026-04-12 22:33:50,058 | INFO | Thread-31 (process_youtube_trends) | [YouTube Trends] Строгий фильтр дал 0. Возвращаю 2 кандидатов с неизвестными подписчиками.
2026-04-12 22:33:50,058 | INFO | Thread-31 (process_youtube_trends) | [YouTube Trends] Итого: 2 видео
2026-04-12 22:37:05,514 | INFO | Thread-27 (process_youtube_trends) | [YouTube Trends] Поиск: query='крипта', max=50, lang=RU
2026-04-12 22:37:05,516 | INFO | Thread-27 (process_youtube_trends) | [YouTube Trends] Фильтры: duration=4-38min, subs=10000-100000
2026-04-12 22:37:05,516 | INFO | Thread-27 (process_youtube_trends) | [YouTube Trends] Запрос: site:youtube.com/watch крипта
2026-04-12 22:37:07,796 | INFO | Thread-27 (process_youtube_trends) | [YouTube Trends] Сырых результатов: 29
2026-04-12 22:37:16,015 | INFO | Thread-27 (process_youtube_trends) | [YouTube Trends] Пропущено (длительность): Threads That Speak: How The Inca Used Strings to C
2026-04-12 22:37:17,580 | INFO | Thread-27 (process_youtube_trends) | [YouTube Trends] Пропущено (длительность): КриптаI Яндекс про Директ 2.0 - YouTube
2026-04-12 22:37:19,201 | INFO | Thread-27 (process_youtube_trends) | [YouTube Trends] Пропущено (длительность): Цвет настроения красный...криптабыла для всех для.
2026-04-12 22:37:20,736 | INFO | Thread-27 (process_youtube_trends) | [YouTube Trends] Пропущено (длительность): Как разобраться в крипте в 2026 году с нуля? С чег
2026-04-12 22:37:22,786 | INFO | Thread-27 (process_youtube_trends) | [YouTube Trends] Пропущено (длительность): Крипта в 2026: вывел все деньги и что делаю дальше
2026-04-12 22:37:24,476 | INFO | Thread-27 (process_youtube_trends) | [YouTube Trends] Пропущено (подписчики 444 вне диапазона): Крипта стала легальна в России! - YouTube
2026-04-12 22:37:26,004 | INFO | Thread-27 (process_youtube_trends) | [YouTube Trends] Пропущено (подписчики 393 вне диапазона): Крипта в 2026: начинается то, чего никто не ждёт -
2026-04-12 22:37:27,779 | INFO | Thread-27 (process_youtube_trends) | [YouTube Trends] Пропущено (подписчики 393 вне диапазона): Крипта: как заработать НИЧЕГО не понимая? - YouTub
2026-04-12 22:37:29,610 | INFO | Thread-27 (process_youtube_trends) | [YouTube Trends] Пропущено (подписчики 393 вне диапазона): Крипта: самый ПРОСТОЙ способ заработка для новичко
2026-04-12 22:37:31,337 | INFO | Thread-27 (process_youtube_trends) | [YouTube Trends] Пропущено (подписчики 34 вне диапазона): КРИПТА. Начало - обзор настольной игры от Geek Med
2026-04-12 22:37:33,706 | INFO | Thread-27 (process_youtube_trends) | [YouTube Trends] Пропущено (подписчики 13 вне диапазона): 🚨КРИПТА СТАВИТЬ ДНО? 🔴 ЧОМУ НАТОВП ЗНОВУ ПОМИЛЯЄТЬ
2026-04-12 22:37:35,851 | INFO | Thread-27 (process_youtube_trends) | [YouTube Trends] Пропущено (подписчики 110 вне диапазона): ГРИВНЯ чи КРИПТА: що краще для ЗАОЩАДЖЕНЬ? - YouTu
2026-04-12 22:37:37,411 | INFO | Thread-27 (process_youtube_trends) | [YouTube Trends] Пропущено (длительность): ФРС, доллар и крипта: что сейчас ломает рынок. Рек
2026-04-12 22:37:39,240 | INFO | Thread-27 (process_youtube_trends) | [YouTube Trends] Пропущено (подписчики 649 вне диапазона): Криптадля абсолютных новичков. Пошаговая инструкци
2026-04-12 22:37:41,082 | INFO | Thread-27 (process_youtube_trends) | [YouTube Trends] Пропущено (подписчики 9 вне диапазона): Криптадля занятых: Аирдроп Арбитрума... - YouTube
2026-04-12 22:37:42,762 | INFO | Thread-27 (process_youtube_trends) | [YouTube Trends] Пропущено (подписчики 4 вне диапазона): КРИПТА- РАЗОЧАРОВАНИЕ! / Не совершай моих... - You
2026-04-12 22:37:44,470 | INFO | Thread-27 (process_youtube_trends) | [YouTube Trends] Пропущено (подписчики 72 вне диапазона): Крипта-бери и делай так же!
2026-04-12 22:37:46,105 | INFO | Thread-27 (process_youtube_trends) | [YouTube Trends] Пропущено (длительность): Крипта: как на ней зарабатывают и теряют миллионы?
2026-04-12 22:37:48,112 | INFO | Thread-27 (process_youtube_trends) | [YouTube Trends] Пропущено (подписчики 67 вне диапазона): Твоя крипта может быть «грязной». Даже если ты нич
2026-04-12 22:37:49,612 | INFO | Thread-27 (process_youtube_trends) | [YouTube Trends] Пропущено (подписчики 67 вне диапазона): Как начать инвестировать в крипту в 2026 и не пожа
2026-04-12 22:37:51,575 | INFO | Thread-27 (process_youtube_trends) | [YouTube Trends] Пропущено (подписчики 125 вне диапазона): Крипта — ВСЕ? Куда идет Биткоин? Золото на ATH и с
2026-04-12 22:37:53,222 | INFO | Thread-27 (process_youtube_trends) | [YouTube Trends] Пропущено (длительность): Крипта и обман: разоблачение схем, курсов и прогре
2026-04-12 22:37:55,948 | INFO | Thread-27 (process_youtube_trends) | [YouTube Trends] Пропущено (подписчики 67 вне диапазона): Крипта 2025: деньги, за которыми приходят - YouTub
2026-04-12 22:37:57,652 | INFO | Thread-27 (process_youtube_trends) | [YouTube Trends] Пропущено (длительность): НОВЫЕ ПРАВИЛА ИГРЫ - Нефть, Крипта, Индексы - Что
2026-04-12 22:37:59,344 | INFO | Thread-27 (process_youtube_trends) | [YouTube Trends] Пропущено (длительность): Чиновники, аресты, санкции, многомиллиардные крахи
2026-04-12 22:38:00,973 | INFO | Thread-27 (process_youtube_trends) | [YouTube Trends] Пропущено (длительность): P2P УМЕР! Что дальше? | Легальная крипта в России
2026-04-12 22:38:02,736 | INFO | Thread-27 (process_youtube_trends) | [YouTube Trends] Пропущено (подписчики 143 вне диапазона): Геополитика и крипта, рынок меняется! Bitcoin, Xst
2026-04-12 22:38:03,090 | INFO | Thread-27 (process_youtube_trends) | [YouTube Trends] Запрос: site:youtube.com/watch крипта смотреть
2026-04-12 22:38:04,235 | INFO | Thread-27 (process_youtube_trends) | [YouTube Trends] Сырых результатов: 27
2026-04-12 22:38:10,120 | INFO | Thread-27 (process_youtube_trends) | [YouTube Trends] Пропущено (длительность): Крипто. Криминальная Драма. Лучшие фильмы - YouTub
2026-04-12 22:38:11,661 | INFO | Thread-27 (process_youtube_trends) | [YouTube Trends] Пропущено (длительность): Полный выпуск смотреть на канале☝🏻 #крипта #биткои
2026-04-12 22:38:13,798 | INFO | Thread-27 (process_youtube_trends) | [YouTube Trends] Пропущено (длительность): Крипто — Русский трейлер (2020) - YouTube
2026-04-12 22:38:15,798 | INFO | Thread-27 (process_youtube_trends) | [YouTube Trends] Пропущено (подписчики 3 вне диапазона): The Door in the Woods | "The Door" |CryptTV Monste
2026-04-12 22:38:17,419 | INFO | Thread-27 (process_youtube_trends) | [YouTube Trends] Пропущено (длительность): Крипто / Crypto / триллер, криминал, драма _Action
2026-04-12 22:38:18,993 | INFO | Thread-27 (process_youtube_trends) | [YouTube Trends] Пропущено (длительность): Криптокоролева: самая разыскиваемая аферистка в ми
2026-04-12 22:38:20,523 | INFO | Thread-27 (process_youtube_trends) | [YouTube Trends] Пропущено (длительность): ЗАХВАТЫВАЮЩИЙ ФИЛЬМ НЕ ОСТАВИТ НИКОГО РАВНОДУШНЫМ!
2026-04-12 22:38:22,152 | INFO | Thread-27 (process_youtube_trends) | [YouTube Trends] Пропущено (длительность): Криптовалюта: возможность заработать или финансовы
2026-04-12 22:38:23,625 | INFO | Thread-27 (process_youtube_trends) | [YouTube Trends] Пропущено (длительность): Крип — трейлер (2004) #54 - YouTube
2026-04-12 22:38:25,072 | INFO | Thread-27 (process_youtube_trends) | [YouTube Trends] Пропущено (подписчики 138 вне диапазона): Вот почему на бирже НЕВОЗМОЖНО выиграть в долгую.
2026-04-12 22:38:26,709 | INFO | Thread-27 (process_youtube_trends) | [YouTube Trends] Пропущено (подписчики 160 вне диапазона): Ставка ФРС | Сериал про FTX | Криптоафера таксиста
2026-04-12 22:38:28,298 | INFO | Thread-27 (process_youtube_trends) | [YouTube Trends] Пропущено (подписчики 2 вне диапазона): УжасыCryptTV #2: Паучиха Мисс Эннити - YouTube
2026-04-12 22:38:29,794 | INFO | Thread-27 (process_youtube_trends) | [YouTube Trends] Пропущено (длительность): ANAR DREAMS: из долга 15.000.000 в плюс 35 млн. за
2026-04-12 22:38:31,290 | INFO | Thread-27 (process_youtube_trends) | [YouTube Trends] Пропущено (подписчики 3 вне диапазона): MISS ANNITY | "Kiss And Make Up" | S1E3 |CryptTV..
2026-04-12 22:38:33,127 | INFO | Thread-27 (process_youtube_trends) | [YouTube Trends] Пропущено (подписчики 3 вне диапазона): MISS ANNITY | "Baby On Board" | S1E2 |CryptTV... -
2026-04-12 22:38:34,736 | INFO | Thread-27 (process_youtube_trends) | [YouTube Trends] Кандидат без данных по подписчикам: ЗАХВАТЫВАЮЩИЙ КРИМИНАЛЬНЫЙ ДЕТЕКТИВ ...
2026-04-12 22:38:35,089 | INFO | Thread-27 (process_youtube_trends) | [YouTube Trends] Запрос: site:youtube.com/watch крипта видео
2026-04-12 22:38:37,243 | INFO | Thread-27 (process_youtube_trends) | [YouTube Trends] Сырых результатов: 27
2026-04-12 22:38:38,959 | INFO | Thread-27 (process_youtube_trends) | [YouTube Trends] Пропущено (длительность): Ты изменишь отношение к КРИПТЕ после этого видео.
2026-04-12 22:38:40,448 | INFO | Thread-27 (process_youtube_trends) | [YouTube Trends] Пропущено (длительность): Крипта в 2026: как заработать, когда мало денег? -
2026-04-12 22:38:42,103 | INFO | Thread-27 (process_youtube_trends) | [YouTube Trends] Пропущено (длительность): Музей за икони в крипта Александър Невски(видео) -
2026-04-12 22:38:43,906 | INFO | Thread-27 (process_youtube_trends) | [YouTube Trends] Пропущено (длительность): Буллран продолжается? Цели роста - YouTube
2026-04-12 22:38:45,760 | INFO | Thread-27 (process_youtube_trends) | [YouTube Trends] Пропущено (длительность): Будьте осторожны! Скоро падение! - YouTube
2026-04-12 22:38:47,296 | INFO | Thread-27 (process_youtube_trends) | [YouTube Trends] Пропущено (подписчики 112 вне диапазона): Криптовалюта Для Чайников! Все что Нужно Знать в О
2026-04-12 22:38:48,920 | INFO | Thread-27 (process_youtube_trends) | [YouTube Trends] Пропущено (длительность): Как заработать на крипте СЕЙЧАС новичку? Это после
2026-04-12 22:38:50,630 | INFO | Thread-27 (process_youtube_trends) | [YouTube Trends] Пропущено (длительность): Не покупай крипту БЕЗ этих 21 уроков - YouTube
2026-04-12 22:38:52,300 | INFO | Thread-27 (process_youtube_trends) | [YouTube Trends] Пропущено (подписчики 1 вне диапазона): Крипта, блокчейн и два биткоина: что было, есть и
2026-04-12 22:38:53,972 | INFO | Thread-27 (process_youtube_trends) | [YouTube Trends] Пропущено (длительность): Крипта для новичков: с чего начать? #криптовалюта
2026-04-12 22:38:55,659 | INFO | Thread-27 (process_youtube_trends) | [YouTube Trends] Пропущено (подписчики 255 вне диапазона): В чем подвох криптовалюты или Кто стоит за биткоин
2026-04-12 22:38:57,333 | INFO | Thread-27 (process_youtube_trends) | [YouTube Trends] Пропущено (подписчики 214 вне диапазона): Что такое криптовалюта простыми словами? Даже двое
2026-04-12 22:38:59,137 | INFO | Thread-27 (process_youtube_trends) | [YouTube Trends] Пропущено (длительность): Биткойн всех обманул - Что с криптовалютой в 2023
2026-04-12 22:39:00,947 | INFO | Thread-27 (process_youtube_trends) | [YouTube Trends] Пропущено (длительность): Большой выпуск про крипту: Трамп, тренды, TON и по
2026-04-12 22:39:02,700 | INFO | Thread-27 (process_youtube_trends) | [YouTube Trends] Пропущено (подписчики 1 вне диапазона): Деньги, которых нет. На чем держится криптовалюта?
2026-04-12 22:39:04,405 | INFO | Thread-27 (process_youtube_trends) | [YouTube Trends] Пропущено (длительность): Криптовалюта: самое ПРОСТОЕ объяснение как заработ
2026-04-12 22:39:06,247 | INFO | Thread-27 (process_youtube_trends) | [YouTube Trends] Пропущено (подписчики 2 вне диапазона): CRYPTA- From The Ashes (OfficialVideo) | Napalm...
2026-04-12 22:39:06,601 | INFO | Thread-27 (process_youtube_trends) | [YouTube Trends] Строгий фильтр дал 0. Возвращаю 1 кандидатов с неизвестными подписчиками.
2026-04-12 22:39:06,602 | INFO | Thread-27 (process_youtube_trends) | [YouTube Trends] Итого: 1 видео
2026-04-12 22:42:29,107 | INFO | MainThread | [YouTube Trends] Поиск: query='??????', max=12, lang=RU
2026-04-12 22:42:29,107 | INFO | MainThread | [YouTube Trends] Фильтры: duration=4-38min, subs=0-10000000
2026-04-12 22:42:29,120 | INFO | MainThread | [YouTube Trends] Запрос: site:youtube.com/watch ??????
2026-04-12 22:42:35,774 | INFO | MainThread | [YouTube Trends] Ошибка поиска (1/2): ConnectError: ConnectError('error sending request for url (https://www.google.com/search?q=site%3Ayoutube.com%2Fwatch+%3F%3F%3F%3F%3F%3F&filter=1&start=0&hl=en-US&lr=lang_en&cr=countryUS)', 'https://www.google.com/search?q=site%3Ayoutube.com%2Fwatch+%3F%3F%3F%3F%3F%3F&filter=1&start=0&hl=en-US&lr=lang_en&cr=countryUS')
2026-04-12 22:42:46,738 | INFO | MainThread | [YouTube Trends] Ошибка поиска (2/2): ConnectError: ConnectError('error sending request for url (https://yandex.com/search/site/?text=site%3Ayoutube.com%2Fwatch+%3F%3F%3F%3F%3F%3F&web=1&searchid=3337124)', 'https://yandex.com/search/site/?text=site%3Ayoutube.com%2Fwatch+%3F%3F%3F%3F%3F%3F&web=1&searchid=3337124')
2026-04-12 22:42:46,738 | INFO | MainThread | [YouTube Trends] Пустой ответ по запросу: site:youtube.com/watch ??????
2026-04-12 22:42:46,738 | INFO | MainThread | [YouTube Trends] Запрос: site:youtube.com/watch ?????? смотреть
2026-04-12 22:42:54,873 | INFO | MainThread | [YouTube Trends] Ошибка поиска (1/2): ConnectError: ConnectError('error sending request for url (https://html.duckduckgo.com/html/)', 'https://html.duckduckgo.com/html/')
2026-04-12 22:43:03,806 | INFO | MainThread | [YouTube Trends] Ошибка поиска (2/2): ConnectError: ConnectError('error sending request for url (https://html.duckduckgo.com/html/)', 'https://html.duckduckgo.com/html/')
2026-04-12 22:43:03,806 | INFO | MainThread | [YouTube Trends] Пустой ответ по запросу: site:youtube.com/watch ?????? смотреть
2026-04-12 22:43:03,806 | INFO | MainThread | [YouTube Trends] Запрос: site:youtube.com/watch ?????? видео
2026-04-12 22:43:14,009 | INFO | MainThread | [YouTube Trends] Ошибка поиска (1/2): ConnectError: ConnectError('error sending request for url (https://html.duckduckgo.com/html/)', 'https://html.duckduckgo.com/html/')
2026-04-12 22:43:22,957 | INFO | MainThread | [YouTube Trends] Ошибка поиска (2/2): ConnectError: ConnectError('error sending request for url (https://www.mojeek.com/search?q=site%3Ayoutube.com%2Fwatch+%3F%3F%3F%3F%3F%3F+%D0%B2%D0%B8%D0%B4%D0%B5%D0%BE)', 'https://www.mojeek.com/search?q=site%3Ayoutube.com%2Fwatch+%3F%3F%3F%3F%3F%3F+%D0%B2%D0%B8%D0%B4%D0%B5%D0%BE')
2026-04-12 22:43:22,957 | INFO | MainThread | [YouTube Trends] Пустой ответ по запросу: site:youtube.com/watch ?????? видео
2026-04-12 22:43:22,959 | INFO | MainThread | [YouTube Trends] Ошибок поиска: 6
2026-04-12 22:43:22,959 | INFO | MainThread | [YouTube Trends] Итого: 0 видео
2026-04-12 22:49:35,619 | INFO | Thread-74 (process_youtube_trends) | [YouTube Trends] Поиск: query='крипта', max=50, lang=RU
2026-04-12 22:49:35,620 | INFO | Thread-74 (process_youtube_trends) | [YouTube Trends] Фильтры: duration=4-25min, subs=7000-100000
2026-04-12 22:49:35,620 | INFO | Thread-74 (process_youtube_trends) | [YouTube Trends] Запрос: site:youtube.com/watch крипта
2026-04-12 22:49:36,506 | INFO | Thread-74 (process_youtube_trends) | [YouTube Trends] Сырых результатов: 29
2026-04-12 22:49:39,270 | INFO | Thread-74 (process_youtube_trends) | [YouTube Trends] Пропущено (длительность): Как разобраться в крипте в 2026 году с нуля? С чег
2026-04-12 22:49:41,111 | INFO | Thread-74 (process_youtube_trends) | [YouTube Trends] Пропущено (длительность): Крипта в 2026: вывел все деньги и что делаю дальше
2026-04-12 22:49:43,221 | INFO | Thread-74 (process_youtube_trends) | [YouTube Trends] Пропущено (подписчики 444 вне диапазона): Крипта стала легальна в России! - YouTube
2026-04-12 22:49:44,780 | INFO | Thread-74 (process_youtube_trends) | [YouTube Trends] Пропущено (подписчики 393 вне диапазона): Крипта в 2026: начинается то, чего никто не ждёт -
2026-04-12 22:49:46,676 | INFO | Thread-74 (process_youtube_trends) | [YouTube Trends] Пропущено (подписчики 393 вне диапазона): Крипта: как заработать НИЧЕГО не понимая? - YouTub
2026-04-12 22:49:48,266 | INFO | Thread-74 (process_youtube_trends) | [YouTube Trends] Пропущено (подписчики 393 вне диапазона): Крипта: самый ПРОСТОЙ способ заработка для новичко
2026-04-12 22:49:49,847 | INFO | Thread-74 (process_youtube_trends) | [YouTube Trends] Пропущено (подписчики 34 вне диапазона): КРИПТА. Начало - обзор настольной игры от Geek Med
2026-04-12 22:49:51,591 | INFO | Thread-74 (process_youtube_trends) | [YouTube Trends] Пропущено (подписчики 13 вне диапазона): 🚨КРИПТА СТАВИТЬ ДНО? 🔴 ЧОМУ НАТОВП ЗНОВУ ПОМИЛЯЄТЬ
2026-04-12 22:49:53,259 | INFO | Thread-74 (process_youtube_trends) | [YouTube Trends] Пропущено (подписчики 110 вне диапазона): ГРИВНЯ чи КРИПТА: що краще для ЗАОЩАДЖЕНЬ? - YouTu
2026-04-12 22:49:54,725 | INFO | Thread-74 (process_youtube_trends) | [YouTube Trends] Пропущено (длительность): ФРС, доллар и крипта: что сейчас ломает рынок. Рек
2026-04-12 22:49:56,327 | INFO | Thread-74 (process_youtube_trends) | [YouTube Trends] Пропущено (длительность): КриптаI Яндекс про Директ 2.0 - YouTube
2026-04-12 22:49:58,193 | INFO | Thread-74 (process_youtube_trends) | [YouTube Trends] Пропущено (длительность): Цвет настроения красный...криптабыла для всех для.
2026-04-12 22:49:59,962 | INFO | Thread-74 (process_youtube_trends) | [YouTube Trends] Пропущено (длительность): Threads That Speak: How The Inca Used Strings to C
2026-04-12 22:50:01,857 | INFO | Thread-74 (process_youtube_trends) | [YouTube Trends] Пропущено (длительность): Крипта: как на ней зарабатывают и теряют миллионы?
2026-04-12 22:50:03,726 | INFO | Thread-74 (process_youtube_trends) | [YouTube Trends] Пропущено (подписчики 67 вне диапазона): Твоя крипта может быть «грязной». Даже если ты нич
2026-04-12 22:50:05,303 | INFO | Thread-74 (process_youtube_trends) | [YouTube Trends] Пропущено (подписчики 67 вне диапазона): Как начать инвестировать в крипту в 2026 и не пожа
2026-04-12 22:50:06,784 | INFO | Thread-74 (process_youtube_trends) | [YouTube Trends] Пропущено (подписчики 125 вне диапазона): Крипта — ВСЕ? Куда идет Биткоин? Золото на ATH и с
2026-04-12 22:50:08,402 | INFO | Thread-74 (process_youtube_trends) | [YouTube Trends] Пропущено (длительность): Крипта и обман: разоблачение схем, курсов и прогре
2026-04-12 22:50:10,056 | INFO | Thread-74 (process_youtube_trends) | [YouTube Trends] Пропущено (подписчики 67 вне диапазона): Крипта 2025: деньги, за которыми приходят - YouTub
2026-04-12 22:50:11,779 | INFO | Thread-74 (process_youtube_trends) | [YouTube Trends] Пропущено (длительность): НОВЫЕ ПРАВИЛА ИГРЫ - Нефть, Крипта, Индексы - Что
2026-04-12 22:50:13,430 | INFO | Thread-74 (process_youtube_trends) | [YouTube Trends] Пропущено (длительность): Чиновники, аресты, санкции, многомиллиардные крахи
2026-04-12 22:50:15,338 | INFO | Thread-74 (process_youtube_trends) | [YouTube Trends] Пропущено (длительность): P2P УМЕР! Что дальше? | Легальная крипта в России
2026-04-12 22:50:16,861 | INFO | Thread-74 (process_youtube_trends) | [YouTube Trends] Пропущено (длительность): Геополитика и крипта, рынок меняется! Bitcoin, Xst
2026-04-12 22:50:18,640 | INFO | Thread-74 (process_youtube_trends) | [YouTube Trends] Пропущено (подписчики 649 вне диапазона): Криптадля абсолютных новичков. Пошаговая инструкци
2026-04-12 22:50:20,209 | INFO | Thread-74 (process_youtube_trends) | [YouTube Trends] Пропущено (подписчики 2 вне диапазона): CRYPTA- From The Ashes (Official Video) | Napalm R
2026-04-12 22:50:21,889 | INFO | Thread-74 (process_youtube_trends) | [YouTube Trends] Пропущено (подписчики 4 вне диапазона): КРИПТА- РАЗОЧАРОВАНИЕ! / Не совершай моих... - You
2026-04-12 22:50:23,649 | INFO | Thread-74 (process_youtube_trends) | [YouTube Trends] Пропущено (длительность): Что-то странное готовит намкрипта. - YouTube
2026-04-12 22:50:24,002 | INFO | Thread-74 (process_youtube_trends) | [YouTube Trends] Запрос: site:youtube.com/watch крипта смотреть
2026-04-12 22:50:25,403 | INFO | Thread-74 (process_youtube_trends) | [YouTube Trends] Ошибка поиска (1/2): RequestError: RequestError('error sending request for url (https://search.yahoo.com/search;_ylt=iWe88AEY-0BxqNXFhe1cSzP8;_ylu=PnqsQzAk01R-eXwD-SJirf1bYAFMUr_uM_tolys71MLDWwc?p=site%3Ayoutube.com%2Fwatch+%D0%BA%D1%80%D0%B8%D0%BF%D1%82%D0%B0+%D1%81%D0%BC%D0%BE%D1%82%D1%80%D0%B5%D1%82%D1%8C)', 'https://search.yahoo.com/search;_ylt=iWe88AEY-0BxqNXFhe1cSzP8;_ylu=PnqsQzAk01R-eXwD-SJirf1bYAFMUr_uM_tolys71MLDWwc?p=site%3Ayoutube.com%2Fwatch+%D0%BA%D1%80%D0%B8%D0%BF%D1%82%D0%B0+%D1%81%D0%BC%D0%BE%D1%82%D1%80%D0%B5%D1%82%D1%8C')
2026-04-12 22:50:27,043 | INFO | Thread-74 (process_youtube_trends) | [YouTube Trends] Сырых результатов: 27
2026-04-12 22:50:28,760 | INFO | Thread-74 (process_youtube_trends) | [YouTube Trends] Пропущено (подписчики 3 вне диапазона): The Door in the Woods | "The Door" |CryptTV Monste
2026-04-12 22:50:30,687 | INFO | Thread-74 (process_youtube_trends) | [YouTube Trends] Пропущено (длительность): Крипто. Криминальная Драма. Лучшие фильмы - YouTub
2026-04-12 22:50:32,434 | INFO | Thread-74 (process_youtube_trends) | [YouTube Trends] Пропущено (длительность): Полный выпуск смотреть на канале☝🏻 #крипта #биткои
2026-04-12 22:50:33,898 | INFO | Thread-74 (process_youtube_trends) | [YouTube Trends] Пропущено (длительность): Крипто — Русский трейлер (2020) - YouTube
2026-04-12 22:50:35,510 | INFO | Thread-74 (process_youtube_trends) | [YouTube Trends] Пропущено (подписчики 2 вне диапазона): УжасыCryptTV #2: Паучиха Мисс Эннити - YouTube
2026-04-12 22:50:37,462 | INFO | Thread-74 (process_youtube_trends) | [YouTube Trends] Пропущено (подписчики 3 вне диапазона): MISS ANNITY | "Kiss And Make Up" | S1E3 |CryptTV..
2026-04-12 22:50:38,944 | INFO | Thread-74 (process_youtube_trends) | [YouTube Trends] Пропущено (подписчики 3 вне диапазона): MISS ANNITY | "Baby On Board" | S1E2 |CryptTV... -
2026-04-12 22:50:40,504 | INFO | Thread-74 (process_youtube_trends) | [YouTube Trends] Пропущено (подписчики 3 вне диапазона): BEAST UNDER THE BED | "Flesh And Blood" |CryptTV..
2026-04-12 22:50:42,281 | INFO | Thread-74 (process_youtube_trends) | [YouTube Trends] Пропущено (длительность): Крипто / Crypto / триллер, криминал, драма _Action
2026-04-12 22:50:43,866 | INFO | Thread-74 (process_youtube_trends) | [YouTube Trends] Пропущено (длительность): Криптокоролева: самая разыскиваемая аферистка в ми
2026-04-12 22:50:45,441 | INFO | Thread-74 (process_youtube_trends) | [YouTube Trends] Пропущено (длительность): ЗАХВАТЫВАЮЩИЙ ФИЛЬМ НЕ ОСТАВИТ НИКОГО РАВНОДУШНЫМ!
2026-04-12 22:50:46,934 | INFO | Thread-74 (process_youtube_trends) | [YouTube Trends] Пропущено (длительность): Криптовалюта: возможность заработать или финансовы
2026-04-12 22:50:51,497 | INFO | Thread-74 (process_youtube_trends) | [YouTube Trends] Пропущено (длительность): Крип — трейлер (2004) #54 - YouTube
2026-04-12 22:50:53,138 | INFO | Thread-74 (process_youtube_trends) | [YouTube Trends] Пропущено (длительность): Ставка ФРС | Сериал про FTX | Криптоафера таксиста
2026-04-12 22:50:54,654 | INFO | Thread-74 (process_youtube_trends) | [YouTube Trends] Пропущено (подписчики 138 вне диапазона): Вот почему на бирже НЕВОЗМОЖНО выиграть в долгую.
2026-04-12 22:50:56,126 | INFO | Thread-74 (process_youtube_trends) | [YouTube Trends] Кандидат без данных по подписчикам: ЗАХВАТЫВАЮЩИЙ КРИМИНАЛЬНЫЙ ДЕТЕКТИВ ...
2026-04-12 22:50:56,478 | INFO | Thread-74 (process_youtube_trends) | [YouTube Trends] Запрос: site:youtube.com/watch крипта видео
2026-04-12 22:51:01,489 | INFO | Thread-74 (process_youtube_trends) | [YouTube Trends] Сырых результатов: 12
2026-04-12 22:51:07,117 | INFO | Thread-74 (process_youtube_trends) | [YouTube Trends] Пропущено (длительность): #топ #шортс #криптовалюта #биткоин #bitcoinnews #к
2026-04-12 22:51:08,731 | INFO | Thread-74 (process_youtube_trends) | [YouTube Trends] Пропущено (длительность): Буллран продолжается? Цели роста - YouTube
2026-04-12 22:51:10,306 | INFO | Thread-74 (process_youtube_trends) | [YouTube Trends] Пропущено (длительность): ANAR DREAMS: из долга 15.000.000 в плюс 35 млн. за
2026-04-12 22:51:11,896 | INFO | Thread-74 (process_youtube_trends) | [YouTube Trends] Пропущено (длительность): Sofia the First - Sofia transforms into Crystal Bi
2026-04-12 22:51:12,248 | INFO | Thread-74 (process_youtube_trends) | [YouTube Trends] Ошибок поиска: 1
2026-04-12 22:51:12,248 | INFO | Thread-74 (process_youtube_trends) | [YouTube Trends] Строгий фильтр дал 0. Возвращаю 1 кандидатов с неизвестными подписчиками.
2026-04-12 22:51:12,249 | INFO | Thread-74 (process_youtube_trends) | [YouTube Trends] Итого: 1 видео
2026-04-12 22:55:19,668 | INFO | Thread-33 (process_youtube_trends) | [YouTube Trends] Поиск: query='крипта', max=50, lang=RU
2026-04-12 22:55:19,671 | INFO | Thread-33 (process_youtube_trends) | [YouTube Trends] Фильтры: duration=4-54min, subs=9000-100000
2026-04-12 22:55:19,671 | INFO | Thread-33 (process_youtube_trends) | [YouTube Trends] Запрос: site:youtube.com/watch крипта -crypttv -трейлер -фильм -movie -mortal -kombat -official video
2026-04-12 22:55:22,449 | INFO | Thread-33 (process_youtube_trends) | [YouTube Trends] Сырых результатов: 31
2026-04-12 22:55:22,451 | INFO | Thread-33 (process_youtube_trends) | [YouTube Trends] Пропущено (нерелевантно): Sofia the First - Sofia transforms into Crystal Bi
2026-04-12 22:55:24,141 | INFO | Thread-33 (process_youtube_trends) | [YouTube Trends] Пропущено (длительность): Крипта в 2026: вывел все деньги и что делаю дальше
2026-04-12 22:55:26,744 | INFO | Thread-33 (process_youtube_trends) | [YouTube Trends] Подписчики уточнены: 326000 -> 275000 (Как разобраться в крипте в 2026 году с нуля? )
2026-04-12 22:55:26,747 | INFO | Thread-33 (process_youtube_trends) | [YouTube Trends] Пропущено (подписчики 275000 вне диапазона): Как разобраться в крипте в 2026 году с нуля? С чег
2026-04-12 22:55:28,762 | INFO | Thread-33 (process_youtube_trends) | [YouTube Trends] Подписчики уточнены: 393000 -> 1290 (Крипта в 2026: начинается то, чего никто не ж)
2026-04-12 22:55:28,762 | INFO | Thread-33 (process_youtube_trends) | [YouTube Trends] Пропущено (подписчики 1290 вне диапазона): Крипта в 2026: начинается то, чего никто не ждёт -
2026-04-12 22:55:30,844 | INFO | Thread-33 (process_youtube_trends) | [YouTube Trends] Подписчики уточнены: 444000 -> 4800000 (Крипта стала легальна в России! - YouTube)
2026-04-12 22:55:30,846 | INFO | Thread-33 (process_youtube_trends) | [YouTube Trends] Пропущено (подписчики 4800000 вне диапазона): Крипта стала легальна в России! - YouTube
2026-04-12 22:55:32,544 | INFO | Thread-33 (process_youtube_trends) | [YouTube Trends] Подписчики уточнены: 393000 -> 1290 (Крипта: как заработать НИЧЕГО не понимая? - Y)
2026-04-12 22:55:32,544 | INFO | Thread-33 (process_youtube_trends) | [YouTube Trends] Пропущено (подписчики 1290 вне диапазона): Крипта: как заработать НИЧЕГО не понимая? - YouTub
2026-04-12 22:55:34,354 | INFO | Thread-33 (process_youtube_trends) | [YouTube Trends] Пропущено (длительность): Peter Chobot čakra Krista - YouTube
2026-04-12 22:55:35,802 | INFO | Thread-33 (process_youtube_trends) | [YouTube Trends] Видео: Как начать инвестировать в крипту в 2026 и не пожа... (Views: 14790, Score: 49.8)
2026-04-12 22:55:37,501 | INFO | Thread-33 (process_youtube_trends) | [YouTube Trends] Видео: Ты изменишь отношение к КРИПТЕ после этого видео. ... (Views: 1670, Score: 31.4)
2026-04-12 22:55:39,273 | INFO | Thread-33 (process_youtube_trends) | [YouTube Trends] Пропущено (канал уже обработан): Твоя крипта может быть «грязной». Даже если ты нич
2026-04-12 22:55:41,051 | INFO | Thread-33 (process_youtube_trends) | [YouTube Trends] Пропущено (длительность): Крипта: как на ней зарабатывают и теряют миллионы?
2026-04-12 22:55:44,185 | INFO | Thread-33 (process_youtube_trends) | [YouTube Trends] Пропущено (подписчики 649000 вне диапазона): Крипта для абсолютных новичков. Пошаговая инструкц
2026-04-12 22:55:45,969 | INFO | Thread-33 (process_youtube_trends) | [YouTube Trends] Подписчики уточнены: 393000 -> 1290 (Не покупай крипту БЕЗ этих 21 уроков - YouTub)
2026-04-12 22:55:45,971 | INFO | Thread-33 (process_youtube_trends) | [YouTube Trends] Пропущено (подписчики 1290 вне диапазона): Не покупай крипту БЕЗ этих 21 уроков - YouTube
2026-04-12 22:55:47,927 | INFO | Thread-33 (process_youtube_trends) | [YouTube Trends] Пропущено (длительность): НОВЫЕ ПРАВИЛА ИГРЫ - Нефть, Крипта, Индексы - Что
2026-04-12 22:55:50,226 | INFO | Thread-33 (process_youtube_trends) | [YouTube Trends] Подписчики уточнены: 138000 -> 1010 (Вот почему на бирже НЕВОЗМОЖНО выиграть в дол)
2026-04-12 22:55:50,227 | INFO | Thread-33 (process_youtube_trends) | [YouTube Trends] Пропущено (подписчики 1010 вне диапазона): Вот почему на бирже НЕВОЗМОЖНО выиграть в долгую.
2026-04-12 22:55:53,073 | INFO | Thread-33 (process_youtube_trends) | [YouTube Trends] Пропущено (подписчики 112000 вне диапазона): Криптовалюта Для Чайников! Все что Нужно Знать в О
2026-04-12 22:55:54,732 | INFO | Thread-33 (process_youtube_trends) | [YouTube Trends] Пропущено (длительность): Как заработать на крипте СЕЙЧАС новичку? Это после
2026-04-12 22:55:56,548 | INFO | Thread-33 (process_youtube_trends) | [YouTube Trends] Пропущено (длительность): Крипта для новичков: с чего начать? #криптовалюта
2026-04-12 22:55:58,394 | INFO | Thread-33 (process_youtube_trends) | [YouTube Trends] Пропущено (канал уже обработан): Крипта 2025: деньги, за которыми приходят - YouTub
2026-04-12 22:55:59,877 | INFO | Thread-33 (process_youtube_trends) | [YouTube Trends] Видео: 🚨КРИПТА — Скільки Ще Падати?? Прогноз Біткоїн та А... (Views: 1747, Score: 36.6)
2026-04-12 22:56:02,421 | INFO | Thread-33 (process_youtube_trends) | [YouTube Trends] Подписчики уточнены: 1280000 -> 576000 (Деньги, которых нет. На чем держится криптова)
2026-04-12 22:56:02,421 | INFO | Thread-33 (process_youtube_trends) | [YouTube Trends] Пропущено (подписчики 576000 вне диапазона): Деньги, которых нет. На чем держится криптовалюта?
2026-04-12 22:56:04,184 | INFO | Thread-33 (process_youtube_trends) | [YouTube Trends] Пропущено (длительность): Биткойн всех обманул - Что с криптовалютой в 2023
2026-04-12 22:56:04,537 | INFO | Thread-33 (process_youtube_trends) | [YouTube Trends] Запрос: site:youtube.com/watch крипта смотреть -crypttv -трейлер -фильм -movie -mortal -kombat -official video
2026-04-12 22:56:06,228 | INFO | Thread-33 (process_youtube_trends) | [YouTube Trends] Сырых результатов: 41
2026-04-12 22:56:07,669 | INFO | Thread-33 (process_youtube_trends) | [YouTube Trends] Пропущено (длительность): Крипта в 2026: как заработать, когда мало денег? -
2026-04-12 22:56:09,455 | INFO | Thread-33 (process_youtube_trends) | [YouTube Trends] Пропущено (длительность): Полный выпуск смотреть на канале☝🏻 #крипта #биткои
2026-04-12 22:56:11,257 | INFO | Thread-33 (process_youtube_trends) | [YouTube Trends] Подписчики уточнены: 393000 -> 1290 (Крипта: как заработать НИЧЕГО не понимая? - Y)
2026-04-12 22:56:11,259 | INFO | Thread-33 (process_youtube_trends) | [YouTube Trends] Пропущено (подписчики 1290 вне диапазона): Крипта: как заработать НИЧЕГО не понимая? - YouTub
2026-04-12 22:56:12,877 | INFO | Thread-33 (process_youtube_trends) | [YouTube Trends] Пропущено (длительность): MortalKombatXKRYPT(Крипта) - Полное... - YouTube
2026-04-12 22:56:14,736 | INFO | Thread-33 (process_youtube_trends) | [YouTube Trends] Пропущено (длительность): MortalKombat11 FULLMOVIE(4K Ultra HDR) - YouTube
2026-04-12 22:56:14,738 | INFO | Thread-33 (process_youtube_trends) | [YouTube Trends] Пропущено (нерелевантно): МорталКомбат2 — Русскийтрейлер(Дубляж, 2026) - You
2026-04-12 22:56:17,682 | INFO | Thread-33 (process_youtube_trends) | [YouTube Trends] Пропущено (подписчики 160000 вне диапазона): Ставка ФРС | Сериал про FTX | Криптоафера таксиста
2026-04-12 22:56:20,595 | INFO | Thread-33 (process_youtube_trends) | [YouTube Trends] Подписчики уточнены: 1680000 -> 3300 (Блокчейн, токены, криптовалюта: ЧТО ЭТО? | РА)
2026-04-12 22:56:20,595 | INFO | Thread-33 (process_youtube_trends) | [YouTube Trends] Пропущено (подписчики 3300 вне диапазона): Блокчейн, токены, криптовалюта: ЧТО ЭТО? | РАЗБОР
2026-04-12 22:56:20,595 | INFO | Thread-33 (process_youtube_trends) | [YouTube Trends] Пропущено (нерелевантно): МорталКомбат— Русскийтрейлер(2021) - YouTube
2026-04-12 22:56:22,224 | INFO | Thread-33 (process_youtube_trends) | [YouTube Trends] Пропущено (длительность): MortalKombat–OfficialRestrictedTrailer- YouTube
2026-04-12 22:56:23,932 | INFO | Thread-33 (process_youtube_trends) | [YouTube Trends] Пропущено (длительность): MortalKombat(1995)OfficialTrailer- ActionMovieHD -
2026-04-12 22:56:24,285 | INFO | Thread-33 (process_youtube_trends) | [YouTube Trends] Запрос: site:youtube.com/watch крипта видео -crypttv -трейлер -фильм -movie -mortal -kombat -official video
2026-04-12 22:56:26,296 | INFO | Thread-33 (process_youtube_trends) | [YouTube Trends] Сырых результатов: 20
2026-04-12 22:56:27,809 | INFO | Thread-33 (process_youtube_trends) | [YouTube Trends] Пропущено (длительность): Музей за икони в крипта Александър Невски(видео) -
2026-04-12 22:56:29,865 | INFO | Thread-33 (process_youtube_trends) | [YouTube Trends] Пропущено (длительность): Криптовалюта для начинающих: 10$ в день без опыта
2026-04-12 22:56:32,569 | INFO | Thread-33 (process_youtube_trends) | [YouTube Trends] Подписчики уточнены: 14600000 -> 344000 (*НЕ СМОТРИ НАЗАД* - 10 Самых СТРАШНЫХ Видео в)
2026-04-12 22:56:32,570 | INFO | Thread-33 (process_youtube_trends) | [YouTube Trends] Пропущено (подписчики 344000 вне диапазона): *НЕ СМОТРИ НАЗАД* - 10 Самых СТРАШНЫХ Видео в МИРЕ
2026-04-12 22:56:35,312 | INFO | Thread-33 (process_youtube_trends) | [YouTube Trends] Подписчики уточнены: 1730000 -> 139000 (Крипта, блокчейн и два биткоина: что было, ес)
2026-04-12 22:56:35,312 | INFO | Thread-33 (process_youtube_trends) | [YouTube Trends] Пропущено (подписчики 139000 вне диапазона): Крипта, блокчейн и два биткоина: что было, есть и
2026-04-12 22:56:39,756 | INFO | Thread-33 (process_youtube_trends) | [YouTube Trends] Подписчики уточнены: 393000 -> 1290 (Криптовалюта: самое ПРОСТОЕ объяснение как за)
2026-04-12 22:56:39,758 | INFO | Thread-33 (process_youtube_trends) | [YouTube Trends] Пропущено (подписчики 1290 вне диапазона): Криптовалюта: самое ПРОСТОЕ объяснение как заработ
2026-04-12 22:56:43,560 | INFO | Thread-33 (process_youtube_trends) | [YouTube Trends] Пропущено (подписчики 214000 вне диапазона): Что такое криптовалюта простыми словами? Даже двое
2026-04-12 22:56:43,915 | INFO | Thread-33 (process_youtube_trends) | [YouTube Trends] Запрос: site:youtube.com/watch крипта криптовалюта -crypttv -трейлер -фильм -movie -mortal -kombat -official video
2026-04-12 22:56:46,494 | INFO | Thread-33 (process_youtube_trends) | [YouTube Trends] Сырых результатов: 20
2026-04-12 22:56:48,202 | INFO | Thread-33 (process_youtube_trends) | [YouTube Trends] Пропущено (длительность): Возможности крипты в Казахстане. Что есть,а что ск
2026-04-12 22:56:50,056 | INFO | Thread-33 (process_youtube_trends) | [YouTube Trends] Пропущено (длительность): Криптовалюта для начинающих: ЭТИ инструменты работ
2026-04-12 22:56:51,914 | INFO | Thread-33 (process_youtube_trends) | [YouTube Trends] Подписчики уточнены: 393000 -> 1290 (Криптовалюта для начинающих: 100$ без опыта [)
2026-04-12 22:56:51,916 | INFO | Thread-33 (process_youtube_trends) | [YouTube Trends] Пропущено (подписчики 1290 вне диапазона): Криптовалюта для начинающих: 100$ без опыта [инстр
2026-04-12 22:56:53,567 | INFO | Thread-33 (process_youtube_trends) | [YouTube Trends] Подписчики уточнены: 393000 -> 1290 (Крипта: как заработать НИЧЕГО не понимая? - Y)
2026-04-12 22:56:53,567 | INFO | Thread-33 (process_youtube_trends) | [YouTube Trends] Пропущено (подписчики 1290 вне диапазона): Крипта: как заработать НИЧЕГО не понимая? - YouTub
2026-04-12 22:56:55,156 | INFO | Thread-33 (process_youtube_trends) | [YouTube Trends] Видео: 🚨КРИПТА СТАВИТЬ ДНО? 🔴 ЧОМУ НАТОВП ЗНОВУ ПОМИЛЯЄТЬ... (Views: 2212, Score: 38.5)
2026-04-12 22:56:58,748 | INFO | Thread-33 (process_youtube_trends) | [YouTube Trends] Пропущено (подписчики 193000 вне диапазона): Что такое криптовалюта для новичков? - YouTube
2026-04-12 22:57:00,562 | INFO | Thread-33 (process_youtube_trends) | [YouTube Trends] Видео: Криптовалюта прогноз. Биткоин достиг дна или следу... (Views: 4496, Score: 41.8)
2026-04-12 22:57:00,914 | INFO | Thread-33 (process_youtube_trends) | [YouTube Trends] Запрос: site:youtube.com/watch крипта биткоин -crypttv -трейлер -фильм -movie -mortal -kombat -official video
2026-04-12 22:57:03,311 | INFO | Thread-33 (process_youtube_trends) | [YouTube Trends] Сырых результатов: 20
2026-04-12 22:57:05,331 | INFO | Thread-33 (process_youtube_trends) | [YouTube Trends] Пропущено (длительность): ⚡️ КриптоМИЛЛИАРДЕР Носов. Что будет с биткоином .
2026-04-12 22:57:06,911 | INFO | Thread-33 (process_youtube_trends) | [YouTube Trends] Пропущено (длительность): ЭТО БОЛЬШОЙ РИСК В КРИПТЕ! CRYPTUS подкаст про вен
2026-04-12 22:57:08,708 | INFO | Thread-33 (process_youtube_trends) | [YouTube Trends] Пропущено (подписчики 160000 вне диапазона): Что такое биткоин? (Урок 3: Погружение в крипту) -
2026-04-12 22:57:10,418 | INFO | Thread-33 (process_youtube_trends) | [YouTube Trends] Пропущено (длительность): Большой выпуск про крипту: Трамп, тренды, TON и по
2026-04-12 22:57:13,289 | INFO | Thread-33 (process_youtube_trends) | [YouTube Trends] Пропущено (длительность): Криптовалюта для начинающих: что надо знать | Битк
2026-04-12 22:57:17,517 | INFO | Thread-33 (process_youtube_trends) | [YouTube Trends] Пропущено (подписчики 255000 вне диапазона): В чем подвох криптовалюты или Кто стоит за биткоин
2026-04-12 22:57:19,398 | INFO | Thread-33 (process_youtube_trends) | [YouTube Trends] Пропущено (длительность): Биткоин упал — продавать или ждать? #крипта #битко
2026-04-12 22:57:19,750 | INFO | Thread-33 (process_youtube_trends) | [YouTube Trends] Запрос: site:youtube.com/watch крипта обзор рынка -crypttv -трейлер -фильм -movie -mortal -kombat -official video
2026-04-12 22:57:21,587 | INFO | Thread-33 (process_youtube_trends) | [YouTube Trends] Сырых результатов: 20
2026-04-12 22:57:25,001 | INFO | Thread-33 (process_youtube_trends) | [YouTube Trends] Пропущено (подписчики 146000 вне диапазона): Крипта худший рынок на планете. Я не вернусь - You
2026-04-12 22:57:27,804 | INFO | Thread-33 (process_youtube_trends) | [YouTube Trends] Пропущено (подписчики 1120 вне диапазона): ЭТО БЫЛ НЕ ОБВАЛ. ТАК РАБОТАЕТ РЫНОК КРИПТЫ - YouT
2026-04-12 22:57:29,734 | INFO | Thread-33 (process_youtube_trends) | [YouTube Trends] Видео: Обзор рынка | Всё зависит от Эфириума - YouTube... (Views: 6766, Score: 43.7)
2026-04-12 22:57:33,368 | INFO | Thread-33 (process_youtube_trends) | [YouTube Trends] Пропущено (подписчики 7300 вне диапазона): КРИПТА НЕ СПИТ 13.10.2025 | РАЗОБЛАЧЕНИЕ BINANCE |
2026-04-12 22:57:36,775 | INFO | Thread-33 (process_youtube_trends) | [YouTube Trends] Пропущено (подписчики 761000 вне диапазона): КРИПТА НА ДНЕ! Почему Америка начала печатать день
2026-04-12 22:57:38,629 | INFO | Thread-33 (process_youtube_trends) | [YouTube Trends] Подписчики уточнены: 326000 -> 275000 (Крипта | Бывший банкир раскрыл, как работает )
2026-04-12 22:57:38,631 | INFO | Thread-33 (process_youtube_trends) | [YouTube Trends] Пропущено (подписчики 275000 вне диапазона): Крипта | Бывший банкир раскрыл, как работает рынок
2026-04-12 22:57:40,274 | INFO | Thread-33 (process_youtube_trends) | [YouTube Trends] Видео: Крипта упала, что делать дальше? Прогноз по рынку ... (Views: 10738, Score: 49.6)
2026-04-12 22:57:42,209 | INFO | Thread-33 (process_youtube_trends) | [YouTube Trends] Пропущено (длительность): Крипта: продавать? Или еще будет рост? И когда вых
2026-04-12 22:57:45,637 | INFO | Thread-33 (process_youtube_trends) | [YouTube Trends] Пропущено (подписчики 1620 вне диапазона): Исповедь Маркетмейкера: ПРАВДА: Как и почему обвал
2026-04-12 22:57:49,040 | INFO | Thread-33 (process_youtube_trends) | [YouTube Trends] Пропущено (подписчики 350000 вне диапазона): ФРС, доллар и крипта: что сейчас ломает рынок. Рек
2026-04-12 22:57:50,783 | INFO | Thread-33 (process_youtube_trends) | [YouTube Trends] Пропущено (канал уже обработан): Обзор рынка | Мир Катится в Тартары - YouTube
2026-04-12 22:57:52,648 | INFO | Thread-33 (process_youtube_trends) | [YouTube Trends] Пропущено (подписчики 350000 вне диапазона): Обзор КРИПТОВАЛЮТНОГО рынка с Игорем Кравченко. От
2026-04-12 22:57:55,806 | INFO | Thread-33 (process_youtube_trends) | [YouTube Trends] Пропущено (подписчики 125000 вне диапазона): Крипта — ВСЕ? Куда идет Биткоин? Золото на ATH и с
2026-04-12 22:57:57,412 | INFO | Thread-33 (process_youtube_trends) | [YouTube Trends] Пропущено (подписчики 125000 вне диапазона): КРИПТА В ЛОВУШКЕ: BTC застрял, альты падают. Что д
2026-04-12 22:57:59,326 | INFO | Thread-33 (process_youtube_trends) | [YouTube Trends] Пропущено (длительность): Падение рынка криптовалюты! Что же там было? - You
2026-04-12 22:58:01,672 | INFO | Thread-33 (process_youtube_trends) | [YouTube Trends] Пропущено (подписчики 146000 вне диапазона): Топ альткоинов на весну. Лучший обзор крипто рынка
2026-04-12 22:58:03,578 | INFO | Thread-33 (process_youtube_trends) | [YouTube Trends] Пропущено (длительность): Это должен знать каждый новичок в крипте: INSTARDI
2026-04-12 22:58:05,276 | INFO | Thread-33 (process_youtube_trends) | [YouTube Trends] Видео: СРОЧНЫЙ ОБЗОР: КРИПТА НА ГРАНИ ОБВАЛА. Был ли это ... (Views: 4851, Score: 40.7)
2026-04-12 22:58:07,183 | INFO | Thread-33 (process_youtube_trends) | [YouTube Trends] Пропущено (подписчики 160000 вне диапазона): БИТКОИН ГОТОВИТ ЛОВУШКУ? Крупный капитал сливает о
2026-04-12 22:58:07,538 | INFO | Thread-33 (process_youtube_trends) | [YouTube Trends] Итого: 8 видео
2026-04-12 23:14:32,913 | INFO | MainThread | [YouTube Trends] Поиск: query='crypto', max=3, lang=EN
2026-04-12 23:14:32,913 | INFO | MainThread | [YouTube Trends] Фильтры: duration=0-120min, subs=0-10000000
2026-04-12 23:14:32,913 | INFO | MainThread | [YouTube Trends] Параллельных запросов метаданных: 8
2026-04-12 23:14:32,915 | INFO | MainThread | [YouTube Trends] Запрос: site:youtube.com/watch crypto -crypttv -трейлер -фильм -movie -mortal -kombat -official video
2026-04-12 23:14:47,195 | INFO | MainThread | [YouTube Trends] Ошибка поиска (1/2): ConnectError: ConnectError('error sending request for url (https://html.duckduckgo.com/html/)', 'https://html.duckduckgo.com/html/')
2026-04-12 23:15:01,841 | INFO | MainThread | [YouTube Trends] Ошибка поиска (2/2): ConnectError: ConnectError('error sending request for url (https://search.yahoo.com/search;_ylt=7vNuLIy3N6r7lbNi8cQugPE8;_ylu=BqvRBryvyJEfTMxX7pt8pR2AjVdxap-dMT837o_eoyqBWdU?p=site%3Ayoutube.com%2Fwatch+crypto+-crypttv+-%D1%82%D1%80%D0%B5%D0%B9%D0%BB%D0%B5%D1%80+-%D1%84%D0%B8%D0%BB%D1%8C%D0%BC+-movie+-mortal+-kombat+-official+video)', 'https://search.yahoo.com/search;_ylt=7vNuLIy3N6r7lbNi8cQugPE8;_ylu=BqvRBryvyJEfTMxX7pt8pR2AjVdxap-dMT837o_eoyqBWdU?p=site%3Ayoutube.com%2Fwatch+crypto+-crypttv+-%D1%82%D1%80%D0%B5%D0%B9%D0%BB%D0%B5%D1%80+-%D1%84%D0%B8%D0%BB%D1%8C%D0%BC+-movie+-mortal+-kombat+-official+video')
2026-04-12 23:15:01,842 | INFO | MainThread | [YouTube Trends] Пустой ответ по запросу: site:youtube.com/watch crypto -crypttv -трейлер -фильм -movie -mortal -kombat -official video
2026-04-12 23:15:01,842 | INFO | MainThread | [YouTube Trends] Запрос: site:youtube.com/watch crypto viral -crypttv -трейлер -фильм -movie -mortal -kombat -official video
2026-04-12 23:15:16,072 | INFO | MainThread | [YouTube Trends] Ошибка поиска (1/2): ConnectError: ConnectError('error sending request for url (https://search.yahoo.com/search;_ylt=Amyzf19k7slAHpwDc6QeZyxn;_ylu=tRetfmNf0Sqsdxjrz5SBQj-poCoTuF3nvhRxDWsTWRTmAgY?p=site%3Ayoutube.com%2Fwatch+crypto+viral+-crypttv+-%D1%82%D1%80%D0%B5%D0%B9%D0%BB%D0%B5%D1%80+-%D1%84%D0%B8%D0%BB%D1%8C%D0%BC+-movie+-mortal+-kombat+-official+video)', 'https://search.yahoo.com/search;_ylt=Amyzf19k7slAHpwDc6QeZyxn;_ylu=tRetfmNf0Sqsdxjrz5SBQj-poCoTuF3nvhRxDWsTWRTmAgY?p=site%3Ayoutube.com%2Fwatch+crypto+viral+-crypttv+-%D1%82%D1%80%D0%B5%D0%B9%D0%BB%D0%B5%D1%80+-%D1%84%D0%B8%D0%BB%D1%8C%D0%BC+-movie+-mortal+-kombat+-official+video')
2026-04-12 23:15:30,716 | INFO | MainThread | [YouTube Trends] Ошибка поиска (2/2): ConnectError: ConnectError('error sending request for url (https://search.yahoo.com/search;_ylt=PgccTZ_cOfJqgaxBjfjqFHXa;_ylu=vL4WcsidRH7lWS_t8FCXH1mbZjKsDybTmhO5s143OQZUNXM?p=site%3Ayoutube.com%2Fwatch+crypto+viral+-crypttv+-%D1%82%D1%80%D0%B5%D0%B9%D0%BB%D0%B5%D1%80+-%D1%84%D0%B8%D0%BB%D1%8C%D0%BC+-movie+-mortal+-kombat+-official+video)', 'https://search.yahoo.com/search;_ylt=PgccTZ_cOfJqgaxBjfjqFHXa;_ylu=vL4WcsidRH7lWS_t8FCXH1mbZjKsDybTmhO5s143OQZUNXM?p=site%3Ayoutube.com%2Fwatch+crypto+viral+-crypttv+-%D1%82%D1%80%D0%B5%D0%B9%D0%BB%D0%B5%D1%80+-%D1%84%D0%B8%D0%BB%D1%8C%D0%BC+-movie+-mortal+-kombat+-official+video')
2026-04-12 23:15:30,716 | INFO | MainThread | [YouTube Trends] Пустой ответ по запросу: site:youtube.com/watch crypto viral -crypttv -трейлер -фильм -movie -mortal -kombat -official video
2026-04-12 23:15:30,717 | INFO | MainThread | [YouTube Trends] Запрос: site:youtube.com/watch crypto trending -crypttv -трейлер -фильм -movie -mortal -kombat -official video
2026-04-12 23:15:40,890 | INFO | MainThread | [YouTube Trends] Ошибка поиска (1/2): ConnectError: ConnectError('error sending request for url (https://yandex.com/search/site/?text=site%3Ayoutube.com%2Fwatch+crypto+trending+-crypttv+-%D1%82%D1%80%D0%B5%D0%B9%D0%BB%D0%B5%D1%80+-%D1%84%D0%B8%D0%BB%D1%8C%D0%BC+-movie+-mortal+-kombat+-official+video&web=1&searchid=8396099)', 'https://yandex.com/search/site/?text=site%3Ayoutube.com%2Fwatch+crypto+trending+-crypttv+-%D1%82%D1%80%D0%B5%D0%B9%D0%BB%D0%B5%D1%80+-%D1%84%D0%B8%D0%BB%D1%8C%D0%BC+-movie+-mortal+-kombat+-official+video&web=1&searchid=8396099')
2026-04-12 23:15:55,523 | INFO | MainThread | [YouTube Trends] Ошибка поиска (2/2): ConnectError: ConnectError('error sending request for url (https://search.yahoo.com/search;_ylt=SGvbUhv9ZiJ96ZaUegCjzMlN;_ylu=r4-_W74MjVFJecnTUP_JSL6kS54USGy45gmzXCRFBVT9VaQ?p=site%3Ayoutube.com%2Fwatch+crypto+trending+-crypttv+-%D1%82%D1%80%D0%B5%D0%B9%D0%BB%D0%B5%D1%80+-%D1%84%D0%B8%D0%BB%D1%8C%D0%BC+-movie+-mortal+-kombat+-official+video)', 'https://search.yahoo.com/search;_ylt=SGvbUhv9ZiJ96ZaUegCjzMlN;_ylu=r4-_W74MjVFJecnTUP_JSL6kS54USGy45gmzXCRFBVT9VaQ?p=site%3Ayoutube.com%2Fwatch+crypto+trending+-crypttv+-%D1%82%D1%80%D0%B5%D0%B9%D0%BB%D0%B5%D1%80+-%D1%84%D0%B8%D0%BB%D1%8C%D0%BC+-movie+-mortal+-kombat+-official+video')
2026-04-12 23:15:55,523 | INFO | MainThread | [YouTube Trends] Пустой ответ по запросу: site:youtube.com/watch crypto trending -crypttv -трейлер -фильм -movie -mortal -kombat -official video
2026-04-12 23:15:55,523 | INFO | MainThread | [YouTube Trends] Запрос: site:youtube.com/watch crypto market analysis -crypttv -трейлер -фильм -movie -mortal -kombat -official video
2026-04-12 23:16:09,752 | INFO | MainThread | [YouTube Trends] Ошибка поиска (1/2): ConnectError: ConnectError('error sending request for url (https://yandex.com/search/site/?text=site%3Ayoutube.com%2Fwatch+crypto+market+analysis+-crypttv+-%D1%82%D1%80%D0%B5%D0%B9%D0%BB%D0%B5%D1%80+-%D1%84%D0%B8%D0%BB%D1%8C%D0%BC+-movie+-mortal+-kombat+-official+video&web=1&searchid=3522543)', 'https://yandex.com/search/site/?text=site%3Ayoutube.com%2Fwatch+crypto+market+analysis+-crypttv+-%D1%82%D1%80%D0%B5%D0%B9%D0%BB%D0%B5%D1%80+-%D1%84%D0%B8%D0%BB%D1%8C%D0%BC+-movie+-mortal+-kombat+-official+video&web=1&searchid=3522543')
2026-04-12 23:16:24,369 | INFO | MainThread | [YouTube Trends] Ошибка поиска (2/2): ConnectError: ConnectError('error sending request for url (https://www.mojeek.com/search?q=site%3Ayoutube.com%2Fwatch+crypto+market+analysis+-crypttv+-%D1%82%D1%80%D0%B5%D0%B9%D0%BB%D0%B5%D1%80+-%D1%84%D0%B8%D0%BB%D1%8C%D0%BC+-movie+-mortal+-kombat+-official+video)', 'https://www.mojeek.com/search?q=site%3Ayoutube.com%2Fwatch+crypto+market+analysis+-crypttv+-%D1%82%D1%80%D0%B5%D0%B9%D0%BB%D0%B5%D1%80+-%D1%84%D0%B8%D0%BB%D1%8C%D0%BC+-movie+-mortal+-kombat+-official+video')
2026-04-12 23:16:24,371 | INFO | MainThread | [YouTube Trends] Пустой ответ по запросу: site:youtube.com/watch crypto market analysis -crypttv -трейлер -фильм -movie -mortal -kombat -official video
2026-04-12 23:16:24,371 | INFO | MainThread | [YouTube Trends] Запрос: site:youtube.com/watch crypto altcoins -crypttv -трейлер -фильм -movie -mortal -kombat -official video
2026-04-12 23:16:38,614 | INFO | MainThread | [YouTube Trends] Ошибка поиска (1/2): ConnectError: ConnectError('error sending request for url (https://search.brave.com/search?q=site%3Ayoutube.com%2Fwatch+crypto+altcoins+-crypttv+-%D1%82%D1%80%D0%B5%D0%B9%D0%BB%D0%B5%D1%80+-%D1%84%D0%B8%D0%BB%D1%8C%D0%BC+-movie+-mortal+-kombat+-official+video&source=web)', 'https://search.brave.com/search?q=site%3Ayoutube.com%2Fwatch+crypto+altcoins+-crypttv+-%D1%82%D1%80%D0%B5%D0%B9%D0%BB%D0%B5%D1%80+-%D1%84%D0%B8%D0%BB%D1%8C%D0%BC+-movie+-mortal+-kombat+-official+video&source=web')
2026-04-12 23:16:47,177 | INFO | MainThread | [YouTube Trends] Ошибка поиска (2/2): ConnectError: ConnectError('error sending request for url (https://yandex.com/search/site/?text=site%3Ayoutube.com%2Fwatch+crypto+altcoins+-crypttv+-%D1%82%D1%80%D0%B5%D0%B9%D0%BB%D0%B5%D1%80+-%D1%84%D0%B8%D0%BB%D1%8C%D0%BC+-movie+-mortal+-kombat+-official+video&web=1&searchid=8425104)', 'https://yandex.com/search/site/?text=site%3Ayoutube.com%2Fwatch+crypto+altcoins+-crypttv+-%D1%82%D1%80%D0%B5%D0%B9%D0%BB%D0%B5%D1%80+-%D1%84%D0%B8%D0%BB%D1%8C%D0%BC+-movie+-mortal+-kombat+-official+video&web=1&searchid=8425104')
2026-04-12 23:16:47,177 | INFO | MainThread | [YouTube Trends] Пустой ответ по запросу: site:youtube.com/watch crypto altcoins -crypttv -трейлер -фильм -movie -mortal -kombat -official video
2026-04-12 23:16:47,177 | INFO | MainThread | [YouTube Trends] Ошибок поиска: 10
2026-04-12 23:16:47,177 | INFO | MainThread | [YouTube Trends] Итого: 0 видео
2026-04-13 00:44:20,228 | INFO | Thread-64 (process_youtube_trends) | [YouTube Trends] Поиск: query='москва', max=64, lang=RU
2026-04-13 00:44:20,230 | INFO | Thread-64 (process_youtube_trends) | [YouTube Trends] Фильтры: duration=4-59min, subs=18000-100000
2026-04-13 00:44:20,231 | INFO | Thread-64 (process_youtube_trends) | [YouTube Trends] Параллельных запросов метаданных: 12
2026-04-13 00:44:20,231 | INFO | Thread-64 (process_youtube_trends) | [YouTube Trends] Повторов поискового запроса: 1
2026-04-13 00:44:20,231 | INFO | Thread-64 (process_youtube_trends) | [YouTube Trends] Запрос: site:youtube.com/watch москва
2026-04-13 00:44:22,032 | INFO | Thread-64 (process_youtube_trends) | [YouTube Trends] Сырых результатов: 2
2026-04-13 00:44:22,032 | INFO | Thread-64 (process_youtube_trends) | [YouTube Trends] Запрос: site:youtube.com/watch москва смотреть
2026-04-13 00:44:23,454 | INFO | Thread-64 (process_youtube_trends) | [YouTube Trends] Сырых результатов: 4
2026-04-13 00:44:25,129 | INFO | Thread-64 (process_youtube_trends) | [YouTube Trends] Пропущено (подписчики 11700000 вне диапазона): YouTube
2026-04-13 00:44:25,129 | INFO | Thread-64 (process_youtube_trends) | [YouTube Trends] Запрос: site:youtube.com/watch москва видео
2026-04-13 00:44:27,645 | INFO | Thread-64 (process_youtube_trends) | [YouTube Trends] Сырых результатов: 3
2026-04-13 00:44:29,178 | INFO | Thread-64 (process_youtube_trends) | [YouTube Trends] Кандидат без данных по подписчикам: - YouTube
2026-04-13 00:44:29,178 | INFO | Thread-64 (process_youtube_trends) | [YouTube Trends] Строгий фильтр дал 0. Возвращаю 1 кандидатов с неизвестными подписчиками.
2026-04-13 00:44:29,182 | INFO | Thread-64 (process_youtube_trends) | [YouTube Trends] Итого: 1 видео
2026-04-13 00:44:36,775 | INFO | Thread-68 (process_youtube_trends) | [YouTube Trends] Поиск: query='москва', max=64, lang=RU
2026-04-13 00:44:36,778 | INFO | Thread-68 (process_youtube_trends) | [YouTube Trends] Фильтры: duration=4-59min, subs=18000-100000
2026-04-13 00:44:36,778 | INFO | Thread-68 (process_youtube_trends) | [YouTube Trends] Параллельных запросов метаданных: 12
2026-04-13 00:44:36,778 | INFO | Thread-68 (process_youtube_trends) | [YouTube Trends] Повторов поискового запроса: 1
2026-04-13 00:44:36,778 | INFO | Thread-68 (process_youtube_trends) | [YouTube Trends] Запрос: site:youtube.com/watch москва
2026-04-13 00:44:38,498 | INFO | Thread-68 (process_youtube_trends) | [YouTube Trends] Ошибка поиска (1/1): No results found.
2026-04-13 00:44:38,501 | INFO | Thread-68 (process_youtube_trends) | [YouTube Trends] Пустой ответ по запросу: site:youtube.com/watch москва
2026-04-13 00:44:38,501 | INFO | Thread-68 (process_youtube_trends) | [YouTube Trends] Запрос: site:youtube.com/watch москва смотреть
2026-04-13 00:44:40,193 | INFO | Thread-68 (process_youtube_trends) | [YouTube Trends] Сырых результатов: 2
2026-04-13 00:44:41,920 | INFO | Thread-68 (process_youtube_trends) | [YouTube Trends] Пропущено (подписчики 11700000 вне диапазона): YouTube
2026-04-13 00:44:41,920 | INFO | Thread-68 (process_youtube_trends) | [YouTube Trends] Запрос: site:youtube.com/watch москва видео
2026-04-13 00:44:46,658 | INFO | Thread-68 (process_youtube_trends) | [YouTube Trends] Ошибка поиска (1/1): No results found.
2026-04-13 00:44:46,660 | INFO | Thread-68 (process_youtube_trends) | [YouTube Trends] Пустой ответ по запросу: site:youtube.com/watch москва видео
2026-04-13 00:44:46,660 | INFO | Thread-68 (process_youtube_trends) | [YouTube Trends] Ошибок поиска: 2
2026-04-13 00:44:46,660 | INFO | Thread-68 (process_youtube_trends) | [YouTube Trends] Итого: 0 видео
2026-04-13 00:45:05,497 | INFO | Thread-75 (process_youtube_trends) | [YouTube Trends] Поиск: query='крипта', max=64, lang=RU
2026-04-13 00:45:05,497 | INFO | Thread-75 (process_youtube_trends) | [YouTube Trends] Фильтры: duration=4-59min, subs=18000-100000
2026-04-13 00:45:05,498 | INFO | Thread-75 (process_youtube_trends) | [YouTube Trends] Параллельных запросов метаданных: 12
2026-04-13 00:45:05,498 | INFO | Thread-75 (process_youtube_trends) | [YouTube Trends] Повторов поискового запроса: 1
2026-04-13 00:45:05,498 | INFO | Thread-75 (process_youtube_trends) | [YouTube Trends] Запрос: site:youtube.com/watch крипта -crypttv -трейлер -фильм -movie -mortal -kombat -official video
2026-04-13 00:45:06,717 | INFO | Thread-75 (process_youtube_trends) | [YouTube Trends] Ошибка поиска (1/1): No results found.
2026-04-13 00:45:06,722 | INFO | Thread-75 (process_youtube_trends) | [YouTube Trends] Пустой ответ по запросу: site:youtube.com/watch крипта -crypttv -трейлер -фильм -movie -mortal -kombat -official video
2026-04-13 00:45:06,725 | INFO | Thread-75 (process_youtube_trends) | [YouTube Trends] Запрос: site:youtube.com/watch крипта смотреть -crypttv -трейлер -фильм -movie -mortal -kombat -official video
2026-04-13 00:45:08,679 | INFO | Thread-75 (process_youtube_trends) | [YouTube Trends] Ошибка поиска (1/1): RequestError: RequestError('error sending request for url (https://search.yahoo.com/search;_ylt=m-_qyr30PU9-dB3q9QFICvFk;_ylu=0KKIKeeCR3OfSwhJ0SRpJAVyn7y33XRyuruknPqHSOh7qPo?p=site%3Ayoutube.com%2Fwatch+%D0%BA%D1%80%D0%B8%D0%BF%D1%82%D0%B0+%D1%81%D0%BC%D0%BE%D1%82%D1%80%D0%B5%D1%82%D1%8C+-crypttv+-%D1%82%D1%80%D0%B5%D0%B9%D0%BB%D0%B5%D1%80+-%D1%84%D0%B8%D0%BB%D1%8C%D0%BC+-movie+-mortal+-kombat+-official+video)', 'https://search.yahoo.com/search;_ylt=m-_qyr30PU9-dB3q9QFICvFk;_ylu=0KKIKeeCR3OfSwhJ0SRpJAVyn7y33XRyuruknPqHSOh7qPo?p=site%3Ayoutube.com%2Fwatch+%D0%BA%D1%80%D0%B8%D0%BF%D1%82%D0%B0+%D1%81%D0%BC%D0%BE%D1%82%D1%80%D0%B5%D1%82%D1%8C+-crypttv+-%D1%82%D1%80%D0%B5%D0%B9%D0%BB%D0%B5%D1%80+-%D1%84%D0%B8%D0%BB%D1%8C%D0%BC+-movie+-mortal+-kombat+-official+video')
2026-04-13 00:45:08,681 | INFO | Thread-75 (process_youtube_trends) | [YouTube Trends] Пустой ответ по запросу: site:youtube.com/watch крипта смотреть -crypttv -трейлер -фильм -movie -mortal -kombat -official video
2026-04-13 00:45:08,684 | INFO | Thread-75 (process_youtube_trends) | [YouTube Trends] Запрос: site:youtube.com/watch крипта видео -crypttv -трейлер -фильм -movie -mortal -kombat -official video
2026-04-13 00:45:10,340 | INFO | Thread-75 (process_youtube_trends) | [YouTube Trends] Сырых результатов: 2
2026-04-13 00:45:10,342 | INFO | Thread-75 (process_youtube_trends) | [YouTube Trends] Запрос: site:youtube.com/watch крипта криптовалюта -crypttv -трейлер -фильм -movie -mortal -kombat -official video
2026-04-13 00:45:13,833 | INFO | Thread-75 (process_youtube_trends) | [YouTube Trends] Ошибка поиска (1/1): No results found.
2026-04-13 00:45:13,833 | INFO | Thread-75 (process_youtube_trends) | [YouTube Trends] Пустой ответ по запросу: site:youtube.com/watch крипта криптовалюта -crypttv -трейлер -фильм -movie -mortal -kombat -official video
2026-04-13 00:45:13,837 | INFO | Thread-75 (process_youtube_trends) | [YouTube Trends] Запрос: site:youtube.com/watch крипта биткоин -crypttv -трейлер -фильм -movie -mortal -kombat -official video
2026-04-13 00:45:15,346 | INFO | Thread-75 (process_youtube_trends) | [YouTube Trends] Сырых результатов: 4
2026-04-13 00:45:15,347 | INFO | Thread-75 (process_youtube_trends) | [YouTube Trends] Запрос: site:youtube.com/watch крипта обзор рынка -crypttv -трейлер -фильм -movie -mortal -kombat -official video
2026-04-13 00:45:16,750 | INFO | Thread-75 (process_youtube_trends) | [YouTube Trends] Сырых результатов: 2
2026-04-13 00:45:16,753 | INFO | Thread-75 (process_youtube_trends) | [YouTube Trends] Ошибок поиска: 3
2026-04-13 00:45:16,753 | INFO | Thread-75 (process_youtube_trends) | [YouTube Trends] Итого: 0 видео
2026-04-13 00:45:19,594 | INFO | Thread-78 (process_youtube_trends) | [YouTube Trends] Поиск: query='крипта', max=64, lang=RU
2026-04-13 00:45:19,594 | INFO | Thread-78 (process_youtube_trends) | [YouTube Trends] Фильтры: duration=4-59min, subs=18000-1000000
2026-04-13 00:45:19,596 | INFO | Thread-78 (process_youtube_trends) | [YouTube Trends] Параллельных запросов метаданных: 12
2026-04-13 00:45:19,596 | INFO | Thread-78 (process_youtube_trends) | [YouTube Trends] Повторов поискового запроса: 1
2026-04-13 00:45:19,597 | INFO | Thread-78 (process_youtube_trends) | [YouTube Trends] Запрос: site:youtube.com/watch крипта -crypttv -трейлер -фильм -movie -mortal -kombat -official video
2026-04-13 00:45:21,380 | INFO | Thread-78 (process_youtube_trends) | [YouTube Trends] Ошибка поиска (1/1): No results found.
2026-04-13 00:45:21,382 | INFO | Thread-78 (process_youtube_trends) | [YouTube Trends] Пустой ответ по запросу: site:youtube.com/watch крипта -crypttv -трейлер -фильм -movie -mortal -kombat -official video
2026-04-13 00:45:21,382 | INFO | Thread-78 (process_youtube_trends) | [YouTube Trends] Запрос: site:youtube.com/watch крипта смотреть -crypttv -трейлер -фильм -movie -mortal -kombat -official video
2026-04-13 00:45:23,101 | INFO | Thread-78 (process_youtube_trends) | [YouTube Trends] Ошибка поиска (1/1): No results found.
2026-04-13 00:45:23,101 | INFO | Thread-78 (process_youtube_trends) | [YouTube Trends] Пустой ответ по запросу: site:youtube.com/watch крипта смотреть -crypttv -трейлер -фильм -movie -mortal -kombat -official video
2026-04-13 00:45:23,102 | INFO | Thread-78 (process_youtube_trends) | [YouTube Trends] Запрос: site:youtube.com/watch крипта видео -crypttv -трейлер -фильм -movie -mortal -kombat -official video
2026-04-13 00:45:24,615 | INFO | Thread-78 (process_youtube_trends) | [YouTube Trends] Ошибка поиска (1/1): No results found.
2026-04-13 00:45:24,616 | INFO | Thread-78 (process_youtube_trends) | [YouTube Trends] Пустой ответ по запросу: site:youtube.com/watch крипта видео -crypttv -трейлер -фильм -movie -mortal -kombat -official video
2026-04-13 00:45:24,617 | INFO | Thread-78 (process_youtube_trends) | [YouTube Trends] Запрос: site:youtube.com/watch крипта криптовалюта -crypttv -трейлер -фильм -movie -mortal -kombat -official video
2026-04-13 00:45:25,473 | INFO | Thread-78 (process_youtube_trends) | [YouTube Trends] Сырых результатов: 1
2026-04-13 00:45:25,474 | INFO | Thread-78 (process_youtube_trends) | [YouTube Trends] Запрос: site:youtube.com/watch крипта биткоин -crypttv -трейлер -фильм -movie -mortal -kombat -official video
2026-04-13 00:45:26,920 | INFO | Thread-78 (process_youtube_trends) | [YouTube Trends] Ошибка поиска (1/1): No results found.
2026-04-13 00:45:26,920 | INFO | Thread-78 (process_youtube_trends) | [YouTube Trends] Пустой ответ по запросу: site:youtube.com/watch крипта биткоин -crypttv -трейлер -фильм -movie -mortal -kombat -official video
2026-04-13 00:45:26,923 | INFO | Thread-78 (process_youtube_trends) | [YouTube Trends] Запрос: site:youtube.com/watch крипта обзор рынка -crypttv -трейлер -фильм -movie -mortal -kombat -official video
2026-04-13 00:45:28,186 | INFO | Thread-78 (process_youtube_trends) | [YouTube Trends] Сырых результатов: 2
2026-04-13 00:45:28,188 | INFO | Thread-78 (process_youtube_trends) | [YouTube Trends] Ошибок поиска: 4
2026-04-13 00:45:28,188 | INFO | Thread-78 (process_youtube_trends) | [YouTube Trends] Итого: 0 видео
2026-04-13 00:45:58,026 | INFO | Thread-81 (process_youtube_trends) | [YouTube Trends] Поиск: query='крипта', max=64, lang=RU
2026-04-13 00:45:58,026 | INFO | Thread-81 (process_youtube_trends) | [YouTube Trends] Фильтры: duration=4-99min, subs=18000-1000000
2026-04-13 00:45:58,026 | INFO | Thread-81 (process_youtube_trends) | [YouTube Trends] Параллельных запросов метаданных: 12
2026-04-13 00:45:58,026 | INFO | Thread-81 (process_youtube_trends) | [YouTube Trends] Повторов поискового запроса: 1
2026-04-13 00:45:58,026 | INFO | Thread-81 (process_youtube_trends) | [YouTube Trends] Запрос: site:youtube.com/watch крипта -crypttv -трейлер -фильм -movie -mortal -kombat -official video
2026-04-13 00:45:59,504 | INFO | Thread-81 (process_youtube_trends) | [YouTube Trends] Ошибка поиска (1/1): No results found.
2026-04-13 00:45:59,504 | INFO | Thread-81 (process_youtube_trends) | [YouTube Trends] Пустой ответ по запросу: site:youtube.com/watch крипта -crypttv -трейлер -фильм -movie -mortal -kombat -official video
2026-04-13 00:45:59,504 | INFO | Thread-81 (process_youtube_trends) | [YouTube Trends] Запрос: site:youtube.com/watch крипта смотреть -crypttv -трейлер -фильм -movie -mortal -kombat -official video
2026-04-13 00:46:02,587 | INFO | Thread-81 (process_youtube_trends) | [YouTube Trends] Ошибка поиска (1/1): RequestError: RequestError('error sending request for url (https://search.yahoo.com/search;_ylt=28Eh7Q7B_velZqTUnb86eRq9;_ylu=N_jjaifAxN7vS_h4AND1xMv3573EfFNzdzLpB7W--R6jrQA?p=site%3Ayoutube.com%2Fwatch+%D0%BA%D1%80%D0%B8%D0%BF%D1%82%D0%B0+%D1%81%D0%BC%D0%BE%D1%82%D1%80%D0%B5%D1%82%D1%8C+-crypttv+-%D1%82%D1%80%D0%B5%D0%B9%D0%BB%D0%B5%D1%80+-%D1%84%D0%B8%D0%BB%D1%8C%D0%BC+-movie+-mortal+-kombat+-official+video)', 'https://search.yahoo.com/search;_ylt=28Eh7Q7B_velZqTUnb86eRq9;_ylu=N_jjaifAxN7vS_h4AND1xMv3573EfFNzdzLpB7W--R6jrQA?p=site%3Ayoutube.com%2Fwatch+%D0%BA%D1%80%D0%B8%D0%BF%D1%82%D0%B0+%D1%81%D0%BC%D0%BE%D1%82%D1%80%D0%B5%D1%82%D1%8C+-crypttv+-%D1%82%D1%80%D0%B5%D0%B9%D0%BB%D0%B5%D1%80+-%D1%84%D0%B8%D0%BB%D1%8C%D0%BC+-movie+-mortal+-kombat+-official+video')
2026-04-13 00:46:02,587 | INFO | Thread-81 (process_youtube_trends) | [YouTube Trends] Пустой ответ по запросу: site:youtube.com/watch крипта смотреть -crypttv -трейлер -фильм -movie -mortal -kombat -official video
2026-04-13 00:46:02,589 | INFO | Thread-81 (process_youtube_trends) | [YouTube Trends] Запрос: site:youtube.com/watch крипта видео -crypttv -трейлер -фильм -movie -mortal -kombat -official video
2026-04-13 00:46:03,596 | INFO | Thread-81 (process_youtube_trends) | [YouTube Trends] Сырых результатов: 4
2026-04-13 00:46:03,598 | INFO | Thread-81 (process_youtube_trends) | [YouTube Trends] Запрос: site:youtube.com/watch крипта криптовалюта -crypttv -трейлер -фильм -movie -mortal -kombat -official video
2026-04-13 00:46:05,638 | INFO | Thread-81 (process_youtube_trends) | [YouTube Trends] Ошибка поиска (1/1): RequestError: RequestError('error sending request for url (https://search.yahoo.com/search;_ylt=rwkRYZwZFV7Ak2Ym220cuECZ;_ylu=af629_sNoKsDGIbLs0xDC2SR4GMWufZmvL92P1V4Yz_1Zek?p=site%3Ayoutube.com%2Fwatch+%D0%BA%D1%80%D0%B8%D0%BF%D1%82%D0%B0+%D0%BA%D1%80%D0%B8%D0%BF%D1%82%D0%BE%D0%B2%D0%B0%D0%BB%D1%8E%D1%82%D0%B0+-crypttv+-%D1%82%D1%80%D0%B5%D0%B9%D0%BB%D0%B5%D1%80+-%D1%84%D0%B8%D0%BB%D1%8C%D0%BC+-movie+-mortal+-kombat+-official+video)', 'https://search.yahoo.com/search;_ylt=rwkRYZwZFV7Ak2Ym220cuECZ;_ylu=af629_sNoKsDGIbLs0xDC2SR4GMWufZmvL92P1V4Yz_1Zek?p=site%3Ayoutube.com%2Fwatch+%D0%BA%D1%80%D0%B8%D0%BF%D1%82%D0%B0+%D0%BA%D1%80%D0%B8%D0%BF%D1%82%D0%BE%D0%B2%D0%B0%D0%BB%D1%8E%D1%82%D0%B0+-crypttv+-%D1%82%D1%80%D0%B5%D0%B9%D0%BB%D0%B5%D1%80+-%D1%84%D0%B8%D0%BB%D1%8C%D0%BC+-movie+-mortal+-kombat+-official+video')
2026-04-13 00:46:05,640 | INFO | Thread-81 (process_youtube_trends) | [YouTube Trends] Пустой ответ по запросу: site:youtube.com/watch крипта криптовалюта -crypttv -трейлер -фильм -movie -mortal -kombat -official video
2026-04-13 00:46:05,641 | INFO | Thread-81 (process_youtube_trends) | [YouTube Trends] Запрос: site:youtube.com/watch крипта биткоин -crypttv -трейлер -фильм -movie -mortal -kombat -official video
2026-04-13 00:46:07,306 | INFO | Thread-81 (process_youtube_trends) | [YouTube Trends] Ошибка поиска (1/1): RequestError: RequestError('error sending request for url (https://search.yahoo.com/search;_ylt=tjathxqOUOPkhq7iIErJFGsZ;_ylu=tVbQ5lqEsOM_T0QybBkxK6rPL_rSk3-X-BSQu1wR-h4eJwA?p=site%3Ayoutube.com%2Fwatch+%D0%BA%D1%80%D0%B8%D0%BF%D1%82%D0%B0+%D0%B1%D0%B8%D1%82%D0%BA%D0%BE%D0%B8%D0%BD+-crypttv+-%D1%82%D1%80%D0%B5%D0%B9%D0%BB%D0%B5%D1%80+-%D1%84%D0%B8%D0%BB%D1%8C%D0%BC+-movie+-mortal+-kombat+-official+video)', 'https://search.yahoo.com/search;_ylt=tjathxqOUOPkhq7iIErJFGsZ;_ylu=tVbQ5lqEsOM_T0QybBkxK6rPL_rSk3-X-BSQu1wR-h4eJwA?p=site%3Ayoutube.com%2Fwatch+%D0%BA%D1%80%D0%B8%D0%BF%D1%82%D0%B0+%D0%B1%D0%B8%D1%82%D0%BA%D0%BE%D0%B8%D0%BD+-crypttv+-%D1%82%D1%80%D0%B5%D0%B9%D0%BB%D0%B5%D1%80+-%D1%84%D0%B8%D0%BB%D1%8C%D0%BC+-movie+-mortal+-kombat+-official+video')
2026-04-13 00:46:07,307 | INFO | Thread-81 (process_youtube_trends) | [YouTube Trends] Пустой ответ по запросу: site:youtube.com/watch крипта биткоин -crypttv -трейлер -фильм -movie -mortal -kombat -official video
2026-04-13 00:46:07,307 | INFO | Thread-81 (process_youtube_trends) | [YouTube Trends] Запрос: site:youtube.com/watch крипта обзор рынка -crypttv -трейлер -фильм -movie -mortal -kombat -official video
2026-04-13 00:46:08,677 | INFO | Thread-81 (process_youtube_trends) | [YouTube Trends] Сырых результатов: 2
2026-04-13 00:46:08,680 | INFO | Thread-81 (process_youtube_trends) | [YouTube Trends] Ошибок поиска: 4
2026-04-13 00:46:08,680 | INFO | Thread-81 (process_youtube_trends) | [YouTube Trends] Итого: 0 видео
2026-04-13 14:58:41,174 | INFO | Thread-25 (process_youtube_trends) | [YouTube Trends] Поиск: query='крипта', max=250, lang=RU
2026-04-13 14:58:41,177 | INFO | Thread-25 (process_youtube_trends) | [YouTube Trends] Фильтры: duration=4-120min, subs=17000-100000
2026-04-13 14:58:41,178 | INFO | Thread-25 (process_youtube_trends) | [YouTube Trends] Параллельных запросов метаданных: 24
2026-04-13 14:58:41,178 | INFO | Thread-25 (process_youtube_trends) | [YouTube Trends] Повторов поискового запроса: 1
2026-04-13 14:58:41,179 | INFO | Thread-25 (process_youtube_trends) | [YouTube Trends] Запрос: site:youtube.com/watch крипта -crypttv -трейлер -фильм -movie -mortal -kombat -official video
2026-04-13 14:58:44,568 | INFO | Thread-25 (process_youtube_trends) | [YouTube Trends] Сырых результатов: 36
2026-04-13 14:58:45,404 | INFO | Thread-25 (process_youtube_trends) | [YouTube Trends] Видео: Как начать инвестировать в крипту в 2026 и не пожа... (Views: 14814, Score: 49.8)
2026-04-13 14:58:45,485 | INFO | Thread-25 (process_youtube_trends) | [YouTube Trends] Пропущено (канал уже обработан): Твоя крипта может быть «грязной». Даже если ты нич
2026-04-13 14:58:45,552 | INFO | Thread-25 (process_youtube_trends) | [YouTube Trends] Видео: Ты изменишь отношение к КРИПТЕ после этого видео. ... (Views: 1671, Score: 31.4)
2026-04-13 14:58:45,557 | INFO | Thread-25 (process_youtube_trends) | [YouTube Trends] Пропущено (длительность): FARMING SKELETON KEYS (TheKrypt) Tips/Guide/Tutori
2026-04-13 14:58:45,800 | INFO | Thread-25 (process_youtube_trends) | [YouTube Trends] Пропущено (длительность): MORTALKOMBATTrailer(2021) - YouTube
2026-04-13 14:58:45,909 | INFO | Thread-25 (process_youtube_trends) | [YouTube Trends] Пропущено (канал уже обработан): Крипта 2025: деньги, за которыми приходят - YouTub
2026-04-13 14:58:46,077 | INFO | Thread-25 (process_youtube_trends) | [YouTube Trends] Пропущено (длительность): Крипта для новичков: с чего начать? #криптовалюта
2026-04-13 14:58:46,153 | INFO | Thread-25 (process_youtube_trends) | [YouTube Trends] Пропущено (длительность): Крипта в 2026: вывел все деньги и что делаю дальше
2026-04-13 14:58:46,393 | INFO | Thread-25 (process_youtube_trends) | [YouTube Trends] Пропущено (длительность): MORTALKOMBATOfficialTrailer(2021) - YouTube
2026-04-13 14:58:46,406 | INFO | Thread-25 (process_youtube_trends) | [YouTube Trends] Пропущено (длительность): MortalKombat–OfficialRestrictedTrailer- YouTube
2026-04-13 14:58:56,069 | INFO | Thread-25 (process_youtube_trends) | [YouTube Trends] Пропущено (подписчики 326000 вне диапазона): Как разобраться в крипте в 2026 году с нуля? С чег
2026-04-13 14:58:56,140 | INFO | Thread-25 (process_youtube_trends) | [YouTube Trends] Пропущено (подписчики 1230000 вне диапазона): НОВЫЕ ПРАВИЛА ИГРЫ - Нефть, Крипта, Индексы - Что
2026-04-13 14:58:56,238 | INFO | Thread-25 (process_youtube_trends) | [YouTube Trends] Пропущено (подписчики 112000 вне диапазона): Криптовалюта Для Чайников! Все что Нужно Знать в О
2026-04-13 14:58:56,320 | INFO | Thread-25 (process_youtube_trends) | [YouTube Trends] Пропущено (подписчики 5390000 вне диапазона): Крипта: как на ней зарабатывают и теряют миллионы?
2026-04-13 14:58:56,329 | INFO | Thread-25 (process_youtube_trends) | [YouTube Trends] Пропущено (подписчики 1610 вне диапазона): Про блокировки, крипту и чебурнет... - YouTube
2026-04-13 14:58:56,618 | INFO | Thread-25 (process_youtube_trends) | [YouTube Trends] Пропущено (подписчики 1280000 вне диапазона): Деньги, которых нет. На чем держится криптовалюта?
2026-04-13 14:58:56,663 | INFO | Thread-25 (process_youtube_trends) | [YouTube Trends] Пропущено (подписчики 214000 вне диапазона): Что такое криптовалюта простыми словами? Даже двое
2026-04-13 14:58:56,884 | INFO | Thread-25 (process_youtube_trends) | [YouTube Trends] Пропущено (подписчики 649000 вне диапазона): Крипта для абсолютных новичков. Пошаговая инструкц
2026-04-13 14:58:56,962 | INFO | Thread-25 (process_youtube_trends) | [YouTube Trends] Пропущено (подписчики 393000 вне диапазона): Крипта в 2026: начинается то, чего никто не ждёт -
2026-04-13 14:58:57,118 | INFO | Thread-25 (process_youtube_trends) | [YouTube Trends] Пропущено (подписчики 1040000 вне диапазона): MortalKombat11Krypt/МорталКомбат11Крипта... - YouT
2026-04-13 14:58:57,124 | INFO | Thread-25 (process_youtube_trends) | [YouTube Trends] Пропущено (подписчики 393000 вне диапазона): Не покупай крипту БЕЗ этих 21 уроков - YouTube
2026-04-13 14:58:57,187 | INFO | Thread-25 (process_youtube_trends) | [YouTube Trends] Пропущено (подписчики 138000 вне диапазона): Вот почему на бирже НЕВОЗМОЖНО выиграть в долгую.
2026-04-13 14:58:57,870 | INFO | Thread-25 (process_youtube_trends) | [YouTube Trends] Пропущено (подписчики 444000 вне диапазона): Крипта стала легальна в России! - YouTube
2026-04-13 14:58:58,151 | INFO | Thread-25 (process_youtube_trends) | [YouTube Trends] Пропущено (подписчики 14200 вне диапазона): 🚨КРИПТА — Скільки Ще Падати?? Прогноз Біткоїн та А
2026-04-13 14:58:58,213 | INFO | Thread-25 (process_youtube_trends) | [YouTube Trends] Пропущено (подписчики 1250 вне диапазона): I. JUST LOST. MY. MIND!!! (MortalKombat2021MovieTr
2026-04-13 14:58:58,741 | INFO | Thread-25 (process_youtube_trends) | [YouTube Trends] Пропущено (подписчики 275000 вне диапазона): Как заработать на крипте СЕЙЧАС новичку? Это после
2026-04-13 14:58:58,742 | INFO | Thread-25 (process_youtube_trends) | [YouTube Trends] Запрос: site:youtube.com/watch крипта смотреть -crypttv -трейлер -фильм -movie -mortal -kombat -official video
2026-04-13 14:59:01,799 | INFO | Thread-25 (process_youtube_trends) | [YouTube Trends] Сырых результатов: 36
2026-04-13 14:59:02,513 | INFO | Thread-25 (process_youtube_trends) | [YouTube Trends] Пропущено (длительность): MortalKombat11Krypt- Where to Find Fragment of the
2026-04-13 14:59:02,600 | INFO | Thread-25 (process_youtube_trends) | [YouTube Trends] Пропущено (подписчики 393000 вне диапазона): Крипта в 2026: как заработать, когда мало денег? -
2026-04-13 14:59:02,648 | INFO | Thread-25 (process_youtube_trends) | [YouTube Trends] Пропущено (подписчики 393000 вне диапазона): Крипта: как заработать НИЧЕГО не понимая? - YouTub
2026-04-13 14:59:02,681 | INFO | Thread-25 (process_youtube_trends) | [YouTube Trends] Пропущено (длительность): Полный выпуск смотреть на канале☝🏻 #крипта #биткои
2026-04-13 14:59:04,874 | INFO | Thread-25 (process_youtube_trends) | [YouTube Trends] Пропущено (подписчики 795000 вне диапазона): Биткойн всех обманул - Что с криптовалютой в 2023
2026-04-13 14:59:05,402 | INFO | Thread-25 (process_youtube_trends) | [YouTube Trends] Пропущено (подписчики 1680000 вне диапазона): Блокчейн, токены, криптовалюта: ЧТО ЭТО? | РАЗБОР
2026-04-13 14:59:05,490 | INFO | Thread-25 (process_youtube_trends) | [YouTube Trends] Пропущено (подписчики 217000 вне диапазона): MORTALKOMBAT(1995) TWIN BROTHERS FIRST TIME... - Y
2026-04-13 14:59:05,562 | INFO | Thread-25 (process_youtube_trends) | [YouTube Trends] Пропущено (подписчики 1580000 вне диапазона): MORTALKOMBAT9:СмотримКрипту! - YouTube
2026-04-13 14:59:06,673 | INFO | Thread-25 (process_youtube_trends) | [YouTube Trends] Пропущено (подписчики 160000 вне диапазона): Ставка ФРС | Сериал про FTX | Криптоафера таксиста
2026-04-13 14:59:06,675 | INFO | Thread-25 (process_youtube_trends) | [YouTube Trends] Запрос: site:youtube.com/watch крипта видео -crypttv -трейлер -фильм -movie -mortal -kombat -official video
2026-04-13 14:59:08,453 | INFO | Thread-25 (process_youtube_trends) | [YouTube Trends] Сырых результатов: 22
2026-04-13 14:59:09,376 | INFO | Thread-25 (process_youtube_trends) | [YouTube Trends] Пропущено (длительность): Музей за икони в крипта Александър Невски(видео) -
2026-04-13 14:59:09,448 | INFO | Thread-25 (process_youtube_trends) | [YouTube Trends] Пропущено (подписчики 393000 вне диапазона): Криптовалюта для начинающих: 10$ в день без опыта
2026-04-13 14:59:10,761 | INFO | Thread-25 (process_youtube_trends) | [YouTube Trends] Пропущено (подписчики 393000 вне диапазона): Криптовалюта: самое ПРОСТОЕ объяснение как заработ
2026-04-13 14:59:11,505 | INFO | Thread-25 (process_youtube_trends) | [YouTube Trends] Пропущено (подписчики 255000 вне диапазона): В чем подвох криптовалюты или Кто стоит за биткоин
2026-04-13 14:59:13,131 | INFO | Thread-25 (process_youtube_trends) | [YouTube Trends] Пропущено (подписчики 1730000 вне диапазона): Крипта, блокчейн и два биткоина: что было, есть и
2026-04-13 14:59:13,133 | INFO | Thread-25 (process_youtube_trends) | [YouTube Trends] Запрос: site:youtube.com/watch крипта криптовалюта -crypttv -трейлер -фильм -movie -mortal -kombat -official video
2026-04-13 14:59:15,813 | INFO | Thread-25 (process_youtube_trends) | [YouTube Trends] Сырых результатов: 30
2026-04-13 14:59:16,531 | INFO | Thread-25 (process_youtube_trends) | [YouTube Trends] Пропущено (длительность): ЭТО БОЛЬШОЙ РИСК В КРИПТЕ! CRYPTUS подкаст про вен
2026-04-13 14:59:16,571 | INFO | Thread-25 (process_youtube_trends) | [YouTube Trends] Видео: Криптовалюта: Как не потерять всё и на чем реально... (Views: 32, Score: 13.2)
2026-04-13 14:59:16,614 | INFO | Thread-25 (process_youtube_trends) | [YouTube Trends] Видео: Возможности крипты в Казахстане. Что есть,а что ск... (Views: 379, Score: 19.9)
2026-04-13 14:59:16,640 | INFO | Thread-25 (process_youtube_trends) | [YouTube Trends] Пропущено (подписчики 393000 вне диапазона): Крипта: как заработать НИЧЕГО не понимая? - YouTub
2026-04-13 14:59:16,702 | INFO | Thread-25 (process_youtube_trends) | [YouTube Trends] Пропущено (подписчики 393000 вне диапазона): Криптовалюта для начинающих: ЭТИ инструменты работ
2026-04-13 14:59:16,947 | INFO | Thread-25 (process_youtube_trends) | [YouTube Trends] Пропущено (подписчики 393000 вне диапазона): Криптовалюта для начинающих: 100$ без опыта [инстр
2026-04-13 14:59:17,574 | INFO | Thread-25 (process_youtube_trends) | [YouTube Trends] Пропущено (подписчики 14200 вне диапазона): ЯКУ КРИПТУ КУПИТИ в 2026? 5 Монет В Портфель - You
2026-04-13 14:59:17,601 | INFO | Thread-25 (process_youtube_trends) | [YouTube Trends] Пропущено (подписчики 1230000 вне диапазона): Что с криптовалютой? Кира Юхтенко ... - YouTube
2026-04-13 14:59:19,588 | INFO | Thread-25 (process_youtube_trends) | [YouTube Trends] Пропущено (подписчики 13800 вне диапазона): 🚨КРИПТА СТАВИТЬ ДНО? 🔴 ЧОМУ НАТОВП ЗНОВУ ПОМИЛЯЄТЬ
2026-04-13 14:59:21,611 | INFO | Thread-25 (process_youtube_trends) | [YouTube Trends] Пропущено (подписчики 193000 вне диапазона): Что такое криптовалюта для новичков? - YouTube
2026-04-13 14:59:21,612 | INFO | Thread-25 (process_youtube_trends) | [YouTube Trends] Запрос: site:youtube.com/watch крипта биткоин -crypttv -трейлер -фильм -movie -mortal -kombat -official video
2026-04-13 14:59:26,616 | INFO | Thread-25 (process_youtube_trends) | [YouTube Trends] Ошибка поиска (1/1): ('error sending request for url (https://en.wikipedia.org/w/api.php?action=opensearch&profile=fuzzy&limit=1&search=site%3Ayoutube.com/watch%20%D0%BA%D1%80%D0%B8%D0%BF%D1%82%D0%B0%20%D0%B1%D0%B8%D1%82%D0%BA%D0%BE%D0%B8%D0%BD%20-crypttv%20-%D1%82%D1%80%D0%B5%D0%B9%D0%BB%D0%B5%D1%80%20-%D1%84%D0%B8%D0%BB%D1%8C%D0%BC%20-movie%20-mortal%20-kombat%20-official%20video)', 'https://en.wikipedia.org/w/api.php?action=opensearch&profile=fuzzy&limit=1&search=site%3Ayoutube.com/watch%20%D0%BA%D1%80%D0%B8%D0%BF%D1%82%D0%B0%20%D0%B1%D0%B8%D1%82%D0%BA%D0%BE%D0%B8%D0%BD%20-crypttv%20-%D1%82%D1%80%D0%B5%D0%B9%D0%BB%D0%B5%D1%80%20-%D1%84%D0%B8%D0%BB%D1%8C%D0%BC%20-movie%20-mortal%20-kombat%20-official%20video')
2026-04-13 14:59:26,616 | INFO | Thread-25 (process_youtube_trends) | [YouTube Trends] Пустой ответ по запросу: site:youtube.com/watch крипта биткоин -crypttv -трейлер -фильм -movie -mortal -kombat -official video
2026-04-13 14:59:26,618 | INFO | Thread-25 (process_youtube_trends) | [YouTube Trends] Запрос: site:youtube.com/watch крипта обзор рынка -crypttv -трейлер -фильм -movie -mortal -kombat -official video
2026-04-13 14:59:29,593 | INFO | Thread-25 (process_youtube_trends) | [YouTube Trends] Сырых результатов: 6
2026-04-13 14:59:30,488 | INFO | Thread-25 (process_youtube_trends) | [YouTube Trends] Пропущено (длительность): MortalKombat9KryptHow To Get 20,000 Coins Tutorial
2026-04-13 14:59:30,545 | INFO | Thread-25 (process_youtube_trends) | [YouTube Trends] Пропущено (длительность): MortalKombat11Krypt- How to Get Cetrion's Amulet..
2026-04-13 14:59:31,254 | INFO | Thread-25 (process_youtube_trends) | [YouTube Trends] Видео: Мнение ПИРАТА обMortalKombat11!ОнлайнКрипта... - Y... (Views: 26249, Score: 57.8)
2026-04-13 14:59:32,511 | INFO | Thread-25 (process_youtube_trends) | [YouTube Trends] Пропущено (подписчики 3630 вне диапазона): MortalKombat11:Krypt| Амулет Дракона, Расколотый..
2026-04-13 14:59:32,514 | INFO | Thread-25 (process_youtube_trends) | [YouTube Trends] Ошибок поиска: 1
2026-04-13 14:59:32,515 | INFO | Thread-25 (process_youtube_trends) | [YouTube Trends] Итого: 5 видео
2026-04-13 14:59:37,313 | INFO | Thread-30 (process_youtube_trends) | [YouTube Trends] Поиск: query='крипта', max=250, lang=RU
2026-04-13 14:59:37,316 | INFO | Thread-30 (process_youtube_trends) | [YouTube Trends] Фильтры: duration=4-120min, subs=17000-1000000
2026-04-13 14:59:37,316 | INFO | Thread-30 (process_youtube_trends) | [YouTube Trends] Параллельных запросов метаданных: 24
2026-04-13 14:59:37,317 | INFO | Thread-30 (process_youtube_trends) | [YouTube Trends] Повторов поискового запроса: 1
2026-04-13 14:59:37,317 | INFO | Thread-30 (process_youtube_trends) | [YouTube Trends] Запрос: site:youtube.com/watch крипта -crypttv -трейлер -фильм -movie -mortal -kombat -official video
2026-04-13 14:59:38,852 | INFO | Thread-30 (process_youtube_trends) | [YouTube Trends] Сырых результатов: 2
2026-04-13 14:59:38,853 | INFO | Thread-30 (process_youtube_trends) | [YouTube Trends] Запрос: site:youtube.com/watch крипта смотреть -crypttv -трейлер -фильм -movie -mortal -kombat -official video
2026-04-13 14:59:41,149 | INFO | Thread-30 (process_youtube_trends) | [YouTube Trends] Ошибка поиска (1/1): No results found.
2026-04-13 14:59:41,151 | INFO | Thread-30 (process_youtube_trends) | [YouTube Trends] Пустой ответ по запросу: site:youtube.com/watch крипта смотреть -crypttv -трейлер -фильм -movie -mortal -kombat -official video
2026-04-13 14:59:41,151 | INFO | Thread-30 (process_youtube_trends) | [YouTube Trends] Запрос: site:youtube.com/watch крипта видео -crypttv -трейлер -фильм -movie -mortal -kombat -official video
2026-04-13 14:59:44,407 | INFO | Thread-30 (process_youtube_trends) | [YouTube Trends] Ошибка поиска (1/1): No results found.
2026-04-13 14:59:44,407 | INFO | Thread-30 (process_youtube_trends) | [YouTube Trends] Пустой ответ по запросу: site:youtube.com/watch крипта видео -crypttv -трейлер -фильм -movie -mortal -kombat -official video
2026-04-13 14:59:44,408 | INFO | Thread-30 (process_youtube_trends) | [YouTube Trends] Запрос: site:youtube.com/watch крипта криптовалюта -crypttv -трейлер -фильм -movie -mortal -kombat -official video
2026-04-13 14:59:47,017 | INFO | Thread-30 (process_youtube_trends) | [YouTube Trends] Ошибка поиска (1/1): No results found.
2026-04-13 14:59:47,018 | INFO | Thread-30 (process_youtube_trends) | [YouTube Trends] Пустой ответ по запросу: site:youtube.com/watch крипта криптовалюта -crypttv -трейлер -фильм -movie -mortal -kombat -official video
2026-04-13 14:59:47,019 | INFO | Thread-30 (process_youtube_trends) | [YouTube Trends] Запрос: site:youtube.com/watch крипта биткоин -crypttv -трейлер -фильм -movie -mortal -kombat -official video
2026-04-13 14:59:48,749 | INFO | Thread-30 (process_youtube_trends) | [YouTube Trends] Сырых результатов: 7
2026-04-13 14:59:48,749 | INFO | Thread-30 (process_youtube_trends) | [YouTube Trends] Запрос: site:youtube.com/watch крипта обзор рынка -crypttv -трейлер -фильм -movie -mortal -kombat -official video
2026-04-13 14:59:50,616 | INFO | Thread-30 (process_youtube_trends) | [YouTube Trends] Сырых результатов: 2
2026-04-13 14:59:50,618 | INFO | Thread-30 (process_youtube_trends) | [YouTube Trends] Ошибок поиска: 3
2026-04-13 14:59:50,618 | INFO | Thread-30 (process_youtube_trends) | [YouTube Trends] Итого: 0 видео
2026-04-13 14:59:58,381 | INFO | Thread-33 (process_youtube_trends) | [YouTube Trends] Поиск: query='крипта', max=250, lang=RU
2026-04-13 14:59:58,381 | INFO | Thread-33 (process_youtube_trends) | [YouTube Trends] Фильтры: duration=4-120min, subs=17000-1000000
2026-04-13 14:59:58,381 | INFO | Thread-33 (process_youtube_trends) | [YouTube Trends] Параллельных запросов метаданных: 24
2026-04-13 14:59:58,381 | INFO | Thread-33 (process_youtube_trends) | [YouTube Trends] Повторов поискового запроса: 1
2026-04-13 14:59:58,385 | INFO | Thread-33 (process_youtube_trends) | [YouTube Trends] Запрос: site:youtube.com/watch крипта -crypttv -трейлер -фильм -movie -mortal -kombat -official video
2026-04-13 15:00:01,799 | INFO | Thread-33 (process_youtube_trends) | [YouTube Trends] Ошибка поиска (1/1): No results found.
2026-04-13 15:00:01,799 | INFO | Thread-33 (process_youtube_trends) | [YouTube Trends] Пустой ответ по запросу: site:youtube.com/watch крипта -crypttv -трейлер -фильм -movie -mortal -kombat -official video
2026-04-13 15:00:01,800 | INFO | Thread-33 (process_youtube_trends) | [YouTube Trends] Запрос: site:youtube.com/watch крипта смотреть -crypttv -трейлер -фильм -movie -mortal -kombat -official video
2026-04-13 15:00:07,052 | INFO | Thread-33 (process_youtube_trends) | [YouTube Trends] Сырых результатов: 13
2026-04-13 15:00:07,053 | INFO | Thread-33 (process_youtube_trends) | [YouTube Trends] Пропущено (нерелевантно): МорталКомбат— Русскийтрейлер(2021) - YouTube
2026-04-13 15:00:07,942 | INFO | Thread-33 (process_youtube_trends) | [YouTube Trends] Пропущено (длительность): MortalKombat11Krypt- Where to Find Fragment of the
2026-04-13 15:00:08,704 | INFO | Thread-33 (process_youtube_trends) | [YouTube Trends] Пропущено (длительность): MortalKombat–OfficialRestrictedTrailer- YouTube
2026-04-13 15:00:11,056 | INFO | Thread-33 (process_youtube_trends) | [YouTube Trends] Видео: MortalKombatXKRYPT(Крипта) - Полное... - YouTube... (Views: 80737, Score: 56.2)
2026-04-13 15:00:11,064 | INFO | Thread-33 (process_youtube_trends) | [YouTube Trends] Пропущено (подписчики 1040000 вне диапазона): MortalKombat11KryptShang Tsung Throne Room... - Yo
2026-04-13 15:00:12,638 | INFO | Thread-33 (process_youtube_trends) | [YouTube Trends] Пропущено (длительность): MORTALKOMBATOfficialTrailer(2021) - YouTube
2026-04-13 15:00:12,639 | INFO | Thread-33 (process_youtube_trends) | [YouTube Trends] Запрос: site:youtube.com/watch крипта видео -crypttv -трейлер -фильм -movie -mortal -kombat -official video
2026-04-13 15:00:13,970 | INFO | Thread-33 (process_youtube_trends) | [YouTube Trends] Ошибка поиска (1/1): No results found.
2026-04-13 15:00:13,971 | INFO | Thread-33 (process_youtube_trends) | [YouTube Trends] Пустой ответ по запросу: site:youtube.com/watch крипта видео -crypttv -трейлер -фильм -movie -mortal -kombat -official video
2026-04-13 15:00:13,973 | INFO | Thread-33 (process_youtube_trends) | [YouTube Trends] Запрос: site:youtube.com/watch крипта криптовалюта -crypttv -трейлер -фильм -movie -mortal -kombat -official video
2026-04-13 15:00:15,013 | INFO | Thread-33 (process_youtube_trends) | [YouTube Trends] Сырых результатов: 7
2026-04-13 15:00:15,871 | INFO | Thread-33 (process_youtube_trends) | [YouTube Trends] Пропущено (длительность): MortalKombat|OfficialRestrictedTrailer| Max - YouT
2026-04-13 15:00:15,874 | INFO | Thread-33 (process_youtube_trends) | [YouTube Trends] Видео: Мнение ПИРАТА обMortalKombat11!ОнлайнКрипта... - Y... (Views: 26249, Score: 57.8)
2026-04-13 15:00:16,547 | INFO | Thread-33 (process_youtube_trends) | [YouTube Trends] Видео: MORTALKOMBAT(1995) TWIN BROTHERS FIRST TIME... - Y... (Views: 124828, Score: 62.9)
2026-04-13 15:00:16,548 | INFO | Thread-33 (process_youtube_trends) | [YouTube Trends] Запрос: site:youtube.com/watch крипта биткоин -crypttv -трейлер -фильм -movie -mortal -kombat -official video
2026-04-13 15:00:17,660 | INFO | Thread-33 (process_youtube_trends) | [YouTube Trends] Сырых результатов: 2
2026-04-13 15:00:17,660 | INFO | Thread-33 (process_youtube_trends) | [YouTube Trends] Запрос: site:youtube.com/watch крипта обзор рынка -crypttv -трейлер -фильм -movie -mortal -kombat -official video
2026-04-13 15:00:21,349 | INFO | Thread-33 (process_youtube_trends) | [YouTube Trends] Ошибка поиска (1/1): RequestError: RequestError('error sending request for url (https://search.yahoo.com/search;_ylt=HR51jdsXEa0upFoRSRXqn7Of;_ylu=lTgJDDM1csoOLmjpTi9q4CatWIIwFwnAgEFyysaHfGnwgo0?p=site%3Ayoutube.com%2Fwatch+%D0%BA%D1%80%D0%B8%D0%BF%D1%82%D0%B0+%D0%BE%D0%B1%D0%B7%D0%BE%D1%80+%D1%80%D1%8B%D0%BD%D0%BA%D0%B0+-crypttv+-%D1%82%D1%80%D0%B5%D0%B9%D0%BB%D0%B5%D1%80+-%D1%84%D0%B8%D0%BB%D1%8C%D0%BC+-movie+-mortal+-kombat+-official+video)', 'https://search.yahoo.com/search;_ylt=HR51jdsXEa0upFoRSRXqn7Of;_ylu=lTgJDDM1csoOLmjpTi9q4CatWIIwFwnAgEFyysaHfGnwgo0?p=site%3Ayoutube.com%2Fwatch+%D0%BA%D1%80%D0%B8%D0%BF%D1%82%D0%B0+%D0%BE%D0%B1%D0%B7%D0%BE%D1%80+%D1%80%D1%8B%D0%BD%D0%BA%D0%B0+-crypttv+-%D1%82%D1%80%D0%B5%D0%B9%D0%BB%D0%B5%D1%80+-%D1%84%D0%B8%D0%BB%D1%8C%D0%BC+-movie+-mortal+-kombat+-official+video')
2026-04-13 15:00:21,349 | INFO | Thread-33 (process_youtube_trends) | [YouTube Trends] Пустой ответ по запросу: site:youtube.com/watch крипта обзор рынка -crypttv -трейлер -фильм -movie -mortal -kombat -official video
2026-04-13 15:00:21,351 | INFO | Thread-33 (process_youtube_trends) | [YouTube Trends] Ошибок поиска: 3
2026-04-13 15:00:21,351 | INFO | Thread-33 (process_youtube_trends) | [YouTube Trends] Итого: 3 видео
2026-04-13 15:01:23,900 | INFO | Thread-38 (process_youtube_trends) | [YouTube Trends] Поиск: query='крипта', max=250, lang=RU
2026-04-13 15:01:23,902 | INFO | Thread-38 (process_youtube_trends) | [YouTube Trends] Фильтры: duration=4-120min, subs=17000-10000000
2026-04-13 15:01:23,902 | INFO | Thread-38 (process_youtube_trends) | [YouTube Trends] Параллельных запросов метаданных: 24
2026-04-13 15:01:23,903 | INFO | Thread-38 (process_youtube_trends) | [YouTube Trends] Повторов поискового запроса: 1
2026-04-13 15:01:23,903 | INFO | Thread-38 (process_youtube_trends) | [YouTube Trends] Запрос: site:youtube.com/watch крипта -crypttv -трейлер -фильм -movie -mortal -kombat -official video
2026-04-13 15:01:28,909 | INFO | Thread-38 (process_youtube_trends) | [YouTube Trends] Сырых результатов: 20
2026-04-13 15:01:33,896 | INFO | Thread-38 (process_youtube_trends) | [YouTube Trends] Видео: Как начать инвестировать в крипту в 2026 и не пожа... (Views: 14814, Score: 49.8)
2026-04-13 15:01:33,930 | INFO | Thread-38 (process_youtube_trends) | [YouTube Trends] Видео: Вот почему на бирже НЕВОЗМОЖНО выиграть в долгую. ... (Views: 10046, Score: 47.1)
2026-04-13 15:01:33,970 | INFO | Thread-38 (process_youtube_trends) | [YouTube Trends] Видео: Деньги, которых нет. На чем держится криптовалюта?... (Views: 185523, Score: 68.1)
2026-04-13 15:01:34,006 | INFO | Thread-38 (process_youtube_trends) | [YouTube Trends] Видео: Крипта стала легальна в России! - YouTube... (Views: 36869, Score: 56.4)
2026-04-13 15:01:34,048 | INFO | Thread-38 (process_youtube_trends) | [YouTube Trends] Видео: Не покупай крипту БЕЗ этих 21 уроков - YouTube... (Views: 99543, Score: 58.8)
2026-04-13 15:01:34,081 | INFO | Thread-38 (process_youtube_trends) | [YouTube Trends] Пропущено (канал уже обработан): Крипта в 2026: начинается то, чего никто не ждёт -
2026-04-13 15:01:34,113 | INFO | Thread-38 (process_youtube_trends) | [YouTube Trends] Видео: Криптовалюта Для Чайников! Все что Нужно Знать в О... (Views: 3529, Score: 40.6)
2026-04-13 15:01:34,161 | INFO | Thread-38 (process_youtube_trends) | [YouTube Trends] Видео: Ты изменишь отношение к КРИПТЕ после этого видео. ... (Views: 1671, Score: 31.4)
2026-04-13 15:01:34,217 | INFO | Thread-38 (process_youtube_trends) | [YouTube Trends] Видео: Крипта для абсолютных новичков. Пошаговая инструкц... (Views: 1818434, Score: 80.3)
2026-04-13 15:01:34,281 | INFO | Thread-38 (process_youtube_trends) | [YouTube Trends] Видео: Как разобраться в крипте в 2026 году с нуля? С чег... (Views: 435982, Score: 67.3)
2026-04-13 15:01:34,340 | INFO | Thread-38 (process_youtube_trends) | [YouTube Trends] Пропущено (канал уже обработан): Твоя крипта может быть «грязной». Даже если ты нич
2026-04-13 15:01:34,344 | INFO | Thread-38 (process_youtube_trends) | [YouTube Trends] Видео: Крипта: как на ней зарабатывают и теряют миллионы?... (Views: 355147, Score: 64.5)
2026-04-13 15:01:34,379 | INFO | Thread-38 (process_youtube_trends) | [YouTube Trends] Видео: Что такое криптовалюта простыми словами? Даже двое... (Views: 174330, Score: 69.0)
2026-04-13 15:01:34,385 | INFO | Thread-38 (process_youtube_trends) | [YouTube Trends] Видео: НОВЫЕ ПРАВИЛА ИГРЫ - Нефть, Крипта, Индексы - Что ... (Views: 7937, Score: 38.5)
2026-04-13 15:01:34,429 | INFO | Thread-38 (process_youtube_trends) | [YouTube Trends] Видео: Как заработать на крипте СЕЙЧАС новичку? Это после... (Views: 72272, Score: 55.4)
2026-04-13 15:01:34,462 | INFO | Thread-38 (process_youtube_trends) | [YouTube Trends] Пропущено (длительность): Крипта для новичков: с чего начать? #криптовалюта
2026-04-13 15:01:34,488 | INFO | Thread-38 (process_youtube_trends) | [YouTube Trends] Пропущено (длительность): Крипта в 2026: вывел все деньги и что делаю дальше
2026-04-13 15:01:34,963 | INFO | Thread-38 (process_youtube_trends) | [YouTube Trends] Пропущено (канал уже обработан): Крипта 2025: деньги, за которыми приходят - YouTub
2026-04-13 15:01:36,704 | INFO | Thread-38 (process_youtube_trends) | [YouTube Trends] Пропущено (подписчики 14200 вне диапазона): 🚨КРИПТА — Скільки Ще Падати?? Прогноз Біткоїн та А
2026-04-13 15:01:38,826 | INFO | Thread-38 (process_youtube_trends) | [YouTube Trends] Пропущено (подписчики 1610 вне диапазона): Про блокировки, крипту и чебурнет... - YouTube
2026-04-13 15:01:38,829 | INFO | Thread-38 (process_youtube_trends) | [YouTube Trends] Запрос: site:youtube.com/watch крипта смотреть -crypttv -трейлер -фильм -movie -mortal -kombat -official video
2026-04-13 15:01:43,837 | INFO | Thread-38 (process_youtube_trends) | [YouTube Trends] Ошибка поиска (1/1): ('error sending request for url (https://www.mojeek.com/search?q=site%3Ayoutube.com%2Fwatch+%D0%BA%D1%80%D0%B8%D0%BF%D1%82%D0%B0+%D1%81%D0%BC%D0%BE%D1%82%D1%80%D0%B5%D1%82%D1%8C+-crypttv+-%D1%82%D1%80%D0%B5%D0%B9%D0%BB%D0%B5%D1%80+-%D1%84%D0%B8%D0%BB%D1%8C%D0%BC+-movie+-mortal+-kombat+-official+video)', 'https://www.mojeek.com/search?q=site%3Ayoutube.com%2Fwatch+%D0%BA%D1%80%D0%B8%D0%BF%D1%82%D0%B0+%D1%81%D0%BC%D0%BE%D1%82%D1%80%D0%B5%D1%82%D1%8C+-crypttv+-%D1%82%D1%80%D0%B5%D0%B9%D0%BB%D0%B5%D1%80+-%D1%84%D0%B8%D0%BB%D1%8C%D0%BC+-movie+-mortal+-kombat+-official+video')
2026-04-13 15:01:43,837 | INFO | Thread-38 (process_youtube_trends) | [YouTube Trends] Пустой ответ по запросу: site:youtube.com/watch крипта смотреть -crypttv -трейлер -фильм -movie -mortal -kombat -official video
2026-04-13 15:01:43,839 | INFO | Thread-38 (process_youtube_trends) | [YouTube Trends] Запрос: site:youtube.com/watch крипта видео -crypttv -трейлер -фильм -movie -mortal -kombat -official video
2026-04-13 15:01:48,849 | INFO | Thread-38 (process_youtube_trends) | [YouTube Trends] Сырых результатов: 20
2026-04-13 15:01:49,530 | INFO | Thread-38 (process_youtube_trends) | [YouTube Trends] Пропущено (длительность): Музей за икони в крипта Александър Невски(видео) -
2026-04-13 15:01:49,588 | INFO | Thread-38 (process_youtube_trends) | [YouTube Trends] Пропущено (канал уже обработан): Криптовалюта: самое ПРОСТОЕ объяснение как заработ
2026-04-13 15:01:49,663 | INFO | Thread-38 (process_youtube_trends) | [YouTube Trends] Видео: В чем подвох криптовалюты или Кто стоит за биткоин... (Views: 138152, Score: 65.6)
2026-04-13 15:01:49,692 | INFO | Thread-38 (process_youtube_trends) | [YouTube Trends] Видео: Крипта, блокчейн и два биткоина: что было, есть и ... (Views: 1046044, Score: 76.4)
2026-04-13 15:01:49,733 | INFO | Thread-38 (process_youtube_trends) | [YouTube Trends] Видео: Биткойн всех обманул - Что с криптовалютой в 2023 ... (Views: 103400, Score: 55.7)
2026-04-13 15:01:50,498 | INFO | Thread-38 (process_youtube_trends) | [YouTube Trends] Пропущено (канал уже обработан): Крипта в 2026: как заработать, когда мало денег? -
2026-04-13 15:01:51,579 | INFO | Thread-38 (process_youtube_trends) | [YouTube Trends] Пропущено (канал уже обработан): Криптовалюта для начинающих: 10$ в день без опыта
2026-04-13 15:01:51,581 | INFO | Thread-38 (process_youtube_trends) | [YouTube Trends] Запрос: site:youtube.com/watch крипта криптовалюта -crypttv -трейлер -фильм -movie -mortal -kombat -official video
2026-04-13 15:01:56,585 | INFO | Thread-38 (process_youtube_trends) | [YouTube Trends] Ошибка поиска (1/1): ('error sending request for url (https://en.wikipedia.org/w/api.php?action=opensearch&profile=fuzzy&limit=1&search=site%3Ayoutube.com/watch%20%D0%BA%D1%80%D0%B8%D0%BF%D1%82%D0%B0%20%D0%BA%D1%80%D0%B8%D0%BF%D1%82%D0%BE%D0%B2%D0%B0%D0%BB%D1%8E%D1%82%D0%B0%20-crypttv%20-%D1%82%D1%80%D0%B5%D0%B9%D0%BB%D0%B5%D1%80%20-%D1%84%D0%B8%D0%BB%D1%8C%D0%BC%20-movie%20-mortal%20-kombat%20-official%20video)', 'https://en.wikipedia.org/w/api.php?action=opensearch&profile=fuzzy&limit=1&search=site%3Ayoutube.com/watch%20%D0%BA%D1%80%D0%B8%D0%BF%D1%82%D0%B0%20%D0%BA%D1%80%D0%B8%D0%BF%D1%82%D0%BE%D0%B2%D0%B0%D0%BB%D1%8E%D1%82%D0%B0%20-crypttv%20-%D1%82%D1%80%D0%B5%D0%B9%D0%BB%D0%B5%D1%80%20-%D1%84%D0%B8%D0%BB%D1%8C%D0%BC%20-movie%20-mortal%20-kombat%20-official%20video')
2026-04-13 15:01:56,587 | INFO | Thread-38 (process_youtube_trends) | [YouTube Trends] Пустой ответ по запросу: site:youtube.com/watch крипта криптовалюта -crypttv -трейлер -фильм -movie -mortal -kombat -official video
2026-04-13 15:01:56,587 | INFO | Thread-38 (process_youtube_trends) | [YouTube Trends] Запрос: site:youtube.com/watch крипта биткоин -crypttv -трейлер -фильм -movie -mortal -kombat -official video
2026-04-13 15:02:01,594 | INFO | Thread-38 (process_youtube_trends) | [YouTube Trends] Ошибка поиска (1/1): ('error sending request for url (https://yandex.com/search/site/?text=site%3Ayoutube.com%2Fwatch+%D0%BA%D1%80%D0%B8%D0%BF%D1%82%D0%B0+%D0%B1%D0%B8%D1%82%D0%BA%D0%BE%D0%B8%D0%BD+-crypttv+-%D1%82%D1%80%D0%B5%D0%B9%D0%BB%D0%B5%D1%80+-%D1%84%D0%B8%D0%BB%D1%8C%D0%BC+-movie+-mortal+-kombat+-official+video&web=1&searchid=7096207)', 'https://yandex.com/search/site/?text=site%3Ayoutube.com%2Fwatch+%D0%BA%D1%80%D0%B8%D0%BF%D1%82%D0%B0+%D0%B1%D0%B8%D1%82%D0%BA%D0%BE%D0%B8%D0%BD+-crypttv+-%D1%82%D1%80%D0%B5%D0%B9%D0%BB%D0%B5%D1%80+-%D1%84%D0%B8%D0%BB%D1%8C%D0%BC+-movie+-mortal+-kombat+-official+video&web=1&searchid=7096207')
2026-04-13 15:02:01,595 | INFO | Thread-38 (process_youtube_trends) | [YouTube Trends] Пустой ответ по запросу: site:youtube.com/watch крипта биткоин -crypttv -трейлер -фильм -movie -mortal -kombat -official video
2026-04-13 15:02:01,595 | INFO | Thread-38 (process_youtube_trends) | [YouTube Trends] Запрос: site:youtube.com/watch крипта обзор рынка -crypttv -трейлер -фильм -movie -mortal -kombat -official video
2026-04-13 15:02:06,598 | INFO | Thread-38 (process_youtube_trends) | [YouTube Trends] Сырых результатов: 2
2026-04-13 15:02:06,602 | INFO | Thread-38 (process_youtube_trends) | [YouTube Trends] Ошибок поиска: 3
2026-04-13 15:02:06,603 | INFO | Thread-38 (process_youtube_trends) | [YouTube Trends] Итого: 16 видео
2026-04-13 15:35:03,353 | INFO | Thread-34 (process_youtube_trends) | [YouTube Trends] Поиск: query='крипта', max=10, lang=RU
2026-04-13 15:35:03,353 | INFO | Thread-34 (process_youtube_trends) | [YouTube Trends] Фильтры: duration=4-25min, subs=16000-10000000
2026-04-13 15:35:03,353 | INFO | Thread-34 (process_youtube_trends) | [YouTube Trends] Параллельных запросов метаданных: 12
2026-04-13 15:35:03,355 | INFO | Thread-34 (process_youtube_trends) | [YouTube Trends] Повторов поискового запроса: 1
2026-04-13 15:35:03,355 | INFO | Thread-34 (process_youtube_trends) | [YouTube Trends] Запрос: site:youtube.com/watch крипта -crypttv -трейлер -фильм -movie -mortal -kombat -official video
2026-04-13 15:35:08,272 | INFO | Thread-34 (process_youtube_trends) | [YouTube Trends] Сырых результатов: 10
2026-04-13 15:35:09,160 | INFO | Thread-34 (process_youtube_trends) | [YouTube Trends] Пропущено (длительность): The crypt is an amazing place - YouTube
2026-04-13 15:35:09,160 | INFO | Thread-34 (process_youtube_trends) | [YouTube Trends] Запрос: site:youtube.com/watch крипта смотреть -crypttv -трейлер -фильм -movie -mortal -kombat -official video
2026-04-13 15:35:12,276 | INFO | Thread-34 (process_youtube_trends) | [YouTube Trends] Сырых результатов: 10
2026-04-13 15:35:12,277 | INFO | Thread-34 (process_youtube_trends) | [YouTube Trends] Запрос: site:youtube.com/watch крипта видео -crypttv -трейлер -фильм -movie -mortal -kombat -official video
2026-04-13 15:35:19,591 | INFO | Thread-34 (process_youtube_trends) | [YouTube Trends] Сырых результатов: 2
2026-04-13 15:35:19,592 | INFO | Thread-34 (process_youtube_trends) | [YouTube Trends] Запрос: site:youtube.com/watch крипта криптовалюта -crypttv -трейлер -фильм -movie -mortal -kombat -official video
2026-04-13 15:35:26,364 | INFO | Thread-34 (process_youtube_trends) | [YouTube Trends] Ошибка поиска (1/1): RequestError: RequestError('error sending request for url (https://search.yahoo.com/search;_ylt=DZY1urLR8xZZsA3GsFyi2b2u;_ylu=brW2avlJ9VZ2yiXYNvwOaTPqPpOIU0a5Rq_aX4JR9kZtpUc?p=site%3Ayoutube.com%2Fwatch+%D0%BA%D1%80%D0%B8%D0%BF%D1%82%D0%B0+%D0%BA%D1%80%D0%B8%D0%BF%D1%82%D0%BE%D0%B2%D0%B0%D0%BB%D1%8E%D1%82%D0%B0+-crypttv+-%D1%82%D1%80%D0%B5%D0%B9%D0%BB%D0%B5%D1%80+-%D1%84%D0%B8%D0%BB%D1%8C%D0%BC+-movie+-mortal+-kombat+-official+video)', 'https://search.yahoo.com/search;_ylt=DZY1urLR8xZZsA3GsFyi2b2u;_ylu=brW2avlJ9VZ2yiXYNvwOaTPqPpOIU0a5Rq_aX4JR9kZtpUc?p=site%3Ayoutube.com%2Fwatch+%D0%BA%D1%80%D0%B8%D0%BF%D1%82%D0%B0+%D0%BA%D1%80%D0%B8%D0%BF%D1%82%D0%BE%D0%B2%D0%B0%D0%BB%D1%8E%D1%82%D0%B0+-crypttv+-%D1%82%D1%80%D0%B5%D0%B9%D0%BB%D0%B5%D1%80+-%D1%84%D0%B8%D0%BB%D1%8C%D0%BC+-movie+-mortal+-kombat+-official+video')
2026-04-13 15:35:26,364 | INFO | Thread-34 (process_youtube_trends) | [YouTube Trends] Пустой ответ по запросу: site:youtube.com/watch крипта криптовалюта -crypttv -трейлер -фильм -movie -mortal -kombat -official video
2026-04-13 15:35:26,364 | INFO | Thread-34 (process_youtube_trends) | [YouTube Trends] Запрос: site:youtube.com/watch крипта биткоин -crypttv -трейлер -фильм -movie -mortal -kombat -official video
2026-04-13 15:35:31,234 | INFO | Thread-34 (process_youtube_trends) | [YouTube Trends] Сырых результатов: 1
2026-04-13 15:35:31,234 | INFO | Thread-34 (process_youtube_trends) | [YouTube Trends] Запрос: site:youtube.com/watch крипта обзор рынка -crypttv -трейлер -фильм -movie -mortal -kombat -official video
2026-04-13 15:35:36,945 | INFO | Thread-34 (process_youtube_trends) | [YouTube Trends] Сырых результатов: 2
2026-04-13 15:35:36,945 | INFO | Thread-34 (process_youtube_trends) | [YouTube Trends] Ошибок поиска: 1
2026-04-13 15:35:36,946 | INFO | Thread-34 (process_youtube_trends) | [YouTube Trends] Итого: 0 видео
2026-04-13 15:36:05,566 | INFO | Thread-39 (process_youtube_trends) | [YouTube Trends] Поиск: query='крипта', max=100, lang=RU
2026-04-13 15:36:05,566 | INFO | Thread-39 (process_youtube_trends) | [YouTube Trends] Фильтры: duration=4-120min, subs=16000-1000000000
2026-04-13 15:36:05,568 | INFO | Thread-39 (process_youtube_trends) | [YouTube Trends] Параллельных запросов метаданных: 24
2026-04-13 15:36:05,568 | INFO | Thread-39 (process_youtube_trends) | [YouTube Trends] Повторов поискового запроса: 1
2026-04-13 15:36:05,568 | INFO | Thread-39 (process_youtube_trends) | [YouTube Trends] Запрос: site:youtube.com/watch крипта -crypttv -трейлер -фильм -movie -mortal -kombat -official video
2026-04-13 15:36:07,268 | INFO | Thread-39 (process_youtube_trends) | [YouTube Trends] Ошибка поиска (1/1): RequestError: RequestError('error sending request for url (https://search.yahoo.com/search;_ylt=o884K500PW5JbfQkiLBgcmR8;_ylu=pqF6I4jPbRVPa78uV72hEsevcuDyLoIU_sU5y8Vz7uaQBh4?p=site%3Ayoutube.com%2Fwatch+%D0%BA%D1%80%D0%B8%D0%BF%D1%82%D0%B0+-crypttv+-%D1%82%D1%80%D0%B5%D0%B9%D0%BB%D0%B5%D1%80+-%D1%84%D0%B8%D0%BB%D1%8C%D0%BC+-movie+-mortal+-kombat+-official+video)', 'https://search.yahoo.com/search;_ylt=o884K500PW5JbfQkiLBgcmR8;_ylu=pqF6I4jPbRVPa78uV72hEsevcuDyLoIU_sU5y8Vz7uaQBh4?p=site%3Ayoutube.com%2Fwatch+%D0%BA%D1%80%D0%B8%D0%BF%D1%82%D0%B0+-crypttv+-%D1%82%D1%80%D0%B5%D0%B9%D0%BB%D0%B5%D1%80+-%D1%84%D0%B8%D0%BB%D1%8C%D0%BC+-movie+-mortal+-kombat+-official+video')
2026-04-13 15:36:07,268 | INFO | Thread-39 (process_youtube_trends) | [YouTube Trends] Пустой ответ по запросу: site:youtube.com/watch крипта -crypttv -трейлер -фильм -movie -mortal -kombat -official video
2026-04-13 15:36:07,268 | INFO | Thread-39 (process_youtube_trends) | [YouTube Trends] Запрос: site:youtube.com/watch крипта смотреть -crypttv -трейлер -фильм -movie -mortal -kombat -official video
2026-04-13 15:36:10,315 | INFO | Thread-39 (process_youtube_trends) | [YouTube Trends] Ошибка поиска (1/1): RequestError: RequestError('error sending request for url (https://search.yahoo.com/search;_ylt=bTv28M8W94PwtzaD6REU7lKg;_ylu=jmexmAPBt1lf-VEowTq6v4AlC-k-pjQWl-Fyys30f25YEMw?p=site%3Ayoutube.com%2Fwatch+%D0%BA%D1%80%D0%B8%D0%BF%D1%82%D0%B0+%D1%81%D0%BC%D0%BE%D1%82%D1%80%D0%B5%D1%82%D1%8C+-crypttv+-%D1%82%D1%80%D0%B5%D0%B9%D0%BB%D0%B5%D1%80+-%D1%84%D0%B8%D0%BB%D1%8C%D0%BC+-movie+-mortal+-kombat+-official+video)', 'https://search.yahoo.com/search;_ylt=bTv28M8W94PwtzaD6REU7lKg;_ylu=jmexmAPBt1lf-VEowTq6v4AlC-k-pjQWl-Fyys30f25YEMw?p=site%3Ayoutube.com%2Fwatch+%D0%BA%D1%80%D0%B8%D0%BF%D1%82%D0%B0+%D1%81%D0%BC%D0%BE%D1%82%D1%80%D0%B5%D1%82%D1%8C+-crypttv+-%D1%82%D1%80%D0%B5%D0%B9%D0%BB%D0%B5%D1%80+-%D1%84%D0%B8%D0%BB%D1%8C%D0%BC+-movie+-mortal+-kombat+-official+video')
2026-04-13 15:36:10,315 | INFO | Thread-39 (process_youtube_trends) | [YouTube Trends] Пустой ответ по запросу: site:youtube.com/watch крипта смотреть -crypttv -трейлер -фильм -movie -mortal -kombat -official video
2026-04-13 15:36:10,317 | INFO | Thread-39 (process_youtube_trends) | [YouTube Trends] Запрос: site:youtube.com/watch крипта видео -crypttv -трейлер -фильм -movie -mortal -kombat -official video
2026-04-13 15:36:15,333 | INFO | Thread-39 (process_youtube_trends) | [YouTube Trends] Ошибка поиска (1/1): ('error sending request for url (https://search.brave.com/search?q=site%3Ayoutube.com%2Fwatch+%D0%BA%D1%80%D0%B8%D0%BF%D1%82%D0%B0+%D0%B2%D0%B8%D0%B4%D0%B5%D0%BE+-crypttv+-%D1%82%D1%80%D0%B5%D0%B9%D0%BB%D0%B5%D1%80+-%D1%84%D0%B8%D0%BB%D1%8C%D0%BC+-movie+-mortal+-kombat+-official+video&source=web)', 'https://search.brave.com/search?q=site%3Ayoutube.com%2Fwatch+%D0%BA%D1%80%D0%B8%D0%BF%D1%82%D0%B0+%D0%B2%D0%B8%D0%B4%D0%B5%D0%BE+-crypttv+-%D1%82%D1%80%D0%B5%D0%B9%D0%BB%D0%B5%D1%80+-%D1%84%D0%B8%D0%BB%D1%8C%D0%BC+-movie+-mortal+-kombat+-official+video&source=web')
2026-04-13 15:36:15,334 | INFO | Thread-39 (process_youtube_trends) | [YouTube Trends] Пустой ответ по запросу: site:youtube.com/watch крипта видео -crypttv -трейлер -фильм -movie -mortal -kombat -official video
2026-04-13 15:36:15,335 | INFO | Thread-39 (process_youtube_trends) | [YouTube Trends] Запрос: site:youtube.com/watch крипта криптовалюта -crypttv -трейлер -фильм -movie -mortal -kombat -official video
2026-04-13 15:36:17,791 | INFO | Thread-39 (process_youtube_trends) | [YouTube Trends] Ошибка поиска (1/1): RequestError: RequestError('error sending request for url (https://search.yahoo.com/search;_ylt=WVjzsu-imPoIWRCW_Z3zi47z;_ylu=fZcAPkaSMXE_WT_4Bsw7kbDtQG0GzRsxTbKWxNKZy_saIN4?p=site%3Ayoutube.com%2Fwatch+%D0%BA%D1%80%D0%B8%D0%BF%D1%82%D0%B0+%D0%BA%D1%80%D0%B8%D0%BF%D1%82%D0%BE%D0%B2%D0%B0%D0%BB%D1%8E%D1%82%D0%B0+-crypttv+-%D1%82%D1%80%D0%B5%D0%B9%D0%BB%D0%B5%D1%80+-%D1%84%D0%B8%D0%BB%D1%8C%D0%BC+-movie+-mortal+-kombat+-official+video)', 'https://search.yahoo.com/search;_ylt=WVjzsu-imPoIWRCW_Z3zi47z;_ylu=fZcAPkaSMXE_WT_4Bsw7kbDtQG0GzRsxTbKWxNKZy_saIN4?p=site%3Ayoutube.com%2Fwatch+%D0%BA%D1%80%D0%B8%D0%BF%D1%82%D0%B0+%D0%BA%D1%80%D0%B8%D0%BF%D1%82%D0%BE%D0%B2%D0%B0%D0%BB%D1%8E%D1%82%D0%B0+-crypttv+-%D1%82%D1%80%D0%B5%D0%B9%D0%BB%D0%B5%D1%80+-%D1%84%D0%B8%D0%BB%D1%8C%D0%BC+-movie+-mortal+-kombat+-official+video')
2026-04-13 15:36:17,791 | INFO | Thread-39 (process_youtube_trends) | [YouTube Trends] Пустой ответ по запросу: site:youtube.com/watch крипта криптовалюта -crypttv -трейлер -фильм -movie -mortal -kombat -official video
2026-04-13 15:36:17,792 | INFO | Thread-39 (process_youtube_trends) | [YouTube Trends] Запрос: site:youtube.com/watch крипта биткоин -crypttv -трейлер -фильм -movie -mortal -kombat -official video
2026-04-13 15:36:21,572 | INFO | Thread-39 (process_youtube_trends) | [YouTube Trends] Сырых результатов: 1
2026-04-13 15:36:21,572 | INFO | Thread-39 (process_youtube_trends) | [YouTube Trends] Запрос: site:youtube.com/watch крипта обзор рынка -crypttv -трейлер -фильм -movie -mortal -kombat -official video
2026-04-13 15:36:23,833 | INFO | Thread-39 (process_youtube_trends) | [YouTube Trends] Ошибка поиска (1/1): No results found.
2026-04-13 15:36:23,833 | INFO | Thread-39 (process_youtube_trends) | [YouTube Trends] Пустой ответ по запросу: site:youtube.com/watch крипта обзор рынка -crypttv -трейлер -фильм -movie -mortal -kombat -official video
2026-04-13 15:36:23,833 | INFO | Thread-39 (process_youtube_trends) | [YouTube Trends] Ошибок поиска: 5
2026-04-13 15:36:23,835 | INFO | Thread-39 (process_youtube_trends) | [YouTube Trends] Итого: 0 видео
2026-04-13 15:36:27,128 | INFO | Thread-41 (process_youtube_trends) | [YouTube Trends] Поиск: query='крипта', max=100, lang=RU
2026-04-13 15:36:27,128 | INFO | Thread-41 (process_youtube_trends) | [YouTube Trends] Фильтры: duration=4-120min, subs=16000-1000000000
2026-04-13 15:36:27,128 | INFO | Thread-41 (process_youtube_trends) | [YouTube Trends] Параллельных запросов метаданных: 24
2026-04-13 15:36:27,128 | INFO | Thread-41 (process_youtube_trends) | [YouTube Trends] Повторов поискового запроса: 1
2026-04-13 15:36:27,131 | INFO | Thread-41 (process_youtube_trends) | [YouTube Trends] Запрос: site:youtube.com/watch крипта -crypttv -трейлер -фильм -movie -mortal -kombat -official video
2026-04-13 15:36:32,155 | INFO | Thread-41 (process_youtube_trends) | [YouTube Trends] Сырых результатов: 2
2026-04-13 15:36:32,156 | INFO | Thread-41 (process_youtube_trends) | [YouTube Trends] Запрос: site:youtube.com/watch крипта смотреть -crypttv -трейлер -фильм -movie -mortal -kombat -official video
2026-04-13 15:36:35,622 | INFO | Thread-41 (process_youtube_trends) | [YouTube Trends] Ошибка поиска (1/1): RequestError: RequestError('error sending request for url (https://search.yahoo.com/search;_ylt=OB1Yec6KY69KG2dFQ0GQ-ih2;_ylu=dSFxwhGdJZY01P5x9Lp4XkkIGQUGsSZDZzir1Z_j4oeB-ow?p=site%3Ayoutube.com%2Fwatch+%D0%BA%D1%80%D0%B8%D0%BF%D1%82%D0%B0+%D1%81%D0%BC%D0%BE%D1%82%D1%80%D0%B5%D1%82%D1%8C+-crypttv+-%D1%82%D1%80%D0%B5%D0%B9%D0%BB%D0%B5%D1%80+-%D1%84%D0%B8%D0%BB%D1%8C%D0%BC+-movie+-mortal+-kombat+-official+video)', 'https://search.yahoo.com/search;_ylt=OB1Yec6KY69KG2dFQ0GQ-ih2;_ylu=dSFxwhGdJZY01P5x9Lp4XkkIGQUGsSZDZzir1Z_j4oeB-ow?p=site%3Ayoutube.com%2Fwatch+%D0%BA%D1%80%D0%B8%D0%BF%D1%82%D0%B0+%D1%81%D0%BC%D0%BE%D1%82%D1%80%D0%B5%D1%82%D1%8C+-crypttv+-%D1%82%D1%80%D0%B5%D0%B9%D0%BB%D0%B5%D1%80+-%D1%84%D0%B8%D0%BB%D1%8C%D0%BC+-movie+-mortal+-kombat+-official+video')
2026-04-13 15:36:35,623 | INFO | Thread-41 (process_youtube_trends) | [YouTube Trends] Пустой ответ по запросу: site:youtube.com/watch крипта смотреть -crypttv -трейлер -фильм -movie -mortal -kombat -official video
2026-04-13 15:36:35,624 | INFO | Thread-41 (process_youtube_trends) | [YouTube Trends] Запрос: site:youtube.com/watch крипта видео -crypttv -трейлер -фильм -movie -mortal -kombat -official video
2026-04-13 15:36:37,706 | INFO | Thread-41 (process_youtube_trends) | [YouTube Trends] Ошибка поиска (1/1): RequestError: RequestError('error sending request for url (https://search.yahoo.com/search;_ylt=tULGmDTBBhezXYLp4Kzh0xc5;_ylu=wTYsa0AUvJja_XvxD7Jg3EfQyMAdHIXdDFzBuQWkKObprtM?p=site%3Ayoutube.com%2Fwatch+%D0%BA%D1%80%D0%B8%D0%BF%D1%82%D0%B0+%D0%B2%D0%B8%D0%B4%D0%B5%D0%BE+-crypttv+-%D1%82%D1%80%D0%B5%D0%B9%D0%BB%D0%B5%D1%80+-%D1%84%D0%B8%D0%BB%D1%8C%D0%BC+-movie+-mortal+-kombat+-official+video)', 'https://search.yahoo.com/search;_ylt=tULGmDTBBhezXYLp4Kzh0xc5;_ylu=wTYsa0AUvJja_XvxD7Jg3EfQyMAdHIXdDFzBuQWkKObprtM?p=site%3Ayoutube.com%2Fwatch+%D0%BA%D1%80%D0%B8%D0%BF%D1%82%D0%B0+%D0%B2%D0%B8%D0%B4%D0%B5%D0%BE+-crypttv+-%D1%82%D1%80%D0%B5%D0%B9%D0%BB%D0%B5%D1%80+-%D1%84%D0%B8%D0%BB%D1%8C%D0%BC+-movie+-mortal+-kombat+-official+video')
2026-04-13 15:36:37,707 | INFO | Thread-41 (process_youtube_trends) | [YouTube Trends] Пустой ответ по запросу: site:youtube.com/watch крипта видео -crypttv -трейлер -фильм -movie -mortal -kombat -official video
2026-04-13 15:36:37,707 | INFO | Thread-41 (process_youtube_trends) | [YouTube Trends] Запрос: site:youtube.com/watch крипта криптовалюта -crypttv -трейлер -фильм -movie -mortal -kombat -official video
2026-04-13 15:36:41,430 | INFO | Thread-41 (process_youtube_trends) | [YouTube Trends] Ошибка поиска (1/1): No results found.
2026-04-13 15:36:41,430 | INFO | Thread-41 (process_youtube_trends) | [YouTube Trends] Пустой ответ по запросу: site:youtube.com/watch крипта криптовалюта -crypttv -трейлер -фильм -movie -mortal -kombat -official video
2026-04-13 15:36:41,430 | INFO | Thread-41 (process_youtube_trends) | [YouTube Trends] Запрос: site:youtube.com/watch крипта биткоин -crypttv -трейлер -фильм -movie -mortal -kombat -official video
2026-04-13 15:36:44,267 | INFO | Thread-41 (process_youtube_trends) | [YouTube Trends] Ошибка поиска (1/1): RequestError: RequestError('error sending request for url (https://search.yahoo.com/search;_ylt=Dt_3xBhfQ55cPHtNMkPC-J0y;_ylu=SAllOWKRRs06tKiLp8FhDkJPD-OfFMh34cjhVC9_wCa1-oE?p=site%3Ayoutube.com%2Fwatch+%D0%BA%D1%80%D0%B8%D0%BF%D1%82%D0%B0+%D0%B1%D0%B8%D1%82%D0%BA%D0%BE%D0%B8%D0%BD+-crypttv+-%D1%82%D1%80%D0%B5%D0%B9%D0%BB%D0%B5%D1%80+-%D1%84%D0%B8%D0%BB%D1%8C%D0%BC+-movie+-mortal+-kombat+-official+video)', 'https://search.yahoo.com/search;_ylt=Dt_3xBhfQ55cPHtNMkPC-J0y;_ylu=SAllOWKRRs06tKiLp8FhDkJPD-OfFMh34cjhVC9_wCa1-oE?p=site%3Ayoutube.com%2Fwatch+%D0%BA%D1%80%D0%B8%D0%BF%D1%82%D0%B0+%D0%B1%D0%B8%D1%82%D0%BA%D0%BE%D0%B8%D0%BD+-crypttv+-%D1%82%D1%80%D0%B5%D0%B9%D0%BB%D0%B5%D1%80+-%D1%84%D0%B8%D0%BB%D1%8C%D0%BC+-movie+-mortal+-kombat+-official+video')
2026-04-13 15:36:44,268 | INFO | Thread-41 (process_youtube_trends) | [YouTube Trends] Пустой ответ по запросу: site:youtube.com/watch крипта биткоин -crypttv -трейлер -фильм -movie -mortal -kombat -official video
2026-04-13 15:36:44,269 | INFO | Thread-41 (process_youtube_trends) | [YouTube Trends] Запрос: site:youtube.com/watch крипта обзор рынка -crypttv -трейлер -фильм -movie -mortal -kombat -official video
2026-04-13 15:36:46,714 | INFO | Thread-41 (process_youtube_trends) | [YouTube Trends] Ошибка поиска (1/1): RequestError: RequestError('error sending request for url (https://search.yahoo.com/search;_ylt=yAH9k-HtsXAKXkjTGyYRx7gT;_ylu=OGY2Usifyydz0BEUPGXmWnH9PbGz_TR3Uta8ugQHbe8NXRI?p=site%3Ayoutube.com%2Fwatch+%D0%BA%D1%80%D0%B8%D0%BF%D1%82%D0%B0+%D0%BE%D0%B1%D0%B7%D0%BE%D1%80+%D1%80%D1%8B%D0%BD%D0%BA%D0%B0+-crypttv+-%D1%82%D1%80%D0%B5%D0%B9%D0%BB%D0%B5%D1%80+-%D1%84%D0%B8%D0%BB%D1%8C%D0%BC+-movie+-mortal+-kombat+-official+video)', 'https://search.yahoo.com/search;_ylt=yAH9k-HtsXAKXkjTGyYRx7gT;_ylu=OGY2Usifyydz0BEUPGXmWnH9PbGz_TR3Uta8ugQHbe8NXRI?p=site%3Ayoutube.com%2Fwatch+%D0%BA%D1%80%D0%B8%D0%BF%D1%82%D0%B0+%D0%BE%D0%B1%D0%B7%D0%BE%D1%80+%D1%80%D1%8B%D0%BD%D0%BA%D0%B0+-crypttv+-%D1%82%D1%80%D0%B5%D0%B9%D0%BB%D0%B5%D1%80+-%D1%84%D0%B8%D0%BB%D1%8C%D0%BC+-movie+-mortal+-kombat+-official+video')
2026-04-13 15:36:46,714 | INFO | Thread-41 (process_youtube_trends) | [YouTube Trends] Пустой ответ по запросу: site:youtube.com/watch крипта обзор рынка -crypttv -трейлер -фильм -movie -mortal -kombat -official video
2026-04-13 15:36:46,716 | INFO | Thread-41 (process_youtube_trends) | [YouTube Trends] Ошибок поиска: 5
2026-04-13 15:36:46,716 | INFO | Thread-41 (process_youtube_trends) | [YouTube Trends] Итого: 0 видео
2026-04-13 15:36:52,754 | INFO | Thread-45 (process_youtube_trends) | [YouTube Trends] Обнаружена кириллица в запросе — переключаю язык поиска на RU.
2026-04-13 15:36:52,755 | INFO | Thread-45 (process_youtube_trends) | [YouTube Trends] Поиск: query='крипта', max=100, lang=RU
2026-04-13 15:36:52,755 | INFO | Thread-45 (process_youtube_trends) | [YouTube Trends] Фильтры: duration=4-120min, subs=16000-1000000000
2026-04-13 15:36:52,755 | INFO | Thread-45 (process_youtube_trends) | [YouTube Trends] Параллельных запросов метаданных: 24
2026-04-13 15:36:52,756 | INFO | Thread-45 (process_youtube_trends) | [YouTube Trends] Повторов поискового запроса: 1
2026-04-13 15:36:52,756 | INFO | Thread-45 (process_youtube_trends) | [YouTube Trends] Запрос: site:youtube.com/watch крипта -crypttv -трейлер -фильм -movie -mortal -kombat -official video
2026-04-13 15:36:56,272 | INFO | Thread-45 (process_youtube_trends) | [YouTube Trends] Ошибка поиска (1/1): No results found.
2026-04-13 15:36:56,274 | INFO | Thread-45 (process_youtube_trends) | [YouTube Trends] Пустой ответ по запросу: site:youtube.com/watch крипта -crypttv -трейлер -фильм -movie -mortal -kombat -official video
2026-04-13 15:36:56,274 | INFO | Thread-45 (process_youtube_trends) | [YouTube Trends] Запрос: site:youtube.com/watch крипта смотреть -crypttv -трейлер -фильм -movie -mortal -kombat -official video
2026-04-13 15:36:59,246 | INFO | Thread-45 (process_youtube_trends) | [YouTube Trends] Ошибка поиска (1/1): RequestError: RequestError('error sending request for url (https://search.yahoo.com/search;_ylt=AM5KQSZwjw1RPUGD2wt0o9lc;_ylu=RAtjBPjYXTagux4AnUGtpCk93ogDtEtpxGnrmda74d8Us_U?p=site%3Ayoutube.com%2Fwatch+%D0%BA%D1%80%D0%B8%D0%BF%D1%82%D0%B0+%D1%81%D0%BC%D0%BE%D1%82%D1%80%D0%B5%D1%82%D1%8C+-crypttv+-%D1%82%D1%80%D0%B5%D0%B9%D0%BB%D0%B5%D1%80+-%D1%84%D0%B8%D0%BB%D1%8C%D0%BC+-movie+-mortal+-kombat+-official+video)', 'https://search.yahoo.com/search;_ylt=AM5KQSZwjw1RPUGD2wt0o9lc;_ylu=RAtjBPjYXTagux4AnUGtpCk93ogDtEtpxGnrmda74d8Us_U?p=site%3Ayoutube.com%2Fwatch+%D0%BA%D1%80%D0%B8%D0%BF%D1%82%D0%B0+%D1%81%D0%BC%D0%BE%D1%82%D1%80%D0%B5%D1%82%D1%8C+-crypttv+-%D1%82%D1%80%D0%B5%D0%B9%D0%BB%D0%B5%D1%80+-%D1%84%D0%B8%D0%BB%D1%8C%D0%BC+-movie+-mortal+-kombat+-official+video')
2026-04-13 15:36:59,247 | INFO | Thread-45 (process_youtube_trends) | [YouTube Trends] Пустой ответ по запросу: site:youtube.com/watch крипта смотреть -crypttv -трейлер -фильм -movie -mortal -kombat -official video
2026-04-13 15:36:59,248 | INFO | Thread-45 (process_youtube_trends) | [YouTube Trends] Запрос: site:youtube.com/watch крипта видео -crypttv -трейлер -фильм -movie -mortal -kombat -official video
2026-04-13 15:37:03,792 | INFO | Thread-45 (process_youtube_trends) | [YouTube Trends] Ошибка поиска (1/1): No results found.
2026-04-13 15:37:03,792 | INFO | Thread-45 (process_youtube_trends) | [YouTube Trends] Пустой ответ по запросу: site:youtube.com/watch крипта видео -crypttv -трейлер -фильм -movie -mortal -kombat -official video
2026-04-13 15:37:03,794 | INFO | Thread-45 (process_youtube_trends) | [YouTube Trends] Запрос: site:youtube.com/watch крипта криптовалюта -crypttv -трейлер -фильм -movie -mortal -kombat -official video
2026-04-13 15:37:04,877 | INFO | Thread-45 (process_youtube_trends) | [YouTube Trends] Сырых результатов: 1
2026-04-13 15:37:04,877 | INFO | Thread-45 (process_youtube_trends) | [YouTube Trends] Запрос: site:youtube.com/watch крипта биткоин -crypttv -трейлер -фильм -movie -mortal -kombat -official video
2026-04-13 15:37:06,596 | INFO | Thread-45 (process_youtube_trends) | [YouTube Trends] Ошибка поиска (1/1): No results found.
2026-04-13 15:37:06,597 | INFO | Thread-45 (process_youtube_trends) | [YouTube Trends] Пустой ответ по запросу: site:youtube.com/watch крипта биткоин -crypttv -трейлер -фильм -movie -mortal -kombat -official video
2026-04-13 15:37:06,597 | INFO | Thread-45 (process_youtube_trends) | [YouTube Trends] Запрос: site:youtube.com/watch крипта обзор рынка -crypttv -трейлер -фильм -movie -mortal -kombat -official video
2026-04-13 15:37:09,478 | INFO | Thread-45 (process_youtube_trends) | [YouTube Trends] Сырых результатов: 2
2026-04-13 15:37:09,478 | INFO | Thread-45 (process_youtube_trends) | [YouTube Trends] Ошибок поиска: 4
2026-04-13 15:37:09,480 | INFO | Thread-45 (process_youtube_trends) | [YouTube Trends] Итого: 0 видео
2026-04-13 15:37:24,902 | INFO | Thread-48 (process_youtube_trends) | [YouTube Trends] Поиск: query='Крипта', max=100, lang=RU
2026-04-13 15:37:24,903 | INFO | Thread-48 (process_youtube_trends) | [YouTube Trends] Фильтры: duration=4-120min, subs=16000-1000000000
2026-04-13 15:37:24,903 | INFO | Thread-48 (process_youtube_trends) | [YouTube Trends] Параллельных запросов метаданных: 24
2026-04-13 15:37:24,903 | INFO | Thread-48 (process_youtube_trends) | [YouTube Trends] Повторов поискового запроса: 1
2026-04-13 15:37:24,903 | INFO | Thread-48 (process_youtube_trends) | [YouTube Trends] Запрос: site:youtube.com/watch Крипта -crypttv -трейлер -фильм -movie -mortal -kombat -official video
2026-04-13 15:37:26,981 | INFO | Thread-48 (process_youtube_trends) | [YouTube Trends] Ошибка поиска (1/1): No results found.
2026-04-13 15:37:26,983 | INFO | Thread-48 (process_youtube_trends) | [YouTube Trends] Пустой ответ по запросу: site:youtube.com/watch Крипта -crypttv -трейлер -фильм -movie -mortal -kombat -official video
2026-04-13 15:37:26,983 | INFO | Thread-48 (process_youtube_trends) | [YouTube Trends] Запрос: site:youtube.com/watch Крипта смотреть -crypttv -трейлер -фильм -movie -mortal -kombat -official video
2026-04-13 15:37:28,355 | INFO | Thread-48 (process_youtube_trends) | [YouTube Trends] Ошибка поиска (1/1): No results found.
2026-04-13 15:37:28,357 | INFO | Thread-48 (process_youtube_trends) | [YouTube Trends] Пустой ответ по запросу: site:youtube.com/watch Крипта смотреть -crypttv -трейлер -фильм -movie -mortal -kombat -official video
2026-04-13 15:37:28,357 | INFO | Thread-48 (process_youtube_trends) | [YouTube Trends] Запрос: site:youtube.com/watch Крипта видео -crypttv -трейлер -фильм -movie -mortal -kombat -official video
2026-04-13 15:37:29,599 | INFO | Thread-48 (process_youtube_trends) | [YouTube Trends] Ошибка поиска (1/1): No results found.
2026-04-13 15:37:29,599 | INFO | Thread-48 (process_youtube_trends) | [YouTube Trends] Пустой ответ по запросу: site:youtube.com/watch Крипта видео -crypttv -трейлер -фильм -movie -mortal -kombat -official video
2026-04-13 15:37:29,601 | INFO | Thread-48 (process_youtube_trends) | [YouTube Trends] Запрос: site:youtube.com/watch Крипта криптовалюта -crypttv -трейлер -фильм -movie -mortal -kombat -official video
2026-04-13 15:37:31,232 | INFO | Thread-48 (process_youtube_trends) | [YouTube Trends] Ошибка поиска (1/1): No results found.
2026-04-13 15:37:31,233 | INFO | Thread-48 (process_youtube_trends) | [YouTube Trends] Пустой ответ по запросу: site:youtube.com/watch Крипта криптовалюта -crypttv -трейлер -фильм -movie -mortal -kombat -official video
2026-04-13 15:37:31,233 | INFO | Thread-48 (process_youtube_trends) | [YouTube Trends] Запрос: site:youtube.com/watch Крипта биткоин -crypttv -трейлер -фильм -movie -mortal -kombat -official video
2026-04-13 15:37:32,088 | INFO | Thread-48 (process_youtube_trends) | [YouTube Trends] Сырых результатов: 2
2026-04-13 15:37:32,089 | INFO | Thread-48 (process_youtube_trends) | [YouTube Trends] Запрос: site:youtube.com/watch Крипта обзор рынка -crypttv -трейлер -фильм -movie -mortal -kombat -official video
2026-04-13 15:37:34,622 | INFO | Thread-48 (process_youtube_trends) | [YouTube Trends] Ошибка поиска (1/1): RequestError: RequestError('error sending request for url (https://search.yahoo.com/search;_ylt=JZq7K1mjZdFCzP1_tYXS95wq;_ylu=ynQmVyeGRN8CWeKZHdgg3iIeYD6YA0GiggTPVuacZRSOYRA?p=site%3Ayoutube.com%2Fwatch+%D0%9A%D1%80%D0%B8%D0%BF%D1%82%D0%B0+%D0%BE%D0%B1%D0%B7%D0%BE%D1%80+%D1%80%D1%8B%D0%BD%D0%BA%D0%B0+-crypttv+-%D1%82%D1%80%D0%B5%D0%B9%D0%BB%D0%B5%D1%80+-%D1%84%D0%B8%D0%BB%D1%8C%D0%BC+-movie+-mortal+-kombat+-official+video)', 'https://search.yahoo.com/search;_ylt=JZq7K1mjZdFCzP1_tYXS95wq;_ylu=ynQmVyeGRN8CWeKZHdgg3iIeYD6YA0GiggTPVuacZRSOYRA?p=site%3Ayoutube.com%2Fwatch+%D0%9A%D1%80%D0%B8%D0%BF%D1%82%D0%B0+%D0%BE%D0%B1%D0%B7%D0%BE%D1%80+%D1%80%D1%8B%D0%BD%D0%BA%D0%B0+-crypttv+-%D1%82%D1%80%D0%B5%D0%B9%D0%BB%D0%B5%D1%80+-%D1%84%D0%B8%D0%BB%D1%8C%D0%BC+-movie+-mortal+-kombat+-official+video')
2026-04-13 15:37:34,624 | INFO | Thread-48 (process_youtube_trends) | [YouTube Trends] Пустой ответ по запросу: site:youtube.com/watch Крипта обзор рынка -crypttv -трейлер -фильм -movie -mortal -kombat -official video
2026-04-13 15:37:34,624 | INFO | Thread-48 (process_youtube_trends) | [YouTube Trends] Ошибок поиска: 5
2026-04-13 15:37:34,624 | INFO | Thread-48 (process_youtube_trends) | [YouTube Trends] Итого: 0 видео
2026-04-13 16:50:45,268 | INFO | Thread-21 (process_youtube_trends) | [YouTube Trends] РџРѕРёСЃРє: query='крипта', max=50, lang=RU
2026-04-13 16:50:45,268 | INFO | Thread-21 (process_youtube_trends) | [YouTube Trends] Р¤РёР»СЊС‚СЂС‹: duration=4-120min, subs=18000-10000000
2026-04-13 16:50:45,268 | INFO | Thread-21 (process_youtube_trends) | [YouTube Trends] РџР°СЂР°Р»Р»РµР»СЊРЅС‹С… Р·Р°РїСЂРѕСЃРѕРІ РјРµС‚Р°РґР°РЅРЅС‹С…: 24
2026-04-13 16:50:45,270 | INFO | Thread-21 (process_youtube_trends) | [YouTube Trends] РџРѕРІС‚РѕСЂРѕРІ РїРѕРёСЃРєРѕРІРѕРіРѕ Р·Р°РїСЂРѕСЃР°: 1
2026-04-13 16:50:45,270 | INFO | Thread-21 (process_youtube_trends) | [YouTube Trends] Проход 1/5 | Собрано 0/50 | x2
2026-04-13 16:50:45,270 | INFO | Thread-21 (process_youtube_trends) | [YouTube Trends] Р—Р°РїСЂРѕСЃ: site:youtube.com/watch крипта
2026-04-13 16:50:50,970 | INFO | Thread-21 (process_youtube_trends) | [YouTube Trends] РЎС‹СЂС‹С… СЂРµР·СѓР»СЊС‚Р°С‚РѕРІ: 32
2026-04-13 16:50:56,627 | INFO | Thread-21 (process_youtube_trends) | [YouTube Trends] РџСЂРѕРїСѓС‰РµРЅРѕ (РґР»РёС‚РµР»СЊРЅРѕСЃС‚СЊ): Snoop Dogg - Bitch Please ft. Xzibit - YouTube
2026-04-13 16:50:56,924 | INFO | Thread-21 (process_youtube_trends) | [YouTube Trends] РџСЂРѕРїСѓС‰РµРЅРѕ (РґР»РёС‚РµР»СЊРЅРѕСЃС‚СЊ): Крипта в 2026: вывел все деньги и что делаю дальше
2026-04-13 16:50:56,983 | INFO | Thread-21 (process_youtube_trends) | [YouTube Trends] РџСЂРѕРїСѓС‰РµРЅРѕ (РґР»РёС‚РµР»СЊРЅРѕСЃС‚СЊ): КриптаI Яндекс про Директ 2.0 - YouTube
2026-04-13 16:50:57,083 | INFO | Thread-21 (process_youtube_trends) | [YouTube Trends] РџСЂРѕРїСѓС‰РµРЅРѕ (РґР»РёС‚РµР»СЊРЅРѕСЃС‚СЊ): Threads That Speak: How The Inca Used Strings to C
2026-04-13 16:50:57,231 | INFO | Thread-21 (process_youtube_trends) | [YouTube Trends] РџСЂРѕРїСѓС‰РµРЅРѕ (РґР»РёС‚РµР»СЊРЅРѕСЃС‚СЊ): Цвет настроения красный...криптабыла для всех для.
2026-04-13 16:51:00,840 | INFO | Thread-21 (process_youtube_trends) | [YouTube Trends] РљР°РЅРґРёРґР°С‚ Р±РµР· РґР°РЅРЅС‹С… РїРѕ РїРѕРґРїРёСЃС‡РёРєР°Рј: Крипта в 2026: начинается то, чего никто не ждёт -
2026-04-13 16:51:00,923 | INFO | Thread-21 (process_youtube_trends) | [YouTube Trends] РљР°РЅРґРёРґР°С‚ Р±РµР· РґР°РЅРЅС‹С… РїРѕ РїРѕРґРїРёСЃС‡РёРєР°Рј: КРИПТА от А до Я: ВВОД-ВЫВОД / СПАСТИ РУБЛИ / МЕТА
2026-04-13 16:51:00,926 | INFO | Thread-21 (process_youtube_trends) | [YouTube Trends] РљР°РЅРґРёРґР°С‚ Р±РµР· РґР°РЅРЅС‹С… РїРѕ РїРѕРґРїРёСЃС‡РёРєР°Рј: Чиновники, аресты, санкции, многомиллиардные крахи
2026-04-13 16:51:00,979 | INFO | Thread-21 (process_youtube_trends) | [YouTube Trends] РљР°РЅРґРёРґР°С‚ Р±РµР· РґР°РЅРЅС‹С… РїРѕ РїРѕРґРїРёСЃС‡РёРєР°Рј: Крипта — ВСЕ? Куда идет Биткоин? Золото на ATH и с
2026-04-13 16:51:01,368 | INFO | Thread-21 (process_youtube_trends) | [YouTube Trends] РџСЂРѕРїСѓС‰РµРЅРѕ (РєР°РЅР°Р» СѓР¶Рµ РѕР±СЂР°Р±РѕС‚Р°РЅ): Крипта: как заработать НИЧЕГО не понимая? - YouTub
2026-04-13 16:51:01,537 | INFO | Thread-21 (process_youtube_trends) | [YouTube Trends] РљР°РЅРґРёРґР°С‚ Р±РµР· РґР°РЅРЅС‹С… РїРѕ РїРѕРґРїРёСЃС‡РёРєР°Рј: Крипта: как на ней зарабатывают и теряют миллионы?
2026-04-13 16:51:01,723 | INFO | Thread-21 (process_youtube_trends) | [YouTube Trends] РљР°РЅРґРёРґР°С‚ Р±РµР· РґР°РЅРЅС‹С… РїРѕ РїРѕРґРїРёСЃС‡РёРєР°Рј: Крипта для абсолютных новичков. Пошаговая инструкц
2026-04-13 16:51:01,888 | INFO | Thread-21 (process_youtube_trends) | [YouTube Trends] РљР°РЅРґРёРґР°С‚ Р±РµР· РґР°РЅРЅС‹С… РїРѕ РїРѕРґРїРёСЃС‡РёРєР°Рј: Как разобраться в крипте в 2026 году с нуля? С чег
2026-04-13 16:51:01,925 | INFO | Thread-21 (process_youtube_trends) | [YouTube Trends] РљР°РЅРґРёРґР°С‚ Р±РµР· РґР°РЅРЅС‹С… РїРѕ РїРѕРґРїРёСЃС‡РёРєР°Рј: Крипта 2025: деньги, за которыми приходят - YouTub
2026-04-13 16:51:02,000 | INFO | Thread-21 (process_youtube_trends) | [YouTube Trends] РљР°РЅРґРёРґР°С‚ Р±РµР· РґР°РЅРЅС‹С… РїРѕ РїРѕРґРїРёСЃС‡РёРєР°Рј: НОВЫЕ ПРАВИЛА ИГРЫ - Нефть, Крипта, Индексы - Что
2026-04-13 16:51:02,331 | INFO | Thread-21 (process_youtube_trends) | [YouTube Trends] РљР°РЅРґРёРґР°С‚ Р±РµР· РґР°РЅРЅС‹С… РїРѕ РїРѕРґРїРёСЃС‡РёРєР°Рј: 🚨КРИПТА СТАВИТЬ ДНО? 🔴 ЧОМУ НАТОВП ЗНОВУ ПОМИЛЯЄТЬ
2026-04-13 16:51:02,569 | INFO | Thread-21 (process_youtube_trends) | [YouTube Trends] РџСЂРѕРїСѓС‰РµРЅРѕ (РєР°РЅР°Р» СѓР¶Рµ РѕР±СЂР°Р±РѕС‚Р°РЅ): Создаю кошелёк своими руками. Понимайте крипту, а
2026-04-13 16:51:02,593 | INFO | Thread-21 (process_youtube_trends) | [YouTube Trends] РљР°РЅРґРёРґР°С‚ Р±РµР· РґР°РЅРЅС‹С… РїРѕ РїРѕРґРїРёСЃС‡РёРєР°Рј: 10 вопросов о крипте от зрителей. Мои честные отве
2026-04-13 16:51:03,753 | INFO | Thread-21 (process_youtube_trends) | [YouTube Trends] РљР°РЅРґРёРґР°С‚ Р±РµР· РґР°РЅРЅС‹С… РїРѕ РїРѕРґРїРёСЃС‡РёРєР°Рј: Крипта и обман: разоблачение схем, курсов и прогре
2026-04-13 16:51:05,127 | INFO | Thread-21 (process_youtube_trends) | [YouTube Trends] РљР°РЅРґРёРґР°С‚ Р±РµР· РґР°РЅРЅС‹С… РїРѕ РїРѕРґРїРёСЃС‡РёРєР°Рј: Как будут штрафовать закрипту? Рекордный дефицит..
2026-04-13 16:51:05,326 | INFO | Thread-21 (process_youtube_trends) | [YouTube Trends] РљР°РЅРґРёРґР°С‚ Р±РµР· РґР°РЅРЅС‹С… РїРѕ РїРѕРґРїРёСЃС‡РёРєР°Рј: КРИПТА. Начало - обзор настольной игры от Geek Med
2026-04-13 16:51:05,612 | INFO | Thread-21 (process_youtube_trends) | [YouTube Trends] РџСЂРѕРїСѓС‰РµРЅРѕ (РєР°РЅР°Р» СѓР¶Рµ РѕР±СЂР°Р±РѕС‚Р°РЅ): Как начать инвестировать в крипту в 2026 и не пожа
2026-04-13 16:51:05,903 | INFO | Thread-21 (process_youtube_trends) | [YouTube Trends] РљР°РЅРґРёРґР°С‚ Р±РµР· РґР°РЅРЅС‹С… РїРѕ РїРѕРґРїРёСЃС‡РёРєР°Рј: Крипта стала легальна в России! - YouTube
2026-04-13 16:51:06,360 | INFO | Thread-21 (process_youtube_trends) | [YouTube Trends] РџСЂРѕРїСѓС‰РµРЅРѕ (РєР°РЅР°Р» СѓР¶Рµ РѕР±СЂР°Р±РѕС‚Р°РЅ): Твоя крипта может быть «грязной». Даже если ты нич
2026-04-13 16:51:06,422 | INFO | Thread-21 (process_youtube_trends) | [YouTube Trends] РљР°РЅРґРёРґР°С‚ Р±РµР· РґР°РЅРЅС‹С… РїРѕ РїРѕРґРїРёСЃС‡РёРєР°Рј: План входа вкриптус нуля (2026) - YouTube
2026-04-13 16:51:06,458 | INFO | Thread-21 (process_youtube_trends) | [YouTube Trends] РљР°РЅРґРёРґР°С‚ Р±РµР· РґР°РЅРЅС‹С… РїРѕ РїРѕРґРїРёСЃС‡РёРєР°Рј: ФРС, доллар и крипта: что сейчас ломает рынок. Рек
2026-04-13 16:51:07,142 | INFO | Thread-21 (process_youtube_trends) | [YouTube Trends] РљР°РЅРґРёРґР°С‚ Р±РµР· РґР°РЅРЅС‹С… РїРѕ РїРѕРґРїРёСЃС‡РёРєР°Рј: Нетрезвый стрим #7 /Крипта, фиат и страны мира...
2026-04-13 16:51:07,142 | INFO | Thread-21 (process_youtube_trends) | [YouTube Trends] Р—Р°РїСЂРѕСЃ: site:youtube.com/watch крипта СЃРјРѕС‚СЂРµС‚СЊ
2026-04-13 16:51:10,724 | INFO | Thread-21 (process_youtube_trends) | [YouTube Trends] РЎС‹СЂС‹С… СЂРµР·СѓР»СЊС‚Р°С‚РѕРІ: 36
2026-04-13 16:51:11,533 | INFO | Thread-21 (process_youtube_trends) | [YouTube Trends] РџСЂРѕРїСѓС‰РµРЅРѕ (РєР°РЅР°Р» СѓР¶Рµ РѕР±СЂР°Р±РѕС‚Р°РЅ): SIM-подмена: как за 5 минут украсть номер и получи
2026-04-13 16:51:11,593 | INFO | Thread-21 (process_youtube_trends) | [YouTube Trends] РџСЂРѕРїСѓС‰РµРЅРѕ (РєР°РЅР°Р» СѓР¶Рµ РѕР±СЂР°Р±РѕС‚Р°РЅ): Это должен знать каждый новичок в крипте: INSTARDI
2026-04-13 16:51:11,707 | INFO | Thread-21 (process_youtube_trends) | [YouTube Trends] РџСЂРѕРїСѓС‰РµРЅРѕ (РєР°РЅР°Р» СѓР¶Рµ РѕР±СЂР°Р±РѕС‚Р°РЅ): Как мошенники воруют крипту, не взламывая кошельки
2026-04-13 16:51:12,052 | INFO | Thread-21 (process_youtube_trends) | [YouTube Trends] РџСЂРѕРїСѓС‰РµРЅРѕ (РґР»РёС‚РµР»СЊРЅРѕСЃС‚СЊ): Миф о лёгких деньгах в крипте — Не всё так просто
2026-04-13 16:51:12,173 | INFO | Thread-21 (process_youtube_trends) | [YouTube Trends] РџСЂРѕРїСѓС‰РµРЅРѕ (РєР°РЅР°Р» СѓР¶Рµ РѕР±СЂР°Р±РѕС‚Р°РЅ): Криптовалюта для начинающих. Путь новичка в крипте
2026-04-13 16:51:15,493 | INFO | Thread-21 (process_youtube_trends) | [YouTube Trends] РљР°РЅРґРёРґР°С‚ Р±РµР· РґР°РЅРЅС‹С… РїРѕ РїРѕРґРїРёСЃС‡РёРєР°Рј: окриптесо смыслами
2026-04-13 16:51:15,678 | INFO | Thread-21 (process_youtube_trends) | [YouTube Trends] РљР°РЅРґРёРґР°С‚ Р±РµР· РґР°РЅРЅС‹С… РїРѕ РїРѕРґРїРёСЃС‡РёРєР°Рј: ШОК ЖИВУ БЕЗ ДЕНЕГ 24 ЧАСА / ОплатаКРИПТОЙ...
2026-04-13 16:51:16,070 | INFO | Thread-21 (process_youtube_trends) | [YouTube Trends] РљР°РЅРґРёРґР°С‚ Р±РµР· РґР°РЅРЅС‹С… РїРѕ РїРѕРґРїРёСЃС‡РёРєР°Рј: Что такое криптовалюта для новичков? - YouTube
2026-04-13 16:51:16,118 | INFO | Thread-21 (process_youtube_trends) | [YouTube Trends] РљР°РЅРґРёРґР°С‚ Р±РµР· РґР°РЅРЅС‹С… РїРѕ РїРѕРґРїРёСЃС‡РёРєР°Рј: Вот почему на бирже НЕВОЗМОЖНО выиграть в долгую.
2026-04-13 16:51:16,464 | INFO | Thread-21 (process_youtube_trends) | [YouTube Trends] РљР°РЅРґРёРґР°С‚ Р±РµР· РґР°РЅРЅС‹С… РїРѕ РїРѕРґРїРёСЃС‡РёРєР°Рј: Что такое криптовалюта и как на ней заработать? Эн
2026-04-13 16:51:18,050 | INFO | Thread-21 (process_youtube_trends) | [YouTube Trends] РљР°РЅРґРёРґР°С‚ Р±РµР· РґР°РЅРЅС‹С… РїРѕ РїРѕРґРїРёСЃС‡РёРєР°Рј: ПЛАЧУКРИПТОЙВЕСЬ ДЕНЬ - YouTube
2026-04-13 16:51:18,347 | INFO | Thread-21 (process_youtube_trends) | [YouTube Trends] РљР°РЅРґРёРґР°С‚ Р±РµР· РґР°РЅРЅС‹С… РїРѕ РїРѕРґРїРёСЃС‡РёРєР°Рј: КРИПТОВАЛЮТА для НОВИЧКА от А до Я | Полный курс -
2026-04-13 16:51:19,548 | INFO | Thread-21 (process_youtube_trends) | [YouTube Trends] РљР°РЅРґРёРґР°С‚ Р±РµР· РґР°РЅРЅС‹С… РїРѕ РїРѕРґРїРёСЃС‡РёРєР°Рј: Разоблачаем мифы про крипту! Подкаст с экспертом С
2026-04-13 16:51:19,548 | INFO | Thread-21 (process_youtube_trends) | [YouTube Trends] Р—Р°РїСЂРѕСЃ: site:youtube.com/watch крипта РІРёРґРµРѕ
2026-04-13 16:51:21,399 | INFO | Thread-21 (process_youtube_trends) | [YouTube Trends] РЎС‹СЂС‹С… СЂРµР·СѓР»СЊС‚Р°С‚РѕРІ: 33
2026-04-13 16:51:23,769 | INFO | Thread-21 (process_youtube_trends) | [YouTube Trends] РџСЂРѕРїСѓС‰РµРЅРѕ (РєР°РЅР°Р» СѓР¶Рµ РѕР±СЂР°Р±РѕС‚Р°РЅ): Криптовалюта для начинающих: 100$ без опыта [инстр
2026-04-13 16:51:25,701 | INFO | Thread-21 (process_youtube_trends) | [YouTube Trends] РљР°РЅРґРёРґР°С‚ Р±РµР· РґР°РЅРЅС‹С… РїРѕ РїРѕРґРїРёСЃС‡РёРєР°Рј: ГРИВНЯ чи КРИПТА: що краще для ЗАОЩАДЖЕНЬ? - YouTu
2026-04-13 16:51:26,217 | INFO | Thread-21 (process_youtube_trends) | [YouTube Trends] РљР°РЅРґРёРґР°С‚ Р±РµР· РґР°РЅРЅС‹С… РїРѕ РїРѕРґРїРёСЃС‡РёРєР°Рј: Как СПАСТИ деньги. Биткоин РУХНЕТ до нуля. ПРАВДА
2026-04-13 16:51:26,742 | INFO | Thread-21 (process_youtube_trends) | [YouTube Trends] РљР°РЅРґРёРґР°С‚ Р±РµР· РґР°РЅРЅС‹С… РїРѕ РїРѕРґРїРёСЃС‡РёРєР°Рј: З Чого Почати Новачкові в Криптовалюті | Як Купити
2026-04-13 16:51:27,208 | INFO | Thread-21 (process_youtube_trends) | [YouTube Trends] РљР°РЅРґРёРґР°С‚ Р±РµР· РґР°РЅРЅС‹С… РїРѕ РїРѕРґРїРёСЃС‡РёРєР°Рј: За что экономисты ругают крипту? Экономически смыс
2026-04-13 16:51:27,546 | INFO | Thread-21 (process_youtube_trends) | [YouTube Trends] РљР°РЅРґРёРґР°С‚ Р±РµР· РґР°РЅРЅС‹С… РїРѕ РїРѕРґРїРёСЃС‡РёРєР°Рј: 🚨КРИПТА — Скільки Ще Падати?? Прогноз Біткоїн та А
2026-04-13 16:51:28,694 | INFO | Thread-21 (process_youtube_trends) | [YouTube Trends] РљР°РЅРґРёРґР°С‚ Р±РµР· РґР°РЅРЅС‹С… РїРѕ РїРѕРґРїРёСЃС‡РёРєР°Рј: Неудобная правда окрипте
2026-04-13 16:51:29,572 | INFO | Thread-21 (process_youtube_trends) | [YouTube Trends] РљР°РЅРґРёРґР°С‚ Р±РµР· РґР°РЅРЅС‹С… РїРѕ РїРѕРґРїРёСЃС‡РёРєР°Рј: Зима? Рост? Падение?Крипты- Моя Аналитика - YouTub
2026-04-13 16:51:31,372 | INFO | Thread-21 (process_youtube_trends) | [YouTube Trends] РљР°РЅРґРёРґР°С‚ Р±РµР· РґР°РЅРЅС‹С… РїРѕ РїРѕРґРїРёСЃС‡РёРєР°Рј: Возможности крипты в Казахстане. Что есть,а что ск
2026-04-13 16:51:33,300 | INFO | Thread-21 (process_youtube_trends) | [YouTube Trends] РљР°РЅРґРёРґР°С‚ Р±РµР· РґР°РЅРЅС‹С… РїРѕ РїРѕРґРїРёСЃС‡РёРєР°Рј: Криптовалюти: як працюють гроші, підкріплені матем
2026-04-13 16:51:33,773 | INFO | Thread-21 (process_youtube_trends) | [YouTube Trends] РљР°РЅРґРёРґР°С‚ Р±РµР· РґР°РЅРЅС‹С… РїРѕ РїРѕРґРїРёСЃС‡РёРєР°Рј: ТУПИК В ПЕРЕГОВОРАХ! ПОЧЕМУКРИПТАПОШЛА... - YouTub
2026-04-13 16:51:36,565 | INFO | Thread-21 (process_youtube_trends) | [YouTube Trends] РљР°РЅРґРёРґР°С‚ Р±РµР· РґР°РЅРЅС‹С… РїРѕ РїРѕРґРїРёСЃС‡РёРєР°Рј: НОВЫЙ ЗАКОН "ПОХОРОНИТ"КРИПТУВ РОССИИ?! - YouTube
2026-04-13 16:51:36,565 | INFO | Thread-21 (process_youtube_trends) | [YouTube Trends] Проход 2/5 | Собрано 0/50 | x4
2026-04-13 16:51:36,567 | INFO | Thread-21 (process_youtube_trends) | [YouTube Trends] Р—Р°РїСЂРѕСЃ: site:youtube.com/watch крипта
2026-04-13 16:51:39,761 | INFO | Thread-21 (process_youtube_trends) | [YouTube Trends] РЎС‹СЂС‹С… СЂРµР·СѓР»СЊС‚Р°С‚РѕРІ: 25
2026-04-13 16:51:47,411 | INFO | Thread-21 (process_youtube_trends) | [YouTube Trends] РљР°РЅРґРёРґР°С‚ Р±РµР· РґР°РЅРЅС‹С… РїРѕ РїРѕРґРїРёСЃС‡РёРєР°Рј: CRYPTA- From The Ashes (Official Video) | Napalm R
2026-04-13 16:51:47,464 | INFO | Thread-21 (process_youtube_trends) | [YouTube Trends] РљР°РЅРґРёРґР°С‚ Р±РµР· РґР°РЅРЅС‹С… РїРѕ РїРѕРґРїРёСЃС‡РёРєР°Рј: Почему НЕЛЬЗЯ обмениватькриптучерез... - YouTube
2026-04-13 16:51:47,465 | INFO | Thread-21 (process_youtube_trends) | [YouTube Trends] Р—Р°РїСЂРѕСЃ: site:youtube.com/watch крипта СЃРјРѕС‚СЂРµС‚СЊ
2026-04-13 16:51:49,305 | INFO | Thread-21 (process_youtube_trends) | [YouTube Trends] РЎС‹СЂС‹С… СЂРµР·СѓР»СЊС‚Р°С‚РѕРІ: 33
2026-04-13 16:51:49,306 | INFO | Thread-21 (process_youtube_trends) | [YouTube Trends] Р—Р°РїСЂРѕСЃ: site:youtube.com/watch крипта РІРёРґРµРѕ
2026-04-13 16:51:52,468 | INFO | Thread-21 (process_youtube_trends) | [YouTube Trends] РЎС‹СЂС‹С… СЂРµР·СѓР»СЊС‚Р°С‚РѕРІ: 26
2026-04-13 16:52:00,251 | INFO | Thread-21 (process_youtube_trends) | [YouTube Trends] РљР°РЅРґРёРґР°С‚ Р±РµР· РґР°РЅРЅС‹С… РїРѕ РїРѕРґРїРёСЃС‡РёРєР°Рј: КАК Я ПРОХЛОПАЛ 200 иксов накриптев этом году!
2026-04-13 16:52:00,803 | INFO | Thread-21 (process_youtube_trends) | [YouTube Trends] РљР°РЅРґРёРґР°С‚ Р±РµР· РґР°РЅРЅС‹С… РїРѕ РїРѕРґРїРёСЃС‡РёРєР°Рј: Вы поплатитесь за быструю работу цифрового... - Yo
2026-04-13 16:52:00,804 | INFO | Thread-21 (process_youtube_trends) | [YouTube Trends] Два прохода подряд без новых видео, завершаю добор.
2026-04-13 16:52:00,807 | INFO | Thread-21 (process_youtube_trends) | [YouTube Trends] Добор из unknown-subs: +41 (нужно было 50)
2026-04-13 16:52:00,807 | INFO | Thread-21 (process_youtube_trends) | [YouTube Trends] РС‚РѕРіРѕ: 41 РІРёРґРµРѕ
